month,country,publication,category,count,total_count,ratio,days_observed,days_in_month,complete_month
2016-01,"Hong Kong SAR, China",South China Morning Post,Developing,15,3433,0.004369356248179435,31,31,True
2016-02,"Hong Kong SAR, China",South China Morning Post,Developing,5,3031,0.001649620587264929,29,29,True
2016-03,"Hong Kong SAR, China",South China Morning Post,Developing,5,3536,0.001414027149321267,31,31,True
2016-04,"Hong Kong SAR, China",South China Morning Post,Developing,7,3295,0.0021244309559939304,30,30,True
2016-05,"Hong Kong SAR, China",South China Morning Post,Developing,21,3220,0.006521739130434782,31,31,True
2016-06,"Hong Kong SAR, China",South China Morning Post,Developing,14,3630,0.003856749311294766,30,30,True
2016-07,"Hong Kong SAR, China",South China Morning Post,Developing,15,3627,0.0041356492969396195,31,31,True
2016-08,"Hong Kong SAR, China",South China Morning Post,Developing,19,3892,0.004881808838643371,31,31,True
2016-09,"Hong Kong SAR, China",South China Morning Post,Developing,25,3867,0.006464959917248513,30,30,True
2016-10,"Hong Kong SAR, China",South China Morning Post,Developing,18,3360,0.005357142857142857,31,31,True
2016-11,"Hong Kong SAR, China",South China Morning Post,Developing,13,3112,0.004177377892030848,30,30,True
2016-12,"Hong Kong SAR, China",South China Morning Post,Developing,6,2643,0.0022701475595913734,31,31,True
2017-01,"Hong Kong SAR, China",South China Morning Post,Developing,14,3800,0.0036842105263157894,31,31,True
2017-02,"Hong Kong SAR, China",South China Morning Post,Developing,10,3503,0.0028546959748786756,28,28,True
2017-03,"Hong Kong SAR, China",South China Morning Post,Developing,13,4039,0.0032186184699182965,31,31,True
2017-04,"Hong Kong SAR, China",South China Morning Post,Developing,14,3518,0.003979533826037522,30,30,True
2017-05,"Hong Kong SAR, China",South China Morning Post,Developing,21,3622,0.005797901711761457,31,31,True
2017-06,"Hong Kong SAR, China",South China Morning Post,Developing,17,3937,0.004318008636017272,30,30,True
2017-07,"Hong Kong SAR, China",South China Morning Post,Developing,14,3776,0.003707627118644068,31,31,True
2017-08,"Hong Kong SAR, China",South China Morning Post,Developing,6,3849,0.001558846453624318,31,31,True
2017-09,"Hong Kong SAR, China",South China Morning Post,Developing,20,3093,0.006466214031684449,30,30,True
2017-10,"Hong Kong SAR, China",South China Morning Post,Developing,15,3317,0.004522158577027435,31,31,True
2017-11,"Hong Kong SAR, China",South China Morning Post,Developing,9,3525,0.002553191489361702,30,30,True
2017-12,"Hong Kong SAR, China",South China Morning Post,Developing,25,3651,0.006847439057792386,31,31,True
2018-01,"Hong Kong SAR, China",South China Morning Post,Developing,15,4021,0.0037304153195722458,31,31,True
2018-02,"Hong Kong SAR, China",South China Morning Post,Developing,5,3301,0.001514692517418964,28,28,True
2018-03,"Hong Kong SAR, China",South China Morning Post,Developing,18,3793,0.004745583970471922,31,31,True
2018-04,"Hong Kong SAR, China",South China Morning Post,Developing,16,3065,0.0052202283849918435,30,30,True
2018-05,"Hong Kong SAR, China",South China Morning Post,Developing,19,3752,0.005063965884861407,31,31,True
2018-06,"Hong Kong SAR, China",South China Morning Post,Developing,21,4064,0.00516732283464567,30,30,True
2018-07,"Hong Kong SAR, China",South China Morning Post,Developing,20,3850,0.005194805194805195,31,31,True
2018-08,"Hong Kong SAR, China",South China Morning Post,Developing,25,3801,0.006577216521967903,31,31,True
2018-09,"Hong Kong SAR, China",South China Morning Post,Developing,17,2000,0.0085,30,30,True
2018-10,"Hong Kong SAR, China",South China Morning Post,Developing,34,3168,0.010732323232323232,31,31,True
2018-11,"Hong Kong SAR, China",South China Morning Post,Developing,10,1579,0.006333122229259025,30,30,True
2018-12,"Hong Kong SAR, China",South China Morning Post,Developing,28,3779,0.0074093675575549085,31,31,True
2019-01,"Hong Kong SAR, China",South China Morning Post,Developing,21,3515,0.005974395448079659,31,31,True
2019-02,"Hong Kong SAR, China",South China Morning Post,Developing,9,3354,0.0026833631484794273,28,28,True
2019-03,"Hong Kong SAR, China",South China Morning Post,Developing,5,3700,0.0013513513513513514,31,31,True
2019-04,"Hong Kong SAR, China",South China Morning Post,Developing,7,3497,0.0020017157563625965,30,30,True
2019-05,"Hong Kong SAR, China",South China Morning Post,Developing,3,3623,0.0008280430582390284,31,31,True
2019-06,"Hong Kong SAR, China",South China Morning Post,Developing,3,3417,0.000877963125548727,30,30,True
2019-07,"Hong Kong SAR, China",South China Morning Post,Developing,3,3485,0.000860832137733142,31,31,True
2019-08,"Hong Kong SAR, China",South China Morning Post,Developing,1,3595,0.0002781641168289291,31,31,True
2019-09,"Hong Kong SAR, China",South China Morning Post,Developing,3,3583,0.0008372871895060006,30,30,True
2019-10,"Hong Kong SAR, China",South China Morning Post,Developing,0,3556,0.0,31,31,True
2019-11,"Hong Kong SAR, China",South China Morning Post,Developing,2,3516,0.0005688282138794084,30,30,True
2019-12,"Hong Kong SAR, China",South China Morning Post,Developing,9,3374,0.0026674570243034974,31,31,True
2020-01,"Hong Kong SAR, China",South China Morning Post,Developing,3,3566,0.0008412787436904094,31,31,True
2020-02,"Hong Kong SAR, China",South China Morning Post,Developing,1,2149,0.00046533271288971617,29,29,True
2020-03,"Hong Kong SAR, China",South China Morning Post,Developing,3,3232,0.0009282178217821782,31,31,True
2020-04,"Hong Kong SAR, China",South China Morning Post,Developing,3,3516,0.0008532423208191126,30,30,True
2020-05,"Hong Kong SAR, China",South China Morning Post,Developing,2,3572,0.0005599104143337066,31,31,True
2020-06,"Hong Kong SAR, China",South China Morning Post,Developing,5,3555,0.0014064697609001407,30,30,True
2020-07,"Hong Kong SAR, China",South China Morning Post,Developing,6,3581,0.0016755096341803965,31,31,True
2020-08,"Hong Kong SAR, China",South China Morning Post,Developing,3,3522,0.0008517887563884157,31,31,True
2020-09,"Hong Kong SAR, China",South China Morning Post,Developing,3,3538,0.0008479366873940079,30,30,True
2020-10,"Hong Kong SAR, China",South China Morning Post,Developing,7,3829,0.0018281535648994515,31,31,True
2020-11,"Hong Kong SAR, China",South China Morning Post,Developing,8,3569,0.002241524236480807,30,30,True
2020-12,"Hong Kong SAR, China",South China Morning Post,Developing,10,3452,0.0028968713789107765,31,31,True
2021-01,"Hong Kong SAR, China",South China Morning Post,Developing,2,3347,0.0005975500448162533,31,31,True
2021-02,"Hong Kong SAR, China",South China Morning Post,Developing,4,2887,0.0013855213023900243,28,28,True
2021-03,"Hong Kong SAR, China",South China Morning Post,Developing,2,3509,0.0005699629524080935,31,31,True
2021-04,"Hong Kong SAR, China",South China Morning Post,Developing,5,3282,0.0015234613040828763,30,30,True
2021-05,"Hong Kong SAR, China",South China Morning Post,Developing,7,3225,0.0021705426356589145,31,31,True
2021-06,"Hong Kong SAR, China",South China Morning Post,Developing,5,3203,0.0015610365282547611,30,30,True
2021-07,"Hong Kong SAR, China",South China Morning Post,Developing,6,3407,0.0017610801291458762,31,31,True
2021-08,"Hong Kong SAR, China",South China Morning Post,Developing,3,3059,0.0009807126511932004,31,31,True
2021-09,"Hong Kong SAR, China",South China Morning Post,Developing,9,3144,0.0028625954198473282,30,30,True
2021-10,"Hong Kong SAR, China",South China Morning Post,Developing,11,3001,0.0036654448517160947,31,31,True
2021-11,"Hong Kong SAR, China",South China Morning Post,Developing,10,2920,0.003424657534246575,30,30,True
2021-12,"Hong Kong SAR, China",South China Morning Post,Developing,8,2893,0.00276529554096094,31,31,True
2022-01,"Hong Kong SAR, China",South China Morning Post,Developing,3,3053,0.000982640026203734,31,31,True
2022-02,"Hong Kong SAR, China",South China Morning Post,Developing,1,2814,0.00035536602700781805,28,28,True
2022-03,"Hong Kong SAR, China",South China Morning Post,Developing,6,3276,0.0018315018315018315,31,31,True
2022-04,"Hong Kong SAR, China",South China Morning Post,Developing,4,2486,0.0016090104585679806,30,30,True
2022-05,"Hong Kong SAR, China",South China Morning Post,Developing,4,3202,0.0012492192379762648,31,31,True
2022-06,"Hong Kong SAR, China",South China Morning Post,Developing,13,3211,0.004048582995951417,30,30,True
2022-07,"Hong Kong SAR, China",South China Morning Post,Developing,3,3002,0.000999333777481679,31,31,True
2022-08,"Hong Kong SAR, China",South China Morning Post,Developing,5,3081,0.0016228497241155468,31,31,True
2022-09,"Hong Kong SAR, China",South China Morning Post,Developing,4,2982,0.0013413816230717639,30,30,True
2022-10,"Hong Kong SAR, China",South China Morning Post,Developing,10,3005,0.0033277870216306157,31,31,True
2022-11,"Hong Kong SAR, China",South China Morning Post,Developing,7,3111,0.0022500803600128574,30,30,True
2022-12,"Hong Kong SAR, China",South China Morning Post,Developing,6,3041,0.0019730351857941467,31,31,True
2023-01,"Hong Kong SAR, China",South China Morning Post,Developing,4,3008,0.0013297872340425532,31,31,True
2023-02,"Hong Kong SAR, China",South China Morning Post,Developing,8,2826,0.0028308563340410475,28,28,True
2023-03,"Hong Kong SAR, China",South China Morning Post,Developing,6,3216,0.0018656716417910447,31,31,True
2023-04,"Hong Kong SAR, China",South China Morning Post,Developing,5,2925,0.0017094017094017094,30,30,True
2023-05,"Hong Kong SAR, China",South China Morning Post,Developing,7,3127,0.002238567316917173,31,31,True
2023-06,"Hong Kong SAR, China",South China Morning Post,Developing,8,3000,0.0026666666666666666,30,30,True
2023-07,"Hong Kong SAR, China",South China Morning Post,Developing,5,2986,0.0016744809109176155,31,31,True
2023-08,"Hong Kong SAR, China",South China Morning Post,Developing,13,2973,0.004372687521022536,31,31,True
2023-09,"Hong Kong SAR, China",South China Morning Post,Developing,44,2912,0.01510989010989011,30,30,True
2023-10,"Hong Kong SAR, China",South China Morning Post,Developing,28,2623,0.01067479984750286,31,31,True
2023-11,"Hong Kong SAR, China",South China Morning Post,Developing,25,2799,0.008931761343336906,30,30,True
2023-12,"Hong Kong SAR, China",South China Morning Post,Developing,34,2930,0.011604095563139932,31,31,True
2024-01,"Hong Kong SAR, China",South China Morning Post,Developing,34,3085,0.011021069692058346,31,31,True
2024-02,"Hong Kong SAR, China",South China Morning Post,Developing,20,2636,0.007587253414264037,29,29,True
2024-03,"Hong Kong SAR, China",South China Morning Post,Developing,30,3209,0.009348706762231224,31,31,True
2024-04,"Hong Kong SAR, China",South China Morning Post,Developing,16,3073,0.005206638464041653,30,30,True
2024-05,"Hong Kong SAR, China",South China Morning Post,Developing,32,3332,0.009603841536614645,31,31,True
2024-06,"Hong Kong SAR, China",South China Morning Post,Developing,21,3242,0.006477483035163479,30,30,True
2024-07,"Hong Kong SAR, China",South China Morning Post,Developing,31,3504,0.00884703196347032,31,31,True
2024-08,"Hong Kong SAR, China",South China Morning Post,Developing,23,3466,0.006635891517599538,31,31,True
2024-09,"Hong Kong SAR, China",South China Morning Post,Developing,8,3367,0.002376002376002376,30,30,True
2024-10,"Hong Kong SAR, China",South China Morning Post,Developing,11,3475,0.0031654676258992807,31,31,True
2024-11,"Hong Kong SAR, China",South China Morning Post,Developing,12,3519,0.0034100596760443308,30,30,True
2024-12,"Hong Kong SAR, China",South China Morning Post,Developing,3,3552,0.0008445945945945946,31,31,True
2025-01,"Hong Kong SAR, China",South China Morning Post,Developing,5,3436,0.0014551804423748546,31,31,True
2025-02,"Hong Kong SAR, China",South China Morning Post,Developing,7,3166,0.0022109917877447885,28,28,True
2025-03,"Hong Kong SAR, China",South China Morning Post,Developing,7,3515,0.001991465149359886,31,31,True
2025-04,"Hong Kong SAR, China",South China Morning Post,Developing,7,3425,0.0020437956204379564,30,30,True
2025-05,"Hong Kong SAR, China",South China Morning Post,Developing,8,3324,0.0024067388688327317,31,31,True
2025-06,"Hong Kong SAR, China",South China Morning Post,Developing,7,2420,0.002892561983471074,30,30,True
2025-07,"Hong Kong SAR, China",South China Morning Post,Developing,4,2586,0.0015467904098994587,31,31,True
2025-08,"Hong Kong SAR, China",South China Morning Post,Developing,3,2975,0.0010084033613445378,31,31,True
2025-09,"Hong Kong SAR, China",South China Morning Post,Developing,8,3122,0.0025624599615631004,30,30,True
2025-10,"Hong Kong SAR, China",South China Morning Post,Developing,7,3273,0.0021387106630003055,31,31,True
2025-11,"Hong Kong SAR, China",South China Morning Post,Developing,8,3124,0.002560819462227913,30,30,True
2025-12,"Hong Kong SAR, China",South China Morning Post,Developing,5,3151,0.0015867978419549348,31,31,True
2026-01,"Hong Kong SAR, China",South China Morning Post,Developing,2,3156,0.0006337135614702154,31,31,True
2026-02,"Hong Kong SAR, China",South China Morning Post,Developing,3,2669,0.0011240164855751218,28,28,True
2026-03,"Hong Kong SAR, China",South China Morning Post,Developing,7,3110,0.0022508038585209,31,31,True
2026-04,"Hong Kong SAR, China",South China Morning Post,Developing,7,2991,0.002340354396522902,30,30,True
2026-05,"Hong Kong SAR, China",South China Morning Post,Developing,3,3040,0.000986842105263158,31,31,True
2026-06,"Hong Kong SAR, China",South China Morning Post,Developing,1,3016,0.0003315649867374005,30,30,True
2026-07,"Hong Kong SAR, China",South China Morning Post,Developing,9,3165,0.002843601895734597,31,31,True
2026-08,"Hong Kong SAR, China",South China Morning Post,Developing,0,9,0.0,1,31,False
2016-01,"Hong Kong SAR, China",South China Morning Post,High income,1,3433,0.00029129041654529564,31,31,True
2016-02,"Hong Kong SAR, China",South China Morning Post,High income,1,3031,0.0003299241174529858,29,29,True
2016-03,"Hong Kong SAR, China",South China Morning Post,High income,3,3536,0.0008484162895927602,31,31,True
2016-04,"Hong Kong SAR, China",South China Morning Post,High income,1,3295,0.00030349013657056146,30,30,True
2016-05,"Hong Kong SAR, China",South China Morning Post,High income,1,3220,0.00031055900621118014,31,31,True
2016-06,"Hong Kong SAR, China",South China Morning Post,High income,0,3630,0.0,30,30,True
2016-07,"Hong Kong SAR, China",South China Morning Post,High income,1,3627,0.00027570995312930797,31,31,True
2016-08,"Hong Kong SAR, China",South China Morning Post,High income,1,3892,0.00025693730729701953,31,31,True
2016-09,"Hong Kong SAR, China",South China Morning Post,High income,1,3867,0.0002585983966899405,30,30,True
2016-10,"Hong Kong SAR, China",South China Morning Post,High income,0,3360,0.0,31,31,True
2016-11,"Hong Kong SAR, China",South China Morning Post,High income,1,3112,0.00032133676092544985,30,30,True
2016-12,"Hong Kong SAR, China",South China Morning Post,High income,0,2643,0.0,31,31,True
2017-01,"Hong Kong SAR, China",South China Morning Post,High income,1,3800,0.0002631578947368421,31,31,True
2017-02,"Hong Kong SAR, China",South China Morning Post,High income,3,3503,0.0008564087924636027,28,28,True
2017-03,"Hong Kong SAR, China",South China Morning Post,High income,2,4039,0.0004951720722951226,31,31,True
2017-04,"Hong Kong SAR, China",South China Morning Post,High income,0,3518,0.0,30,30,True
2017-05,"Hong Kong SAR, China",South China Morning Post,High income,3,3622,0.0008282716731087797,31,31,True
2017-06,"Hong Kong SAR, China",South China Morning Post,High income,1,3937,0.000254000508001016,30,30,True
2017-07,"Hong Kong SAR, China",South China Morning Post,High income,1,3776,0.00026483050847457627,31,31,True
2017-08,"Hong Kong SAR, China",South China Morning Post,High income,1,3849,0.0002598077422707197,31,31,True
2017-09,"Hong Kong SAR, China",South China Morning Post,High income,1,3093,0.00032331070158422246,30,30,True
2017-10,"Hong Kong SAR, China",South China Morning Post,High income,2,3317,0.0006029544769369913,31,31,True
2017-11,"Hong Kong SAR, China",South China Morning Post,High income,0,3525,0.0,30,30,True
2017-12,"Hong Kong SAR, China",South China Morning Post,High income,1,3651,0.0002738975623116954,31,31,True
2018-01,"Hong Kong SAR, China",South China Morning Post,High income,1,4021,0.0002486943546381497,31,31,True
2018-02,"Hong Kong SAR, China",South China Morning Post,High income,0,3301,0.0,28,28,True
2018-03,"Hong Kong SAR, China",South China Morning Post,High income,0,3793,0.0,31,31,True
2018-04,"Hong Kong SAR, China",South China Morning Post,High income,0,3065,0.0,30,30,True
2018-05,"Hong Kong SAR, China",South China Morning Post,High income,3,3752,0.0007995735607675906,31,31,True
2018-06,"Hong Kong SAR, China",South China Morning Post,High income,1,4064,0.00024606299212598425,30,30,True
2018-07,"Hong Kong SAR, China",South China Morning Post,High income,1,3850,0.00025974025974025974,31,31,True
2018-08,"Hong Kong SAR, China",South China Morning Post,High income,2,3801,0.0005261773217574323,31,31,True
2018-09,"Hong Kong SAR, China",South China Morning Post,High income,2,2000,0.001,30,30,True
2018-10,"Hong Kong SAR, China",South China Morning Post,High income,1,3168,0.0003156565656565657,31,31,True
2018-11,"Hong Kong SAR, China",South China Morning Post,High income,1,1579,0.0006333122229259025,30,30,True
2018-12,"Hong Kong SAR, China",South China Morning Post,High income,3,3779,0.0007938608097380259,31,31,True
2019-01,"Hong Kong SAR, China",South China Morning Post,High income,0,3515,0.0,31,31,True
2019-02,"Hong Kong SAR, China",South China Morning Post,High income,2,3354,0.0005963029218843172,28,28,True
2019-03,"Hong Kong SAR, China",South China Morning Post,High income,1,3700,0.0002702702702702703,31,31,True
2019-04,"Hong Kong SAR, China",South China Morning Post,High income,0,3497,0.0,30,30,True
2019-05,"Hong Kong SAR, China",South China Morning Post,High income,1,3623,0.0002760143527463428,31,31,True
2019-06,"Hong Kong SAR, China",South China Morning Post,High income,0,3417,0.0,30,30,True
2019-07,"Hong Kong SAR, China",South China Morning Post,High income,0,3485,0.0,31,31,True
2019-08,"Hong Kong SAR, China",South China Morning Post,High income,0,3595,0.0,31,31,True
2019-09,"Hong Kong SAR, China",South China Morning Post,High income,1,3583,0.00027909572983533354,30,30,True
2019-10,"Hong Kong SAR, China",South China Morning Post,High income,0,3556,0.0,31,31,True
2019-11,"Hong Kong SAR, China",South China Morning Post,High income,0,3516,0.0,30,30,True
2019-12,"Hong Kong SAR, China",South China Morning Post,High income,0,3374,0.0,31,31,True
2020-01,"Hong Kong SAR, China",South China Morning Post,High income,0,3566,0.0,31,31,True
2020-02,"Hong Kong SAR, China",South China Morning Post,High income,0,2149,0.0,29,29,True
2020-03,"Hong Kong SAR, China",South China Morning Post,High income,0,3232,0.0,31,31,True
2020-04,"Hong Kong SAR, China",South China Morning Post,High income,0,3516,0.0,30,30,True
2020-05,"Hong Kong SAR, China",South China Morning Post,High income,0,3572,0.0,31,31,True
2020-06,"Hong Kong SAR, China",South China Morning Post,High income,1,3555,0.00028129395218002813,30,30,True
2020-07,"Hong Kong SAR, China",South China Morning Post,High income,0,3581,0.0,31,31,True
2020-08,"Hong Kong SAR, China",South China Morning Post,High income,0,3522,0.0,31,31,True
2020-09,"Hong Kong SAR, China",South China Morning Post,High income,0,3538,0.0,30,30,True
2020-10,"Hong Kong SAR, China",South China Morning Post,High income,1,3829,0.00026116479498563595,31,31,True
2020-11,"Hong Kong SAR, China",South China Morning Post,High income,2,3569,0.0005603810591202018,30,30,True
2020-12,"Hong Kong SAR, China",South China Morning Post,High income,0,3452,0.0,31,31,True
2021-01,"Hong Kong SAR, China",South China Morning Post,High income,0,3347,0.0,31,31,True
2021-02,"Hong Kong SAR, China",South China Morning Post,High income,0,2887,0.0,28,28,True
2021-03,"Hong Kong SAR, China",South China Morning Post,High income,0,3509,0.0,31,31,True
2021-04,"Hong Kong SAR, China",South China Morning Post,High income,1,3282,0.0003046922608165753,30,30,True
2021-05,"Hong Kong SAR, China",South China Morning Post,High income,1,3225,0.000310077519379845,31,31,True
2021-06,"Hong Kong SAR, China",South China Morning Post,High income,0,3203,0.0,30,30,True
2021-07,"Hong Kong SAR, China",South China Morning Post,High income,1,3407,0.000293513354857646,31,31,True
2021-08,"Hong Kong SAR, China",South China Morning Post,High income,0,3059,0.0,31,31,True
2021-09,"Hong Kong SAR, China",South China Morning Post,High income,1,3144,0.0003180661577608143,30,30,True
2021-10,"Hong Kong SAR, China",South China Morning Post,High income,0,3001,0.0,31,31,True
2021-11,"Hong Kong SAR, China",South China Morning Post,High income,1,2920,0.00034246575342465754,30,30,True
2021-12,"Hong Kong SAR, China",South China Morning Post,High income,0,2893,0.0,31,31,True
2022-01,"Hong Kong SAR, China",South China Morning Post,High income,1,3053,0.00032754667540124465,31,31,True
2022-02,"Hong Kong SAR, China",South China Morning Post,High income,0,2814,0.0,28,28,True
2022-03,"Hong Kong SAR, China",South China Morning Post,High income,0,3276,0.0,31,31,True
2022-04,"Hong Kong SAR, China",South China Morning Post,High income,0,2486,0.0,30,30,True
2022-05,"Hong Kong SAR, China",South China Morning Post,High income,1,3202,0.0003123048094940662,31,31,True
2022-06,"Hong Kong SAR, China",South China Morning Post,High income,0,3211,0.0,30,30,True
2022-07,"Hong Kong SAR, China",South China Morning Post,High income,0,3002,0.0,31,31,True
2022-08,"Hong Kong SAR, China",South China Morning Post,High income,0,3081,0.0,31,31,True
2022-09,"Hong Kong SAR, China",South China Morning Post,High income,0,2982,0.0,30,30,True
2022-10,"Hong Kong SAR, China",South China Morning Post,High income,0,3005,0.0,31,31,True
2022-11,"Hong Kong SAR, China",South China Morning Post,High income,0,3111,0.0,30,30,True
2022-12,"Hong Kong SAR, China",South China Morning Post,High income,0,3041,0.0,31,31,True
2023-01,"Hong Kong SAR, China",South China Morning Post,High income,0,3008,0.0,31,31,True
2023-02,"Hong Kong SAR, China",South China Morning Post,High income,0,2826,0.0,28,28,True
2023-03,"Hong Kong SAR, China",South China Morning Post,High income,1,3216,0.0003109452736318408,31,31,True
2023-04,"Hong Kong SAR, China",South China Morning Post,High income,3,2925,0.0010256410256410256,30,30,True
2023-05,"Hong Kong SAR, China",South China Morning Post,High income,0,3127,0.0,31,31,True
2023-06,"Hong Kong SAR, China",South China Morning Post,High income,1,3000,0.0003333333333333333,30,30,True
2023-07,"Hong Kong SAR, China",South China Morning Post,High income,0,2986,0.0,31,31,True
2023-08,"Hong Kong SAR, China",South China Morning Post,High income,0,2973,0.0,31,31,True
2023-09,"Hong Kong SAR, China",South China Morning Post,High income,0,2912,0.0,30,30,True
2023-10,"Hong Kong SAR, China",South China Morning Post,High income,3,2623,0.001143728555089592,31,31,True
2023-11,"Hong Kong SAR, China",South China Morning Post,High income,1,2799,0.0003572704537334762,30,30,True
2023-12,"Hong Kong SAR, China",South China Morning Post,High income,2,2930,0.0006825938566552901,31,31,True
2024-01,"Hong Kong SAR, China",South China Morning Post,High income,1,3085,0.00032414910858995135,31,31,True
2024-02,"Hong Kong SAR, China",South China Morning Post,High income,1,2636,0.00037936267071320183,29,29,True
2024-03,"Hong Kong SAR, China",South China Morning Post,High income,5,3209,0.0015581177937052041,31,31,True
2024-04,"Hong Kong SAR, China",South China Morning Post,High income,3,3073,0.0009762447120078099,30,30,True
2024-05,"Hong Kong SAR, China",South China Morning Post,High income,5,3332,0.0015006002400960385,31,31,True
2024-06,"Hong Kong SAR, China",South China Morning Post,High income,1,3242,0.00030845157310302283,30,30,True
2024-07,"Hong Kong SAR, China",South China Morning Post,High income,2,3504,0.0005707762557077625,31,31,True
2024-08,"Hong Kong SAR, China",South China Morning Post,High income,2,3466,0.0005770340450086555,31,31,True
2024-09,"Hong Kong SAR, China",South China Morning Post,High income,0,3367,0.0,30,30,True
2024-10,"Hong Kong SAR, China",South China Morning Post,High income,0,3475,0.0,31,31,True
2024-11,"Hong Kong SAR, China",South China Morning Post,High income,0,3519,0.0,30,30,True
2024-12,"Hong Kong SAR, China",South China Morning Post,High income,0,3552,0.0,31,31,True
2025-01,"Hong Kong SAR, China",South China Morning Post,High income,0,3436,0.0,31,31,True
2025-02,"Hong Kong SAR, China",South China Morning Post,High income,0,3166,0.0,28,28,True
2025-03,"Hong Kong SAR, China",South China Morning Post,High income,0,3515,0.0,31,31,True
2025-04,"Hong Kong SAR, China",South China Morning Post,High income,0,3425,0.0,30,30,True
2025-05,"Hong Kong SAR, China",South China Morning Post,High income,1,3324,0.00030084235860409147,31,31,True
2025-06,"Hong Kong SAR, China",South China Morning Post,High income,1,2420,0.00041322314049586776,30,30,True
2025-07,"Hong Kong SAR, China",South China Morning Post,High income,2,2586,0.0007733952049497294,31,31,True
2025-08,"Hong Kong SAR, China",South China Morning Post,High income,0,2975,0.0,31,31,True
2025-09,"Hong Kong SAR, China",South China Morning Post,High income,0,3122,0.0,30,30,True
2025-10,"Hong Kong SAR, China",South China Morning Post,High income,0,3273,0.0,31,31,True
2025-11,"Hong Kong SAR, China",South China Morning Post,High income,1,3124,0.0003201024327784891,30,30,True
2025-12,"Hong Kong SAR, China",South China Morning Post,High income,0,3151,0.0,31,31,True
2026-01,"Hong Kong SAR, China",South China Morning Post,High income,1,3156,0.0003168567807351077,31,31,True
2026-02,"Hong Kong SAR, China",South China Morning Post,High income,0,2669,0.0,28,28,True
2026-03,"Hong Kong SAR, China",South China Morning Post,High income,1,3110,0.0003215434083601286,31,31,True
2026-04,"Hong Kong SAR, China",South China Morning Post,High income,0,2991,0.0,30,30,True
2026-05,"Hong Kong SAR, China",South China Morning Post,High income,0,3040,0.0,31,31,True
2026-06,"Hong Kong SAR, China",South China Morning Post,High income,0,3016,0.0,30,30,True
2026-07,"Hong Kong SAR, China",South China Morning Post,High income,0,3165,0.0,31,31,True
2026-08,"Hong Kong SAR, China",South China Morning Post,High income,0,9,0.0,1,31,False
2016-01,India,Times of India,Developing,171,116421,0.00146880717396346,31,31,True
2016-02,India,Times of India,Developing,18,24925,0.0007221664994984955,29,29,True
2016-03,India,Times of India,Developing,24,22074,0.0010872519706441968,31,31,True
2016-04,India,Times of India,Developing,31,31276,0.00099117534211536,30,30,True
2016-05,India,Times of India,Developing,32,30793,0.001039197220147436,31,31,True
2016-06,India,Times of India,Developing,27,27044,0.0009983730217423459,30,30,True
2016-07,India,Times of India,Developing,38,35211,0.001079208201982335,31,31,True
2016-08,India,Times of India,Developing,21,30174,0.0006959634122091867,31,31,True
2016-09,India,Times of India,Developing,30,27661,0.0010845594880879216,30,30,True
2016-10,India,Times of India,Developing,23,19700,0.0011675126903553299,31,31,True
2016-11,India,Times of India,Developing,15,17133,0.0008755034144633164,30,30,True
2016-12,India,Times of India,Developing,12,15695,0.0007645747053201656,31,31,True
2017-01,India,Times of India,Developing,10,20927,0.00047785157929946956,31,31,True
2017-02,India,Times of India,Developing,10,21502,0.00046507301646358477,28,28,True
2017-03,India,Times of India,Developing,17,24983,0.0006804627146459592,31,31,True
2017-04,India,Times of India,Developing,12,24497,0.0004898559007225374,30,30,True
2017-05,India,Times of India,Developing,18,25629,0.0007023293924850755,31,31,True
2017-06,India,Times of India,Developing,15,23813,0.0006299080334271197,30,30,True
2017-07,India,Times of India,Developing,30,31304,0.0009583439815997955,31,31,True
2017-08,India,Times of India,Developing,22,30906,0.0007118358894713001,31,31,True
2017-09,India,Times of India,Developing,34,19926,0.0017063133594298907,30,30,True
2017-10,India,Times of India,Developing,25,19982,0.001251126013412071,31,31,True
2017-11,India,Times of India,Developing,24,20754,0.0011564035848511131,30,30,True
2017-12,India,Times of India,Developing,29,19921,0.0014557502133427038,31,31,True
2018-01,India,Times of India,Developing,20,22946,0.0008716116098666434,31,31,True
2018-02,India,Times of India,Developing,10,19133,0.0005226571891496368,28,28,True
2018-03,India,Times of India,Developing,31,25870,0.001198299188248937,31,31,True
2018-04,India,Times of India,Developing,50,21101,0.0023695559452158667,30,30,True
2018-05,India,Times of India,Developing,21,28037,0.0007490102364732318,31,31,True
2018-06,India,Times of India,Developing,30,21544,0.0013924990716672856,30,30,True
2018-07,India,Times of India,Developing,14,23837,0.0005873222301464111,31,31,True
2018-08,India,Times of India,Developing,22,20469,0.0010747960330255509,31,31,True
2018-09,India,Times of India,Developing,19,11171,0.001700832512756244,30,30,True
2018-10,India,Times of India,Developing,16,13387,0.001195189362814671,31,31,True
2018-11,India,Times of India,Developing,6,7426,0.0008079719903043361,30,30,True
2018-12,India,Times of India,Developing,40,12703,0.003148862473431473,31,31,True
2019-01,India,Times of India,Developing,12,15271,0.0007858031563093445,31,31,True
2019-02,India,Times of India,Developing,5,15719,0.00031808639226413895,28,28,True
2019-03,India,Times of India,Developing,24,14341,0.0016735234641935708,31,31,True
2019-04,India,Times of India,Developing,18,17458,0.0010310459388246076,30,30,True
2019-05,India,Times of India,Developing,17,21369,0.0007955449482895784,31,31,True
2019-06,India,Times of India,Developing,31,21421,0.001447178002894356,30,30,True
2019-07,India,Times of India,Developing,14,23141,0.0006049868199299944,31,31,True
2019-08,India,Times of India,Developing,13,20846,0.0006236208385301737,31,31,True
2019-09,India,Times of India,Developing,25,21971,0.0011378635474033954,30,30,True
2019-10,India,Times of India,Developing,24,21256,0.0011290929619872036,31,31,True
2019-11,India,Times of India,Developing,18,18931,0.0009508214040462733,30,30,True
2019-12,India,Times of India,Developing,21,18354,0.0011441647597254005,31,31,True
2020-01,India,Times of India,Developing,19,18566,0.0010233760637724874,31,31,True
2020-02,India,Times of India,Developing,10,18549,0.0005391126206264489,29,29,True
2020-03,India,Times of India,Developing,24,27377,0.0008766482814040983,31,31,True
2020-04,India,Times of India,Developing,35,29421,0.0011896264572924102,30,30,True
2020-05,India,Times of India,Developing,41,30399,0.0013487285765979144,31,31,True
2020-06,India,Times of India,Developing,39,29460,0.0013238289205702647,30,30,True
2020-07,India,Times of India,Developing,37,27651,0.0013381071208997865,31,31,True
2020-08,India,Times of India,Developing,22,26779,0.0008215392658426379,31,31,True
2020-09,India,Times of India,Developing,50,29058,0.0017206965379585656,30,30,True
2020-10,India,Times of India,Developing,40,31014,0.0012897401173663507,31,31,True
2020-11,India,Times of India,Developing,41,31858,0.0012869608889446921,30,30,True
2020-12,India,Times of India,Developing,39,32245,0.0012094898433865715,31,31,True
2021-01,India,Times of India,Developing,26,30042,0.0008654550296251914,31,31,True
2021-02,India,Times of India,Developing,33,27933,0.0011813983460423156,28,28,True
2021-03,India,Times of India,Developing,27,26863,0.0010050999516062987,31,31,True
2021-04,India,Times of India,Developing,36,24344,0.0014788038120276043,30,30,True
2021-05,India,Times of India,Developing,51,28927,0.0017630587340546893,31,31,True
2021-06,India,Times of India,Developing,49,31312,0.0015648952478283086,30,30,True
2021-07,India,Times of India,Developing,39,34229,0.001139384732244588,31,31,True
2021-08,India,Times of India,Developing,21,18839,0.0011147088486650034,31,31,True
2021-09,India,Times of India,Developing,48,29898,0.0016054585591009432,30,30,True
2021-10,India,Times of India,Developing,65,30101,0.002159396697784127,31,31,True
2021-11,India,Times of India,Developing,83,26082,0.0031822712982133273,30,30,True
2021-12,India,Times of India,Developing,29,29370,0.0009874021109976166,31,31,True
2022-01,India,Times of India,Developing,20,25165,0.0007947546195112259,31,31,True
2022-02,India,Times of India,Developing,15,21137,0.0007096560533661352,28,28,True
2022-03,India,Times of India,Developing,20,22752,0.0008790436005625879,31,31,True
2022-04,India,Times of India,Developing,14,11727,0.0011938262130127058,30,30,True
2022-05,India,Times of India,Developing,37,33891,0.0010917352689504588,31,31,True
2022-06,India,Times of India,Developing,86,42101,0.0020427068240659366,30,30,True
2022-07,India,Times of India,Developing,51,43171,0.0011813485904889856,31,31,True
2022-08,India,Times of India,Developing,41,43861,0.0009347712090467614,31,31,True
2022-09,India,Times of India,Developing,62,43207,0.0014349526697062976,30,30,True
2022-10,India,Times of India,Developing,63,40893,0.001540605971682195,31,31,True
2022-11,India,Times of India,Developing,97,42482,0.0022833199943505483,30,30,True
2022-12,India,Times of India,Developing,62,44744,0.0013856606472376185,31,31,True
2023-01,India,Times of India,Developing,71,42841,0.0016572909129105296,31,31,True
2023-02,India,Times of India,Developing,69,40672,0.001696498819826908,28,28,True
2023-03,India,Times of India,Developing,65,42819,0.001518017702421822,31,31,True
2023-04,India,Times of India,Developing,48,42536,0.0011284558961820576,30,30,True
2023-05,India,Times of India,Developing,52,41822,0.0012433647362632108,31,31,True
2023-06,India,Times of India,Developing,65,39528,0.0016444039668083385,30,30,True
2023-07,India,Times of India,Developing,47,39572,0.0011877084807439605,31,31,True
2023-08,India,Times of India,Developing,49,38457,0.0012741503497412695,31,31,True
2023-09,India,Times of India,Developing,119,41684,0.0028548123980424145,30,30,True
2023-10,India,Times of India,Developing,59,34502,0.0017100457944466988,31,31,True
2023-11,India,Times of India,Developing,77,38460,0.002002080083203328,30,30,True
2023-12,India,Times of India,Developing,56,42059,0.0013314629449107207,31,31,True
2024-01,India,Times of India,Developing,32,40637,0.0007874597042104486,31,31,True
2024-02,India,Times of India,Developing,28,36332,0.0007706704833204889,29,29,True
2024-03,India,Times of India,Developing,29,39541,0.0007334159480033383,31,31,True
2024-04,India,Times of India,Developing,16,39834,0.0004016669177084902,30,30,True
2024-05,India,Times of India,Developing,27,42963,0.0006284477340967809,31,31,True
2024-06,India,Times of India,Developing,37,40352,0.0009169310071371927,30,30,True
2024-07,India,Times of India,Developing,23,42244,0.0005444560174225926,31,31,True
2024-08,India,Times of India,Developing,23,42235,0.0005445720374097312,31,31,True
2024-09,India,Times of India,Developing,28,42578,0.0006576166095166518,30,30,True
2024-10,India,Times of India,Developing,35,41059,0.0008524318663386834,31,31,True
2024-11,India,Times of India,Developing,67,42266,0.0015851985047082762,30,30,True
2024-12,India,Times of India,Developing,16,42431,0.0003770827932407909,31,31,True
2025-01,India,Times of India,Developing,29,43477,0.0006670193435609632,31,31,True
2025-02,India,Times of India,Developing,27,39964,0.0006756080472425182,28,28,True
2025-03,India,Times of India,Developing,14,44595,0.00031393653997084875,31,31,True
2025-04,India,Times of India,Developing,24,45288,0.0005299417064122947,30,30,True
2025-05,India,Times of India,Developing,25,47041,0.0005314512871750175,31,31,True
2025-06,India,Times of India,Developing,31,47104,0.0006581182065217391,30,30,True
2025-07,India,Times of India,Developing,37,49440,0.0007483818770226537,31,31,True
2025-08,India,Times of India,Developing,30,47263,0.0006347459958106765,31,31,True
2025-09,India,Times of India,Developing,29,47946,0.0006048471196763026,30,30,True
2025-10,India,Times of India,Developing,25,47191,0.0005297620308957217,31,31,True
2025-11,India,Times of India,Developing,35,47132,0.0007425952643639141,30,30,True
2025-12,India,Times of India,Developing,20,48588,0.00041162426936692186,31,31,True
2026-01,India,Times of India,Developing,16,48602,0.0003292045594831488,31,31,True
2026-02,India,Times of India,Developing,14,43965,0.00031843511884453545,28,28,True
2026-03,India,Times of India,Developing,19,46291,0.0004104469551316671,31,31,True
2026-04,India,Times of India,Developing,13,44550,0.00029180695847362515,30,30,True
2026-05,India,Times of India,Developing,17,48575,0.0003499742665980443,31,31,True
2026-06,India,Times of India,Developing,17,48833,0.00034812524317572133,30,30,True
2026-07,India,Times of India,Developing,13,50606,0.0002568865351934553,31,31,True
2026-08,India,Times of India,Developing,0,320,0.0,1,31,False
2016-01,India,Times of India,High income,9,116421,7.730564073491896e-05,31,31,True
2016-02,India,Times of India,High income,4,24925,0.000160481444332999,29,29,True
2016-03,India,Times of India,High income,0,22074,0.0,31,31,True
2016-04,India,Times of India,High income,3,31276,9.592019439826065e-05,30,30,True
2016-05,India,Times of India,High income,6,30793,0.00019484947877764427,31,31,True
2016-06,India,Times of India,High income,0,27044,0.0,30,30,True
2016-07,India,Times of India,High income,2,35211,5.6800431683280795e-05,31,31,True
2016-08,India,Times of India,High income,2,30174,6.628222973420826e-05,31,31,True
2016-09,India,Times of India,High income,0,27661,0.0,30,30,True
2016-10,India,Times of India,High income,1,19700,5.076142131979695e-05,31,31,True
2016-11,India,Times of India,High income,0,17133,0.0,30,30,True
2016-12,India,Times of India,High income,0,15695,0.0,31,31,True
2017-01,India,Times of India,High income,2,20927,9.557031585989391e-05,31,31,True
2017-02,India,Times of India,High income,0,21502,0.0,28,28,True
2017-03,India,Times of India,High income,1,24983,4.002721850858584e-05,31,31,True
2017-04,India,Times of India,High income,5,24497,0.00020410662530105729,30,30,True
2017-05,India,Times of India,High income,1,25629,3.9018299582504195e-05,31,31,True
2017-06,India,Times of India,High income,1,23813,4.199386889514131e-05,30,30,True
2017-07,India,Times of India,High income,2,31304,6.38895987733197e-05,31,31,True
2017-08,India,Times of India,High income,0,30906,0.0,31,31,True
2017-09,India,Times of India,High income,1,19926,5.018568704205561e-05,30,30,True
2017-10,India,Times of India,High income,2,19982,0.00010009008107296567,31,31,True
2017-11,India,Times of India,High income,2,20754,9.636696540425942e-05,30,30,True
2017-12,India,Times of India,High income,0,19921,0.0,31,31,True
2018-01,India,Times of India,High income,0,22946,0.0,31,31,True
2018-02,India,Times of India,High income,1,19133,5.2265718914963674e-05,28,28,True
2018-03,India,Times of India,High income,3,25870,0.00011596443757247778,31,31,True
2018-04,India,Times of India,High income,2,21101,9.478223780863466e-05,30,30,True
2018-05,India,Times of India,High income,2,28037,7.133430823554588e-05,31,31,True
2018-06,India,Times of India,High income,1,21544,4.641663572224285e-05,30,30,True
2018-07,India,Times of India,High income,0,23837,0.0,31,31,True
2018-08,India,Times of India,High income,0,20469,0.0,31,31,True
2018-09,India,Times of India,High income,5,11171,0.0004475875033569063,30,30,True
2018-10,India,Times of India,High income,1,13387,7.469933517591694e-05,31,31,True
2018-11,India,Times of India,High income,0,7426,0.0,30,30,True
2018-12,India,Times of India,High income,3,12703,0.00023616468550736045,31,31,True
2019-01,India,Times of India,High income,0,15271,0.0,31,31,True
2019-02,India,Times of India,High income,1,15719,6.361727845282778e-05,28,28,True
2019-03,India,Times of India,High income,1,14341,6.973014434139879e-05,31,31,True
2019-04,India,Times of India,High income,3,17458,0.00017184098980410127,30,30,True
2019-05,India,Times of India,High income,1,21369,4.6796761664092844e-05,31,31,True
2019-06,India,Times of India,High income,1,21421,4.6683161383688904e-05,30,30,True
2019-07,India,Times of India,High income,3,23141,0.00012964003284214164,31,31,True
2019-08,India,Times of India,High income,0,20846,0.0,31,31,True
2019-09,India,Times of India,High income,2,21971,9.102908379227164e-05,30,30,True
2019-10,India,Times of India,High income,1,21256,4.704554008280015e-05,31,31,True
2019-11,India,Times of India,High income,1,18931,5.282341133590407e-05,30,30,True
2019-12,India,Times of India,High income,0,18354,0.0,31,31,True
2020-01,India,Times of India,High income,0,18566,0.0,31,31,True
2020-02,India,Times of India,High income,2,18549,0.00010782252412528977,29,29,True
2020-03,India,Times of India,High income,4,27377,0.00014610804690068306,31,31,True
2020-04,India,Times of India,High income,3,29421,0.00010196798205363516,30,30,True
2020-05,India,Times of India,High income,1,30399,3.289581894141254e-05,31,31,True
2020-06,India,Times of India,High income,2,29460,6.788866259334691e-05,30,30,True
2020-07,India,Times of India,High income,4,27651,0.00014466022928646342,31,31,True
2020-08,India,Times of India,High income,3,26779,0.00011202808170581425,31,31,True
2020-09,India,Times of India,High income,6,29058,0.00020648358455502787,30,30,True
2020-10,India,Times of India,High income,7,31014,0.00022570452053911137,31,31,True
2020-11,India,Times of India,High income,2,31858,6.277857994852157e-05,30,30,True
2020-12,India,Times of India,High income,2,32245,6.202512017367033e-05,31,31,True
2021-01,India,Times of India,High income,0,30042,0.0,31,31,True
2021-02,India,Times of India,High income,9,27933,0.0003221995489206315,28,28,True
2021-03,India,Times of India,High income,3,26863,0.00011167777240069985,31,31,True
2021-04,India,Times of India,High income,7,24344,0.00028754518567203417,30,30,True
2021-05,India,Times of India,High income,5,28927,0.00017284889549555778,31,31,True
2021-06,India,Times of India,High income,4,31312,0.00012774655084312725,30,30,True
2021-07,India,Times of India,High income,4,34229,0.00011685997253790645,31,31,True
2021-08,India,Times of India,High income,5,18839,0.0002654068687297627,31,31,True
2021-09,India,Times of India,High income,5,29898,0.00016723526657301492,30,30,True
2021-10,India,Times of India,High income,3,30101,9.966446297465201e-05,31,31,True
2021-11,India,Times of India,High income,3,26082,0.00011502185415228893,30,30,True
2021-12,India,Times of India,High income,8,29370,0.0002723867892407218,31,31,True
2022-01,India,Times of India,High income,4,25165,0.00015895092390224517,31,31,True
2022-02,India,Times of India,High income,5,21137,0.00023655201778871173,28,28,True
2022-03,India,Times of India,High income,1,22752,4.3952180028129396e-05,31,31,True
2022-04,India,Times of India,High income,0,11727,0.0,30,30,True
2022-05,India,Times of India,High income,6,33891,0.00017703815172169602,31,31,True
2022-06,India,Times of India,High income,6,42101,0.00014251442958599557,30,30,True
2022-07,India,Times of India,High income,0,43171,0.0,31,31,True
2022-08,India,Times of India,High income,4,43861,9.11971911265133e-05,31,31,True
2022-09,India,Times of India,High income,8,43207,0.00018515518318790937,30,30,True
2022-10,India,Times of India,High income,4,40893,9.78162521702981e-05,31,31,True
2022-11,India,Times of India,High income,4,42482,9.415752554022881e-05,30,30,True
2022-12,India,Times of India,High income,5,44744,0.00011174682639013052,31,31,True
2023-01,India,Times of India,High income,1,42841,2.334212553395112e-05,31,31,True
2023-02,India,Times of India,High income,3,40672,7.376081825334382e-05,28,28,True
2023-03,India,Times of India,High income,6,42819,0.00014012471099278357,31,31,True
2023-04,India,Times of India,High income,7,42536,0.00016456648485988339,30,30,True
2023-05,India,Times of India,High income,4,41822,9.564344125101621e-05,31,31,True
2023-06,India,Times of India,High income,1,39528,2.529852256628213e-05,30,30,True
2023-07,India,Times of India,High income,2,39572,5.054078641463661e-05,31,31,True
2023-08,India,Times of India,High income,4,38457,0.0001040122734482669,31,31,True
2023-09,India,Times of India,High income,3,41684,7.197006045485078e-05,30,30,True
2023-10,India,Times of India,High income,2,34502,5.796765404904064e-05,31,31,True
2023-11,India,Times of India,High income,8,38460,0.0002080083203328133,30,30,True
2023-12,India,Times of India,High income,5,42059,0.00011888062008131434,31,31,True
2024-01,India,Times of India,High income,1,40637,2.460811575657652e-05,31,31,True
2024-02,India,Times of India,High income,2,36332,5.50478916657492e-05,29,29,True
2024-03,India,Times of India,High income,6,39541,0.00015174123062138033,31,31,True
2024-04,India,Times of India,High income,2,39834,5.020836471356128e-05,30,30,True
2024-05,India,Times of India,High income,6,42963,0.00013965505202150687,31,31,True
2024-06,India,Times of India,High income,2,40352,4.956383822363204e-05,30,30,True
2024-07,India,Times of India,High income,8,42244,0.0001893760060600322,31,31,True
2024-08,India,Times of India,High income,5,42235,0.00011838522552385462,31,31,True
2024-09,India,Times of India,High income,3,42578,7.045892244821269e-05,30,30,True
2024-10,India,Times of India,High income,1,41059,2.435519618110524e-05,31,31,True
2024-11,India,Times of India,High income,6,42266,0.00014195807504850235,30,30,True
2024-12,India,Times of India,High income,6,42431,0.0001414060474652966,31,31,True
2025-01,India,Times of India,High income,3,43477,6.900200105803069e-05,31,31,True
2025-02,India,Times of India,High income,4,39964,0.00010009008107296567,28,28,True
2025-03,India,Times of India,High income,3,44595,6.727211570803902e-05,31,31,True
2025-04,India,Times of India,High income,6,45288,0.00013248542660307367,30,30,True
2025-05,India,Times of India,High income,6,47041,0.00012754830892200422,31,31,True
2025-06,India,Times of India,High income,8,47104,0.00016983695652173913,30,30,True
2025-07,India,Times of India,High income,7,49440,0.00014158576051779935,31,31,True
2025-08,India,Times of India,High income,2,47263,4.2316399720711764e-05,31,31,True
2025-09,India,Times of India,High income,7,47946,0.0001459975806115213,30,30,True
2025-10,India,Times of India,High income,7,47191,0.00014833336865080206,31,31,True
2025-11,India,Times of India,High income,7,47132,0.00014851905287278282,30,30,True
2025-12,India,Times of India,High income,2,48588,4.1162426936692186e-05,31,31,True
2026-01,India,Times of India,High income,4,48602,8.23011398707872e-05,31,31,True
2026-02,India,Times of India,High income,2,43965,4.549073126350506e-05,28,28,True
2026-03,India,Times of India,High income,4,46291,8.640988529087727e-05,31,31,True
2026-04,India,Times of India,High income,1,44550,2.244668911335578e-05,30,30,True
2026-05,India,Times of India,High income,1,48575,2.058672156459084e-05,31,31,True
2026-06,India,Times of India,High income,3,48833,6.143386644277436e-05,30,30,True
2026-07,India,Times of India,High income,9,50606,0.00017784452436469983,31,31,True
2026-08,India,Times of India,High income,0,320,0.0,1,31,False
2016-01,Japan,The Japan Times,Developing,12,2652,0.004524886877828055,31,31,True
2016-02,Japan,The Japan Times,Developing,7,2440,0.0028688524590163933,29,29,True
2016-03,Japan,The Japan Times,Developing,8,2599,0.0030781069642170067,31,31,True
2016-04,Japan,The Japan Times,Developing,15,2421,0.006195786864931847,30,30,True
2016-05,Japan,The Japan Times,Developing,12,2564,0.0046801872074883,31,31,True
2016-06,Japan,The Japan Times,Developing,14,2572,0.005443234836702955,30,30,True
2016-07,Japan,The Japan Times,Developing,12,2562,0.00468384074941452,31,31,True
2016-08,Japan,The Japan Times,Developing,21,2760,0.007608695652173913,31,31,True
2016-09,Japan,The Japan Times,Developing,18,2529,0.0071174377224199285,30,30,True
2016-10,Japan,The Japan Times,Developing,14,2306,0.006071118820468344,31,31,True
2016-11,Japan,The Japan Times,Developing,13,2171,0.005988023952095809,30,30,True
2016-12,Japan,The Japan Times,Developing,9,2187,0.00411522633744856,31,31,True
2017-01,Japan,The Japan Times,Developing,14,2558,0.00547302580140735,31,31,True
2017-02,Japan,The Japan Times,Developing,8,2403,0.0033291718684977114,28,28,True
2017-03,Japan,The Japan Times,Developing,10,2596,0.003852080123266564,31,31,True
2017-04,Japan,The Japan Times,Developing,4,2295,0.0017429193899782135,30,30,True
2017-05,Japan,The Japan Times,Developing,13,2459,0.005286701911346075,31,31,True
2017-06,Japan,The Japan Times,Developing,11,2342,0.004696840307429547,30,30,True
2017-07,Japan,The Japan Times,Developing,7,2327,0.0030081650193382035,31,31,True
2017-08,Japan,The Japan Times,Developing,3,2392,0.001254180602006689,31,31,True
2017-09,Japan,The Japan Times,Developing,5,1957,0.0025549310168625446,30,30,True
2017-10,Japan,The Japan Times,Developing,7,2108,0.003320683111954459,31,31,True
2017-11,Japan,The Japan Times,Developing,12,2150,0.005581395348837209,30,30,True
2017-12,Japan,The Japan Times,Developing,19,2232,0.008512544802867384,31,31,True
2018-01,Japan,The Japan Times,Developing,16,2331,0.006864006864006864,31,31,True
2018-02,Japan,The Japan Times,Developing,8,2163,0.0036985668053629217,28,28,True
2018-03,Japan,The Japan Times,Developing,16,2394,0.006683375104427736,31,31,True
2018-04,Japan,The Japan Times,Developing,11,2013,0.00546448087431694,30,30,True
2018-05,Japan,The Japan Times,Developing,11,2406,0.00457190357439734,31,31,True
2018-06,Japan,The Japan Times,Developing,11,2371,0.004639392661324336,30,30,True
2018-07,Japan,The Japan Times,Developing,11,2472,0.004449838187702265,31,31,True
2018-08,Japan,The Japan Times,Developing,15,2456,0.0061074918566775245,31,31,True
2018-09,Japan,The Japan Times,Developing,9,1420,0.006338028169014085,30,30,True
2018-10,Japan,The Japan Times,Developing,14,950,0.014736842105263158,31,31,True
2018-11,Japan,The Japan Times,Developing,9,601,0.014975041597337771,30,30,True
2018-12,Japan,The Japan Times,Developing,24,1150,0.020869565217391306,31,31,True
2019-01,Japan,The Japan Times,Developing,8,1244,0.006430868167202572,31,31,True
2019-02,Japan,The Japan Times,Developing,4,1253,0.0031923383878691143,28,28,True
2019-03,Japan,The Japan Times,Developing,9,1383,0.006507592190889371,31,31,True
2019-04,Japan,The Japan Times,Developing,12,1385,0.008664259927797834,30,30,True
2019-05,Japan,The Japan Times,Developing,9,1406,0.006401137980085348,31,31,True
2019-06,Japan,The Japan Times,Developing,18,1285,0.014007782101167316,30,30,True
2019-07,Japan,The Japan Times,Developing,6,1285,0.004669260700389105,31,31,True
2019-08,Japan,The Japan Times,Developing,7,1309,0.0053475935828877,31,31,True
2019-09,Japan,The Japan Times,Developing,7,1334,0.005247376311844078,30,30,True
2019-10,Japan,The Japan Times,Developing,7,1359,0.0051508462104488595,31,31,True
2019-11,Japan,The Japan Times,Developing,5,1329,0.003762227238525207,30,30,True
2019-12,Japan,The Japan Times,Developing,6,1269,0.004728132387706856,31,31,True
2020-01,Japan,The Japan Times,Developing,6,1314,0.0045662100456621,31,31,True
2020-02,Japan,The Japan Times,Developing,10,1219,0.008203445447087777,29,29,True
2020-03,Japan,The Japan Times,Developing,11,1275,0.008627450980392156,31,31,True
2020-04,Japan,The Japan Times,Developing,18,1199,0.015012510425354461,30,30,True
2020-05,Japan,The Japan Times,Developing,13,1221,0.010647010647010647,31,31,True
2020-06,Japan,The Japan Times,Developing,7,1222,0.0057283142389525366,30,30,True
2020-07,Japan,The Japan Times,Developing,12,1111,0.010801080108010801,31,31,True
2020-08,Japan,The Japan Times,Developing,12,1087,0.011039558417663294,31,31,True
2020-09,Japan,The Japan Times,Developing,7,1068,0.006554307116104869,30,30,True
2020-10,Japan,The Japan Times,Developing,15,1021,0.014691478942213516,31,31,True
2020-11,Japan,The Japan Times,Developing,10,983,0.01017293997965412,30,30,True
2020-12,Japan,The Japan Times,Developing,12,962,0.012474012474012475,31,31,True
2021-01,Japan,The Japan Times,Developing,11,881,0.012485811577752554,31,31,True
2021-02,Japan,The Japan Times,Developing,10,803,0.012453300124533,28,28,True
2021-03,Japan,The Japan Times,Developing,6,884,0.006787330316742082,31,31,True
2021-04,Japan,The Japan Times,Developing,10,755,0.013245033112582781,30,30,True
2021-05,Japan,The Japan Times,Developing,14,911,0.015367727771679473,31,31,True
2021-06,Japan,The Japan Times,Developing,19,884,0.021493212669683258,30,30,True
2021-07,Japan,The Japan Times,Developing,4,989,0.004044489383215369,31,31,True
2021-08,Japan,The Japan Times,Developing,10,970,0.010309278350515464,31,31,True
2021-09,Japan,The Japan Times,Developing,13,883,0.014722536806342015,30,30,True
2021-10,Japan,The Japan Times,Developing,20,825,0.024242424242424242,31,31,True
2021-11,Japan,The Japan Times,Developing,21,808,0.02599009900990099,30,30,True
2021-12,Japan,The Japan Times,Developing,14,769,0.018205461638491547,31,31,True
2022-01,Japan,The Japan Times,Developing,8,774,0.0103359173126615,31,31,True
2022-02,Japan,The Japan Times,Developing,7,724,0.009668508287292817,28,28,True
2022-03,Japan,The Japan Times,Developing,6,839,0.007151370679380214,31,31,True
2022-04,Japan,The Japan Times,Developing,9,793,0.011349306431273645,30,30,True
2022-05,Japan,The Japan Times,Developing,1,816,0.0012254901960784314,31,31,True
2022-06,Japan,The Japan Times,Developing,2,820,0.0024390243902439024,30,30,True
2022-07,Japan,The Japan Times,Developing,1,864,0.0011574074074074073,31,31,True
2022-08,Japan,The Japan Times,Developing,1,860,0.0011627906976744186,31,31,True
2022-09,Japan,The Japan Times,Developing,1,831,0.0012033694344163659,30,30,True
2022-10,Japan,The Japan Times,Developing,2,841,0.0023781212841854932,31,31,True
2022-11,Japan,The Japan Times,Developing,5,838,0.0059665871121718375,30,30,True
2022-12,Japan,The Japan Times,Developing,1,776,0.001288659793814433,31,31,True
2023-01,Japan,The Japan Times,Developing,1,818,0.0012224938875305623,31,31,True
2023-02,Japan,The Japan Times,Developing,2,708,0.002824858757062147,28,28,True
2023-03,Japan,The Japan Times,Developing,2,803,0.0024906600249066002,31,31,True
2023-04,Japan,The Japan Times,Developing,6,757,0.007926023778071334,30,30,True
2023-05,Japan,The Japan Times,Developing,1,763,0.001310615989515072,31,31,True
2023-06,Japan,The Japan Times,Developing,3,783,0.0038314176245210726,30,30,True
2023-07,Japan,The Japan Times,Developing,1,722,0.0013850415512465374,31,31,True
2023-08,Japan,The Japan Times,Developing,0,77,0.0,31,31,True
2023-09,Japan,The Japan Times,Developing,0,76,0.0,29,30,False
2023-10,Japan,The Japan Times,Developing,0,88,0.0,30,31,False
2023-11,Japan,The Japan Times,Developing,2,130,0.015384615384615385,27,30,False
2023-12,Japan,The Japan Times,Developing,2,97,0.020618556701030927,28,31,False
2024-01,Japan,The Japan Times,Developing,0,25,0.0,22,31,False
2024-02,Japan,The Japan Times,Developing,0,23,0.0,19,29,False
2024-03,Japan,The Japan Times,Developing,0,28,0.0,27,31,False
2024-04,Japan,The Japan Times,Developing,0,34,0.0,28,30,False
2024-05,Japan,The Japan Times,Developing,0,33,0.0,30,31,False
2024-06,Japan,The Japan Times,Developing,0,34,0.0,29,30,False
2024-07,Japan,The Japan Times,Developing,0,32,0.0,27,31,False
2024-08,Japan,The Japan Times,Developing,0,32,0.0,30,31,False
2024-09,Japan,The Japan Times,Developing,0,33,0.0,29,30,False
2024-10,Japan,The Japan Times,Developing,0,13,0.0,12,31,False
2024-11,Japan,The Japan Times,Developing,0,1,0.0,1,30,False
2024-12,Japan,The Japan Times,Developing,0,5,0.0,5,31,False
2025-01,Japan,The Japan Times,Developing,0,1,0.0,1,31,False
2025-02,Japan,The Japan Times,Developing,0,2,0.0,1,28,False
2025-04,Japan,The Japan Times,Developing,0,1,0.0,1,30,False
2025-05,Japan,The Japan Times,Developing,0,2,0.0,2,31,False
2025-06,Japan,The Japan Times,Developing,0,2,0.0,2,30,False
2025-07,Japan,The Japan Times,Developing,0,1,0.0,1,31,False
2025-08,Japan,The Japan Times,Developing,0,2,0.0,2,31,False
2025-11,Japan,The Japan Times,Developing,0,1,0.0,1,30,False
2025-12,Japan,The Japan Times,Developing,0,1,0.0,1,31,False
2026-02,Japan,The Japan Times,Developing,0,723,0.0,18,28,False
2026-03,Japan,The Japan Times,Developing,4,1234,0.0032414910858995136,31,31,True
2026-04,Japan,The Japan Times,Developing,2,1249,0.0016012810248198558,30,30,True
2026-05,Japan,The Japan Times,Developing,0,1221,0.0,31,31,True
2026-06,Japan,The Japan Times,Developing,2,1303,0.0015349194167306216,30,30,True
2026-07,Japan,The Japan Times,Developing,0,1265,0.0,31,31,True
2026-08,Japan,The Japan Times,Developing,0,1,0.0,1,31,False
2016-01,Japan,The Japan Times,High income,2,2652,0.0007541478129713424,31,31,True
2016-02,Japan,The Japan Times,High income,1,2440,0.0004098360655737705,29,29,True
2016-03,Japan,The Japan Times,High income,0,2599,0.0,31,31,True
2016-04,Japan,The Japan Times,High income,2,2421,0.0008261049153242462,30,30,True
2016-05,Japan,The Japan Times,High income,2,2564,0.00078003120124805,31,31,True
2016-06,Japan,The Japan Times,High income,0,2572,0.0,30,30,True
2016-07,Japan,The Japan Times,High income,1,2562,0.00039032006245121,31,31,True
2016-08,Japan,The Japan Times,High income,1,2760,0.00036231884057971015,31,31,True
2016-09,Japan,The Japan Times,High income,1,2529,0.00039541320680110717,30,30,True
2016-10,Japan,The Japan Times,High income,0,2306,0.0,31,31,True
2016-11,Japan,The Japan Times,High income,0,2171,0.0,30,30,True
2016-12,Japan,The Japan Times,High income,0,2187,0.0,31,31,True
2017-01,Japan,The Japan Times,High income,0,2558,0.0,31,31,True
2017-02,Japan,The Japan Times,High income,1,2403,0.0004161464835622139,28,28,True
2017-03,Japan,The Japan Times,High income,0,2596,0.0,31,31,True
2017-04,Japan,The Japan Times,High income,0,2295,0.0,30,30,True
2017-05,Japan,The Japan Times,High income,2,2459,0.0008133387555917039,31,31,True
2017-06,Japan,The Japan Times,High income,1,2342,0.0004269854824935952,30,30,True
2017-07,Japan,The Japan Times,High income,0,2327,0.0,31,31,True
2017-08,Japan,The Japan Times,High income,0,2392,0.0,31,31,True
2017-09,Japan,The Japan Times,High income,0,1957,0.0,30,30,True
2017-10,Japan,The Japan Times,High income,1,2108,0.0004743833017077799,31,31,True
2017-11,Japan,The Japan Times,High income,0,2150,0.0,30,30,True
2017-12,Japan,The Japan Times,High income,1,2232,0.00044802867383512545,31,31,True
2018-01,Japan,The Japan Times,High income,1,2331,0.000429000429000429,31,31,True
2018-02,Japan,The Japan Times,High income,0,2163,0.0,28,28,True
2018-03,Japan,The Japan Times,High income,0,2394,0.0,31,31,True
2018-04,Japan,The Japan Times,High income,1,2013,0.0004967709885742673,30,30,True
2018-05,Japan,The Japan Times,High income,1,2406,0.00041562759767248546,31,31,True
2018-06,Japan,The Japan Times,High income,1,2371,0.00042176296921130323,30,30,True
2018-07,Japan,The Japan Times,High income,0,2472,0.0,31,31,True
2018-08,Japan,The Japan Times,High income,0,2456,0.0,31,31,True
2018-09,Japan,The Japan Times,High income,3,1420,0.002112676056338028,30,30,True
2018-10,Japan,The Japan Times,High income,0,950,0.0,31,31,True
2018-11,Japan,The Japan Times,High income,0,601,0.0,30,30,True
2018-12,Japan,The Japan Times,High income,1,1150,0.0008695652173913044,31,31,True
2019-01,Japan,The Japan Times,High income,0,1244,0.0,31,31,True
2019-02,Japan,The Japan Times,High income,0,1253,0.0,28,28,True
2019-03,Japan,The Japan Times,High income,1,1383,0.0007230657989877079,31,31,True
2019-04,Japan,The Japan Times,High income,0,1385,0.0,30,30,True
2019-05,Japan,The Japan Times,High income,0,1406,0.0,31,31,True
2019-06,Japan,The Japan Times,High income,1,1285,0.0007782101167315176,30,30,True
2019-07,Japan,The Japan Times,High income,0,1285,0.0,31,31,True
2019-08,Japan,The Japan Times,High income,0,1309,0.0,31,31,True
2019-09,Japan,The Japan Times,High income,0,1334,0.0,30,30,True
2019-10,Japan,The Japan Times,High income,0,1359,0.0,31,31,True
2019-11,Japan,The Japan Times,High income,0,1329,0.0,30,30,True
2019-12,Japan,The Japan Times,High income,0,1269,0.0,31,31,True
2020-01,Japan,The Japan Times,High income,0,1314,0.0,31,31,True
2020-02,Japan,The Japan Times,High income,0,1219,0.0,29,29,True
2020-03,Japan,The Japan Times,High income,0,1275,0.0,31,31,True
2020-04,Japan,The Japan Times,High income,2,1199,0.0016680567139282735,30,30,True
2020-05,Japan,The Japan Times,High income,0,1221,0.0,31,31,True
2020-06,Japan,The Japan Times,High income,2,1222,0.0016366612111292963,30,30,True
2020-07,Japan,The Japan Times,High income,1,1111,0.0009000900090009,31,31,True
2020-08,Japan,The Japan Times,High income,0,1087,0.0,31,31,True
2020-09,Japan,The Japan Times,High income,2,1068,0.0018726591760299626,30,30,True
2020-10,Japan,The Japan Times,High income,2,1021,0.0019588638589618022,31,31,True
2020-11,Japan,The Japan Times,High income,2,983,0.002034587995930824,30,30,True
2020-12,Japan,The Japan Times,High income,2,962,0.002079002079002079,31,31,True
2021-01,Japan,The Japan Times,High income,3,881,0.00340522133938706,31,31,True
2021-02,Japan,The Japan Times,High income,1,803,0.0012453300124533001,28,28,True
2021-03,Japan,The Japan Times,High income,0,884,0.0,31,31,True
2021-04,Japan,The Japan Times,High income,1,755,0.0013245033112582781,30,30,True
2021-05,Japan,The Japan Times,High income,2,911,0.0021953896816684962,31,31,True
2021-06,Japan,The Japan Times,High income,0,884,0.0,30,30,True
2021-07,Japan,The Japan Times,High income,0,989,0.0,31,31,True
2021-08,Japan,The Japan Times,High income,0,970,0.0,31,31,True
2021-09,Japan,The Japan Times,High income,3,883,0.0033975084937712344,30,30,True
2021-10,Japan,The Japan Times,High income,1,825,0.0012121212121212121,31,31,True
2021-11,Japan,The Japan Times,High income,1,808,0.0012376237623762376,30,30,True
2021-12,Japan,The Japan Times,High income,3,769,0.0039011703511053317,31,31,True
2022-01,Japan,The Japan Times,High income,4,774,0.00516795865633075,31,31,True
2022-02,Japan,The Japan Times,High income,1,724,0.0013812154696132596,28,28,True
2022-03,Japan,The Japan Times,High income,0,839,0.0,31,31,True
2022-04,Japan,The Japan Times,High income,2,793,0.0025220680958385876,30,30,True
2022-05,Japan,The Japan Times,High income,0,816,0.0,31,31,True
2022-06,Japan,The Japan Times,High income,0,820,0.0,30,30,True
2022-07,Japan,The Japan Times,High income,0,864,0.0,31,31,True
2022-08,Japan,The Japan Times,High income,0,860,0.0,31,31,True
2022-09,Japan,The Japan Times,High income,0,831,0.0,30,30,True
2022-10,Japan,The Japan Times,High income,0,841,0.0,31,31,True
2022-11,Japan,The Japan Times,High income,0,838,0.0,30,30,True
2022-12,Japan,The Japan Times,High income,0,776,0.0,31,31,True
2023-01,Japan,The Japan Times,High income,0,818,0.0,31,31,True
2023-02,Japan,The Japan Times,High income,0,708,0.0,28,28,True
2023-03,Japan,The Japan Times,High income,0,803,0.0,31,31,True
2023-04,Japan,The Japan Times,High income,0,757,0.0,30,30,True
2023-05,Japan,The Japan Times,High income,0,763,0.0,31,31,True
2023-06,Japan,The Japan Times,High income,0,783,0.0,30,30,True
2023-07,Japan,The Japan Times,High income,0,722,0.0,31,31,True
2023-08,Japan,The Japan Times,High income,0,77,0.0,31,31,True
2023-09,Japan,The Japan Times,High income,0,76,0.0,29,30,False
2023-10,Japan,The Japan Times,High income,0,88,0.0,30,31,False
2023-11,Japan,The Japan Times,High income,0,130,0.0,27,30,False
2023-12,Japan,The Japan Times,High income,0,97,0.0,28,31,False
2024-01,Japan,The Japan Times,High income,0,25,0.0,22,31,False
2024-02,Japan,The Japan Times,High income,0,23,0.0,19,29,False
2024-03,Japan,The Japan Times,High income,0,28,0.0,27,31,False
2024-04,Japan,The Japan Times,High income,0,34,0.0,28,30,False
2024-05,Japan,The Japan Times,High income,0,33,0.0,30,31,False
2024-06,Japan,The Japan Times,High income,0,34,0.0,29,30,False
2024-07,Japan,The Japan Times,High income,0,32,0.0,27,31,False
2024-08,Japan,The Japan Times,High income,0,32,0.0,30,31,False
2024-09,Japan,The Japan Times,High income,0,33,0.0,29,30,False
2024-10,Japan,The Japan Times,High income,0,13,0.0,12,31,False
2024-11,Japan,The Japan Times,High income,0,1,0.0,1,30,False
2024-12,Japan,The Japan Times,High income,0,5,0.0,5,31,False
2025-01,Japan,The Japan Times,High income,0,1,0.0,1,31,False
2025-02,Japan,The Japan Times,High income,0,2,0.0,1,28,False
2025-04,Japan,The Japan Times,High income,0,1,0.0,1,30,False
2025-05,Japan,The Japan Times,High income,0,2,0.0,2,31,False
2025-06,Japan,The Japan Times,High income,0,2,0.0,2,30,False
2025-07,Japan,The Japan Times,High income,0,1,0.0,1,31,False
2025-08,Japan,The Japan Times,High income,0,2,0.0,2,31,False
2025-11,Japan,The Japan Times,High income,0,1,0.0,1,30,False
2025-12,Japan,The Japan Times,High income,0,1,0.0,1,31,False
2026-02,Japan,The Japan Times,High income,0,723,0.0,18,28,False
2026-03,Japan,The Japan Times,High income,0,1234,0.0,31,31,True
2026-04,Japan,The Japan Times,High income,0,1249,0.0,30,30,True
2026-05,Japan,The Japan Times,High income,0,1221,0.0,31,31,True
2026-06,Japan,The Japan Times,High income,1,1303,0.0007674597083653108,30,30,True
2026-07,Japan,The Japan Times,High income,0,1265,0.0,31,31,True
2026-08,Japan,The Japan Times,High income,0,1,0.0,1,31,False
2016-01,Malaysia,The Star,Developing,12,3444,0.003484320557491289,31,31,True
2016-02,Malaysia,The Star,Developing,5,3413,0.001464986815118664,29,29,True
2016-03,Malaysia,The Star,Developing,8,3500,0.002285714285714286,31,31,True
2016-04,Malaysia,The Star,Developing,3,3057,0.0009813542688910696,30,30,True
2016-05,Malaysia,The Star,Developing,6,3305,0.001815431164901664,31,31,True
2016-06,Malaysia,The Star,Developing,4,3446,0.0011607661056297156,30,30,True
2016-07,Malaysia,The Star,Developing,3,3268,0.0009179926560587516,31,31,True
2016-08,Malaysia,The Star,Developing,8,3426,0.002335084646818447,31,31,True
2016-09,Malaysia,The Star,Developing,9,3409,0.0026400704018773834,30,30,True
2016-10,Malaysia,The Star,Developing,3,2319,0.00129366106080207,31,31,True
2016-11,Malaysia,The Star,Developing,5,1759,0.0028425241614553724,30,30,True
2016-12,Malaysia,The Star,Developing,1,1683,0.0005941770647653001,31,31,True
2017-01,Malaysia,The Star,Developing,3,3516,0.0008532423208191126,31,31,True
2017-02,Malaysia,The Star,Developing,5,3154,0.0015852885225110971,28,28,True
2017-03,Malaysia,The Star,Developing,3,3569,0.0008405715886803026,31,31,True
2017-04,Malaysia,The Star,Developing,4,3429,0.0011665208515602217,30,30,True
2017-05,Malaysia,The Star,Developing,3,3510,0.0008547008547008547,31,31,True
2017-06,Malaysia,The Star,Developing,10,3344,0.0029904306220095694,30,30,True
2017-07,Malaysia,The Star,Developing,7,3255,0.002150537634408602,31,31,True
2017-08,Malaysia,The Star,Developing,4,3005,0.0013311148086522463,31,31,True
2017-09,Malaysia,The Star,Developing,2,1782,0.001122334455667789,30,30,True
2017-10,Malaysia,The Star,Developing,1,2290,0.0004366812227074236,31,31,True
2017-11,Malaysia,The Star,Developing,4,2853,0.0014020329477742728,30,30,True
2017-12,Malaysia,The Star,Developing,5,2988,0.0016733601070950468,31,31,True
2018-01,Malaysia,The Star,Developing,7,3636,0.0019251925192519251,31,31,True
2018-02,Malaysia,The Star,Developing,1,3306,0.00030248033877797946,28,28,True
2018-03,Malaysia,The Star,Developing,4,3245,0.0012326656394453005,31,31,True
2018-04,Malaysia,The Star,Developing,3,2106,0.0014245014245014246,30,30,True
2018-05,Malaysia,The Star,Developing,4,3903,0.0010248526774276198,31,31,True
2018-06,Malaysia,The Star,Developing,9,4265,0.0021101992966002345,30,30,True
2018-07,Malaysia,The Star,Developing,1,4026,0.00024838549428713363,31,31,True
2018-08,Malaysia,The Star,Developing,1,4092,0.00024437927663734115,31,31,True
2018-09,Malaysia,The Star,Developing,1,1429,0.0006997900629811056,30,30,True
2018-10,Malaysia,The Star,Developing,8,4068,0.0019665683382497543,31,31,True
2018-11,Malaysia,The Star,Developing,0,726,0.0,30,30,True
2018-12,Malaysia,The Star,Developing,3,4159,0.000721327242125511,31,31,True
2019-01,Malaysia,The Star,Developing,8,5557,0.001439625697318697,31,31,True
2019-02,Malaysia,The Star,Developing,6,8285,0.000724200362100181,28,28,True
2019-03,Malaysia,The Star,Developing,12,8955,0.001340033500837521,31,31,True
2019-04,Malaysia,The Star,Developing,8,8634,0.000926569376882094,30,30,True
2019-05,Malaysia,The Star,Developing,22,9919,0.0022179655207178145,31,31,True
2019-06,Malaysia,The Star,Developing,17,9332,0.0018216888126875268,30,30,True
2019-07,Malaysia,The Star,Developing,16,9082,0.0017617264919621229,31,31,True
2019-08,Malaysia,The Star,Developing,12,8624,0.0013914656771799629,31,31,True
2019-09,Malaysia,The Star,Developing,14,8675,0.0016138328530259365,30,30,True
2019-10,Malaysia,The Star,Developing,7,8373,0.0008360205422190374,31,31,True
2019-11,Malaysia,The Star,Developing,9,7285,0.0012354152367879203,30,30,True
2019-12,Malaysia,The Star,Developing,16,6313,0.0025344527166165057,31,31,True
2020-01,Malaysia,The Star,Developing,6,7160,0.0008379888268156424,31,31,True
2020-02,Malaysia,The Star,Developing,10,6644,0.0015051173991571343,29,29,True
2020-03,Malaysia,The Star,Developing,7,6803,0.001028957812729678,31,31,True
2020-04,Malaysia,The Star,Developing,34,6235,0.00545308740978348,30,30,True
2020-05,Malaysia,The Star,Developing,21,6339,0.003312825366777094,31,31,True
2020-06,Malaysia,The Star,Developing,28,6613,0.004234084379252987,30,30,True
2020-07,Malaysia,The Star,Developing,13,5628,0.0023098791755508173,31,31,True
2020-08,Malaysia,The Star,Developing,13,5620,0.0023131672597864767,31,31,True
2020-09,Malaysia,The Star,Developing,20,6811,0.0029364263691087945,30,30,True
2020-10,Malaysia,The Star,Developing,26,11821,0.0021994755096861516,31,31,True
2020-11,Malaysia,The Star,Developing,14,11320,0.0012367491166077739,30,30,True
2020-12,Malaysia,The Star,Developing,26,11680,0.002226027397260274,31,31,True
2021-01,Malaysia,The Star,Developing,22,11595,0.0018973695558430358,31,31,True
2021-02,Malaysia,The Star,Developing,36,11951,0.003012300225922517,28,28,True
2021-03,Malaysia,The Star,Developing,18,13595,0.0013240161824200074,31,31,True
2021-04,Malaysia,The Star,Developing,17,10788,0.0015758249907304412,30,30,True
2021-05,Malaysia,The Star,Developing,24,12167,0.0019725486972959646,31,31,True
2021-06,Malaysia,The Star,Developing,20,11900,0.0016806722689075631,30,30,True
2021-07,Malaysia,The Star,Developing,11,11005,0.0009995456610631531,31,31,True
2021-08,Malaysia,The Star,Developing,10,9953,0.0010047221943132723,31,31,True
2021-09,Malaysia,The Star,Developing,12,11875,0.0010105263157894737,30,30,True
2021-10,Malaysia,The Star,Developing,22,12072,0.0018223989396951624,31,31,True
2021-11,Malaysia,The Star,Developing,22,12878,0.0017083398043174407,30,30,True
2021-12,Malaysia,The Star,Developing,9,10714,0.0008400224005973493,31,31,True
2022-01,Malaysia,The Star,Developing,2,9093,0.00021994941163532388,31,31,True
2022-02,Malaysia,The Star,Developing,11,10514,0.001046224082176146,28,28,True
2022-03,Malaysia,The Star,Developing,9,10251,0.000877963125548727,31,31,True
2022-04,Malaysia,The Star,Developing,4,5600,0.0007142857142857143,30,30,True
2022-05,Malaysia,The Star,Developing,17,8646,0.001966227157066852,31,31,True
2022-06,Malaysia,The Star,Developing,14,9116,0.00153576129881527,30,30,True
2022-07,Malaysia,The Star,Developing,13,8356,0.0015557683101962662,31,31,True
2022-08,Malaysia,The Star,Developing,16,9075,0.0017630853994490359,31,31,True
2022-09,Malaysia,The Star,Developing,21,10047,0.0020901761719916393,30,30,True
2022-10,Malaysia,The Star,Developing,21,10505,0.001999048072346502,31,31,True
2022-11,Malaysia,The Star,Developing,27,12590,0.0021445591739475776,30,30,True
2022-12,Malaysia,The Star,Developing,21,10886,0.001929083226162043,31,31,True
2023-01,Malaysia,The Star,Developing,4,11237,0.0003559668950787577,31,31,True
2023-02,Malaysia,The Star,Developing,10,10529,0.0009497578117580017,28,28,True
2023-03,Malaysia,The Star,Developing,13,10783,0.0012056014096262636,31,31,True
2023-04,Malaysia,The Star,Developing,10,9054,0.001104484205875856,30,30,True
2023-05,Malaysia,The Star,Developing,13,8898,0.0014610024724657227,31,31,True
2023-06,Malaysia,The Star,Developing,6,8488,0.000706880301602262,30,30,True
2023-07,Malaysia,The Star,Developing,15,4714,0.003182011030971574,19,31,False
2023-08,Malaysia,The Star,Developing,0,3,0.0,3,31,False
2023-10,Malaysia,The Star,Developing,0,3,0.0,3,31,False
2023-12,Malaysia,The Star,Developing,0,1,0.0,1,31,False
2024-01,Malaysia,The Star,Developing,0,7,0.0,3,31,False
2024-02,Malaysia,The Star,Developing,2,2344,0.0008532423208191126,24,29,False
2024-03,Malaysia,The Star,Developing,3,9104,0.0003295254833040422,31,31,True
2024-04,Malaysia,The Star,Developing,1,8910,0.0001122334455667789,30,30,True
2024-05,Malaysia,The Star,Developing,7,9392,0.0007453151618398638,31,31,True
2024-06,Malaysia,The Star,Developing,7,9014,0.0007765697803416907,30,30,True
2024-07,Malaysia,The Star,Developing,5,8618,0.0005801810164771409,31,31,True
2024-08,Malaysia,The Star,Developing,5,8911,0.000561104253170239,31,31,True
2024-09,Malaysia,The Star,Developing,6,9630,0.0006230529595015577,30,30,True
2024-10,Malaysia,The Star,Developing,10,10094,0.0009906875371507827,31,31,True
2024-11,Malaysia,The Star,Developing,28,10475,0.0026730310262529835,30,30,True
2024-12,Malaysia,The Star,Developing,6,8727,0.0006875214850464077,31,31,True
2025-01,Malaysia,The Star,Developing,6,10020,0.0005988023952095808,31,31,True
2025-02,Malaysia,The Star,Developing,10,10229,0.0009776126698602015,28,28,True
2025-03,Malaysia,The Star,Developing,7,10413,0.0006722366272928071,31,31,True
2025-04,Malaysia,The Star,Developing,8,9570,0.0008359456635318704,30,30,True
2025-05,Malaysia,The Star,Developing,8,9496,0.0008424599831508003,31,31,True
2025-06,Malaysia,The Star,Developing,8,8744,0.0009149130832570906,30,30,True
2025-07,Malaysia,The Star,Developing,7,8454,0.0008280104092737166,31,31,True
2025-08,Malaysia,The Star,Developing,2,8324,0.0002402691013935608,31,31,True
2025-09,Malaysia,The Star,Developing,6,9563,0.000627418174213113,30,30,True
2025-10,Malaysia,The Star,Developing,9,9644,0.0009332227291580257,31,31,True
2025-11,Malaysia,The Star,Developing,20,10532,0.0018989745537409798,30,30,True
2025-12,Malaysia,The Star,Developing,5,9189,0.0005441288497116117,31,31,True
2026-01,Malaysia,The Star,Developing,7,9699,0.0007217238890607279,31,31,True
2026-02,Malaysia,The Star,Developing,6,10757,0.0005577763316909919,28,28,True
2026-03,Malaysia,The Star,Developing,12,11048,0.0010861694424330196,31,31,True
2026-04,Malaysia,The Star,Developing,19,9991,0.0019017115403863478,30,30,True
2026-05,Malaysia,The Star,Developing,15,9704,0.0015457543281121187,31,31,True
2026-06,Malaysia,The Star,Developing,10,9439,0.0010594342621040365,30,30,True
2026-07,Malaysia,The Star,Developing,14,8328,0.0016810758885686839,31,31,True
2026-08,Malaysia,The Star,Developing,0,1,0.0,1,31,False
2016-01,Malaysia,The Star,High income,1,3444,0.00029036004645760743,31,31,True
2016-02,Malaysia,The Star,High income,1,3413,0.0002929973630237328,29,29,True
2016-03,Malaysia,The Star,High income,0,3500,0.0,31,31,True
2016-04,Malaysia,The Star,High income,0,3057,0.0,30,30,True
2016-05,Malaysia,The Star,High income,1,3305,0.000302571860816944,31,31,True
2016-06,Malaysia,The Star,High income,0,3446,0.0,30,30,True
2016-07,Malaysia,The Star,High income,1,3268,0.0003059975520195838,31,31,True
2016-08,Malaysia,The Star,High income,0,3426,0.0,31,31,True
2016-09,Malaysia,The Star,High income,1,3409,0.0002933411557641537,30,30,True
2016-10,Malaysia,The Star,High income,0,2319,0.0,31,31,True
2016-11,Malaysia,The Star,High income,0,1759,0.0,30,30,True
2016-12,Malaysia,The Star,High income,0,1683,0.0,31,31,True
2017-01,Malaysia,The Star,High income,1,3516,0.0002844141069397042,31,31,True
2017-02,Malaysia,The Star,High income,1,3154,0.0003170577045022194,28,28,True
2017-03,Malaysia,The Star,High income,0,3569,0.0,31,31,True
2017-04,Malaysia,The Star,High income,0,3429,0.0,30,30,True
2017-05,Malaysia,The Star,High income,1,3510,0.0002849002849002849,31,31,True
2017-06,Malaysia,The Star,High income,0,3344,0.0,30,30,True
2017-07,Malaysia,The Star,High income,1,3255,0.00030721966205837174,31,31,True
2017-08,Malaysia,The Star,High income,1,3005,0.00033277870216306157,31,31,True
2017-09,Malaysia,The Star,High income,0,1782,0.0,30,30,True
2017-10,Malaysia,The Star,High income,0,2290,0.0,31,31,True
2017-11,Malaysia,The Star,High income,0,2853,0.0,30,30,True
2017-12,Malaysia,The Star,High income,2,2988,0.0006693440428380187,31,31,True
2018-01,Malaysia,The Star,High income,0,3636,0.0,31,31,True
2018-02,Malaysia,The Star,High income,1,3306,0.00030248033877797946,28,28,True
2018-03,Malaysia,The Star,High income,2,3245,0.0006163328197226503,31,31,True
2018-04,Malaysia,The Star,High income,2,2106,0.000949667616334283,30,30,True
2018-05,Malaysia,The Star,High income,0,3903,0.0,31,31,True
2018-06,Malaysia,The Star,High income,1,4265,0.00023446658851113716,30,30,True
2018-07,Malaysia,The Star,High income,0,4026,0.0,31,31,True
2018-08,Malaysia,The Star,High income,0,4092,0.0,31,31,True
2018-09,Malaysia,The Star,High income,1,1429,0.0006997900629811056,30,30,True
2018-10,Malaysia,The Star,High income,1,4068,0.0002458210422812193,31,31,True
2018-11,Malaysia,The Star,High income,0,726,0.0,30,30,True
2018-12,Malaysia,The Star,High income,1,4159,0.00024044241404183698,31,31,True
2019-01,Malaysia,The Star,High income,0,5557,0.0,31,31,True
2019-02,Malaysia,The Star,High income,0,8285,0.0,28,28,True
2019-03,Malaysia,The Star,High income,0,8955,0.0,31,31,True
2019-04,Malaysia,The Star,High income,1,8634,0.00011582117211026175,30,30,True
2019-05,Malaysia,The Star,High income,0,9919,0.0,31,31,True
2019-06,Malaysia,The Star,High income,1,9332,0.00010715816545220746,30,30,True
2019-07,Malaysia,The Star,High income,1,9082,0.00011010790574763268,31,31,True
2019-08,Malaysia,The Star,High income,1,8624,0.00011595547309833024,31,31,True
2019-09,Malaysia,The Star,High income,1,8675,0.00011527377521613833,30,30,True
2019-10,Malaysia,The Star,High income,1,8373,0.00011943150603129105,31,31,True
2019-11,Malaysia,The Star,High income,3,7285,0.0004118050789293068,30,30,True
2019-12,Malaysia,The Star,High income,0,6313,0.0,31,31,True
2020-01,Malaysia,The Star,High income,1,7160,0.00013966480446927373,31,31,True
2020-02,Malaysia,The Star,High income,1,6644,0.00015051173991571343,29,29,True
2020-03,Malaysia,The Star,High income,2,6803,0.00029398794649419373,31,31,True
2020-04,Malaysia,The Star,High income,2,6235,0.00032076984763432237,30,30,True
2020-05,Malaysia,The Star,High income,0,6339,0.0,31,31,True
2020-06,Malaysia,The Star,High income,1,6613,0.00015121729925903524,30,30,True
2020-07,Malaysia,The Star,High income,2,5628,0.00035536602700781805,31,31,True
2020-08,Malaysia,The Star,High income,0,5620,0.0,31,31,True
2020-09,Malaysia,The Star,High income,3,6811,0.0004404639553663192,30,30,True
2020-10,Malaysia,The Star,High income,0,11821,0.0,31,31,True
2020-11,Malaysia,The Star,High income,1,11320,8.833922261484099e-05,30,30,True
2020-12,Malaysia,The Star,High income,2,11680,0.00017123287671232877,31,31,True
2021-01,Malaysia,The Star,High income,3,11595,0.000258732212160414,31,31,True
2021-02,Malaysia,The Star,High income,4,11951,0.0003347000251025019,28,28,True
2021-03,Malaysia,The Star,High income,1,13595,7.35564545788893e-05,31,31,True
2021-04,Malaysia,The Star,High income,2,10788,0.0001853911753800519,30,30,True
2021-05,Malaysia,The Star,High income,0,12167,0.0,31,31,True
2021-06,Malaysia,The Star,High income,4,11900,0.0003361344537815126,30,30,True
2021-07,Malaysia,The Star,High income,3,11005,0.00027260336210813266,31,31,True
2021-08,Malaysia,The Star,High income,4,9953,0.000401888877725309,31,31,True
2021-09,Malaysia,The Star,High income,0,11875,0.0,30,30,True
2021-10,Malaysia,The Star,High income,4,12072,0.0003313452617627568,31,31,True
2021-11,Malaysia,The Star,High income,4,12878,0.00031060723714862557,30,30,True
2021-12,Malaysia,The Star,High income,5,10714,0.00046667911144297183,31,31,True
2022-01,Malaysia,The Star,High income,2,9093,0.00021994941163532388,31,31,True
2022-02,Malaysia,The Star,High income,4,10514,0.00038044512079132587,28,28,True
2022-03,Malaysia,The Star,High income,2,10251,0.000195102916788606,31,31,True
2022-04,Malaysia,The Star,High income,2,5600,0.00035714285714285714,30,30,True
2022-05,Malaysia,The Star,High income,2,8646,0.0002313208420078649,31,31,True
2022-06,Malaysia,The Star,High income,2,9116,0.00021939447125932427,30,30,True
2022-07,Malaysia,The Star,High income,0,8356,0.0,31,31,True
2022-08,Malaysia,The Star,High income,0,9075,0.0,31,31,True
2022-09,Malaysia,The Star,High income,4,10047,0.0003981287946650742,30,30,True
2022-10,Malaysia,The Star,High income,0,10505,0.0,31,31,True
2022-11,Malaysia,The Star,High income,2,12590,0.00015885623510722796,30,30,True
2022-12,Malaysia,The Star,High income,0,10886,0.0,31,31,True
2023-01,Malaysia,The Star,High income,1,11237,8.899172376968942e-05,31,31,True
2023-02,Malaysia,The Star,High income,0,10529,0.0,28,28,True
2023-03,Malaysia,The Star,High income,0,10783,0.0,31,31,True
2023-04,Malaysia,The Star,High income,1,9054,0.0001104484205875856,30,30,True
2023-05,Malaysia,The Star,High income,0,8898,0.0,31,31,True
2023-06,Malaysia,The Star,High income,0,8488,0.0,30,30,True
2023-07,Malaysia,The Star,High income,0,4714,0.0,19,31,False
2023-08,Malaysia,The Star,High income,0,3,0.0,3,31,False
2023-10,Malaysia,The Star,High income,0,3,0.0,3,31,False
2023-12,Malaysia,The Star,High income,0,1,0.0,1,31,False
2024-01,Malaysia,The Star,High income,0,7,0.0,3,31,False
2024-02,Malaysia,The Star,High income,2,2344,0.0008532423208191126,24,29,False
2024-03,Malaysia,The Star,High income,1,9104,0.00010984182776801405,31,31,True
2024-04,Malaysia,The Star,High income,1,8910,0.0001122334455667789,30,30,True
2024-05,Malaysia,The Star,High income,0,9392,0.0,31,31,True
2024-06,Malaysia,The Star,High income,2,9014,0.00022187708009762592,30,30,True
2024-07,Malaysia,The Star,High income,1,8618,0.00011603620329542818,31,31,True
2024-08,Malaysia,The Star,High income,1,8911,0.00011222085063404781,31,31,True
2024-09,Malaysia,The Star,High income,1,9630,0.00010384215991692627,30,30,True
2024-10,Malaysia,The Star,High income,0,10094,0.0,31,31,True
2024-11,Malaysia,The Star,High income,9,10475,0.0008591885441527447,30,30,True
2024-12,Malaysia,The Star,High income,0,8727,0.0,31,31,True
2025-01,Malaysia,The Star,High income,0,10020,0.0,31,31,True
2025-02,Malaysia,The Star,High income,1,10229,9.776126698602014e-05,28,28,True
2025-03,Malaysia,The Star,High income,0,10413,0.0,31,31,True
2025-04,Malaysia,The Star,High income,1,9570,0.0001044932079414838,30,30,True
2025-05,Malaysia,The Star,High income,3,9496,0.0003159224936815501,31,31,True
2025-06,Malaysia,The Star,High income,0,8744,0.0,30,30,True
2025-07,Malaysia,The Star,High income,2,8454,0.0002365744026496333,31,31,True
2025-08,Malaysia,The Star,High income,1,8324,0.0001201345506967804,31,31,True
2025-09,Malaysia,The Star,High income,0,9563,0.0,30,30,True
2025-10,Malaysia,The Star,High income,2,9644,0.00020738282870178348,31,31,True
2025-11,Malaysia,The Star,High income,1,10532,9.494872768704899e-05,30,30,True
2025-12,Malaysia,The Star,High income,0,9189,0.0,31,31,True
2026-01,Malaysia,The Star,High income,2,9699,0.00020620682544592226,31,31,True
2026-02,Malaysia,The Star,High income,2,10757,0.0001859254438969973,28,28,True
2026-03,Malaysia,The Star,High income,2,11048,0.00018102824040550325,31,31,True
2026-04,Malaysia,The Star,High income,0,9991,0.0,30,30,True
2026-05,Malaysia,The Star,High income,1,9704,0.00010305028854080792,31,31,True
2026-06,Malaysia,The Star,High income,1,9439,0.00010594342621040364,30,30,True
2026-07,Malaysia,The Star,High income,2,8328,0.00024015369836695484,31,31,True
2026-08,Malaysia,The Star,High income,0,1,0.0,1,31,False
2016-01,Nigeria,Punch,Developing,11,2025,0.005432098765432099,31,31,True
2016-02,Nigeria,Punch,Developing,10,2146,0.004659832246039142,29,29,True
2016-03,Nigeria,Punch,Developing,6,1791,0.0033500837520938024,31,31,True
2016-04,Nigeria,Punch,Developing,3,1279,0.0023455824863174357,29,30,False
2016-05,Nigeria,Punch,Developing,7,1474,0.0047489823609226595,31,31,True
2016-06,Nigeria,Punch,Developing,1,1498,0.0006675567423230974,30,30,True
2016-07,Nigeria,Punch,Developing,7,2439,0.002870028700287003,31,31,True
2016-08,Nigeria,Punch,Developing,12,2859,0.004197271773347324,31,31,True
2016-09,Nigeria,Punch,Developing,13,2656,0.004894578313253012,30,30,True
2016-10,Nigeria,Punch,Developing,10,2266,0.00441306266548985,31,31,True
2016-11,Nigeria,Punch,Developing,6,2194,0.0027347310847766638,30,30,True
2016-12,Nigeria,Punch,Developing,8,2126,0.0037629350893697085,31,31,True
2017-01,Nigeria,Punch,Developing,20,4850,0.004123711340206186,31,31,True
2017-02,Nigeria,Punch,Developing,11,4045,0.002719406674907293,28,28,True
2017-03,Nigeria,Punch,Developing,14,4701,0.0029780897681344395,31,31,True
2017-04,Nigeria,Punch,Developing,14,4468,0.003133393017009848,30,30,True
2017-05,Nigeria,Punch,Developing,9,4728,0.0019035532994923859,31,31,True
2017-06,Nigeria,Punch,Developing,12,4476,0.002680965147453083,30,30,True
2017-07,Nigeria,Punch,Developing,18,4462,0.004034065441506051,31,31,True
2017-08,Nigeria,Punch,Developing,11,4465,0.002463605823068309,31,31,True
2017-09,Nigeria,Punch,Developing,4,1953,0.002048131080389145,30,30,True
2017-10,Nigeria,Punch,Developing,8,2299,0.0034797738147020443,31,31,True
2017-11,Nigeria,Punch,Developing,11,2835,0.0038800705467372134,30,30,True
2017-12,Nigeria,Punch,Developing,14,3735,0.003748326639892905,31,31,True
2018-01,Nigeria,Punch,Developing,8,4087,0.0019574259848299485,31,31,True
2018-02,Nigeria,Punch,Developing,12,3435,0.0034934497816593887,28,28,True
2018-03,Nigeria,Punch,Developing,16,3594,0.004451864218141347,31,31,True
2018-04,Nigeria,Punch,Developing,6,1928,0.0031120331950207467,30,30,True
2018-05,Nigeria,Punch,Developing,17,3664,0.004639737991266376,31,31,True
2018-06,Nigeria,Punch,Developing,7,4382,0.001597444089456869,30,30,True
2018-07,Nigeria,Punch,Developing,9,4826,0.0018648984666390386,31,31,True
2018-08,Nigeria,Punch,Developing,12,5238,0.002290950744558992,31,31,True
2018-09,Nigeria,Punch,Developing,6,1346,0.004457652303120356,29,30,False
2018-10,Nigeria,Punch,Developing,6,1023,0.005865102639296188,31,31,True
2018-11,Nigeria,Punch,Developing,0,187,0.0,30,30,True
2018-12,Nigeria,Punch,Developing,2,460,0.004347826086956522,31,31,True
2019-01,Nigeria,Punch,Developing,3,592,0.005067567567567568,31,31,True
2019-02,Nigeria,Punch,Developing,1,625,0.0016,28,28,True
2019-03,Nigeria,Punch,Developing,4,558,0.007168458781362007,30,31,False
2019-04,Nigeria,Punch,Developing,1,487,0.002053388090349076,30,30,True
2019-05,Nigeria,Punch,Developing,3,1546,0.0019404915912031048,31,31,True
2019-06,Nigeria,Punch,Developing,12,4363,0.0027504011001604402,30,30,True
2019-07,Nigeria,Punch,Developing,12,4737,0.00253324889170361,31,31,True
2019-08,Nigeria,Punch,Developing,6,5986,0.0010023387905111927,31,31,True
2019-09,Nigeria,Punch,Developing,24,5626,0.004265908282971916,30,30,True
2019-10,Nigeria,Punch,Developing,14,5312,0.0026355421686746986,31,31,True
2019-11,Nigeria,Punch,Developing,11,4540,0.002422907488986784,30,30,True
2019-12,Nigeria,Punch,Developing,9,4071,0.002210759027266028,31,31,True
2020-01,Nigeria,Punch,Developing,13,3653,0.0035587188612099642,31,31,True
2020-02,Nigeria,Punch,Developing,14,3925,0.0035668789808917197,28,29,False
2020-03,Nigeria,Punch,Developing,15,4089,0.003668378576669112,31,31,True
2020-04,Nigeria,Punch,Developing,32,3917,0.008169517487873373,30,30,True
2020-05,Nigeria,Punch,Developing,15,3787,0.003960918933192501,31,31,True
2020-06,Nigeria,Punch,Developing,14,3382,0.004139562389118865,30,30,True
2020-07,Nigeria,Punch,Developing,15,3450,0.004347826086956522,31,31,True
2020-08,Nigeria,Punch,Developing,9,3532,0.002548131370328426,31,31,True
2020-09,Nigeria,Punch,Developing,8,3835,0.0020860495436766623,30,30,True
2020-10,Nigeria,Punch,Developing,15,4072,0.0036836935166994107,31,31,True
2020-11,Nigeria,Punch,Developing,14,4084,0.0034280117531831538,30,30,True
2020-12,Nigeria,Punch,Developing,21,4360,0.00481651376146789,31,31,True
2021-01,Nigeria,Punch,Developing,10,4084,0.002448579823702253,31,31,True
2021-02,Nigeria,Punch,Developing,13,3684,0.003528773072747014,28,28,True
2021-03,Nigeria,Punch,Developing,16,3036,0.005270092226613966,27,31,False
2021-04,Nigeria,Punch,Developing,8,1387,0.005767844268204758,15,30,False
2021-05,Nigeria,Punch,Developing,12,3423,0.0035056967572304996,31,31,True
2021-06,Nigeria,Punch,Developing,14,3477,0.004026459591601955,30,30,True
2021-07,Nigeria,Punch,Developing,15,4616,0.0032495667244367417,31,31,True
2021-08,Nigeria,Punch,Developing,27,5417,0.0049843086579287425,31,31,True
2021-09,Nigeria,Punch,Developing,23,5013,0.004588071015360064,30,30,True
2021-10,Nigeria,Punch,Developing,29,4653,0.006232538147431765,31,31,True
2021-11,Nigeria,Punch,Developing,19,3752,0.005063965884861407,30,30,True
2021-12,Nigeria,Punch,Developing,20,4135,0.0048367593712212815,31,31,True
2022-01,Nigeria,Punch,Developing,13,4515,0.0028792912513842745,31,31,True
2022-02,Nigeria,Punch,Developing,10,4218,0.002370791844476055,28,28,True
2022-03,Nigeria,Punch,Developing,16,4769,0.003355001048437828,31,31,True
2022-04,Nigeria,Punch,Developing,13,3651,0.0035606683100520404,28,30,False
2022-05,Nigeria,Punch,Developing,4,3270,0.0012232415902140672,26,31,False
2022-06,Nigeria,Punch,Developing,12,3469,0.003459210147016431,30,30,True
2022-07,Nigeria,Punch,Developing,5,3745,0.0013351134846461949,31,31,True
2022-08,Nigeria,Punch,Developing,9,3445,0.0026124818577648768,31,31,True
2022-09,Nigeria,Punch,Developing,17,3737,0.004549103559004549,30,30,True
2022-10,Nigeria,Punch,Developing,16,3777,0.004236166269526079,31,31,True
2022-11,Nigeria,Punch,Developing,12,3367,0.003564003564003564,30,30,True
2022-12,Nigeria,Punch,Developing,12,3601,0.0033324076645376284,31,31,True
2023-01,Nigeria,Punch,Developing,16,3991,0.004009020295665247,31,31,True
2023-02,Nigeria,Punch,Developing,20,4442,0.004502476361999099,28,28,True
2023-03,Nigeria,Punch,Developing,15,4336,0.003459409594095941,31,31,True
2023-04,Nigeria,Punch,Developing,18,4124,0.004364694471387003,30,30,True
2023-05,Nigeria,Punch,Developing,12,4670,0.002569593147751606,31,31,True
2023-06,Nigeria,Punch,Developing,15,4301,0.0034875610323180655,30,30,True
2023-07,Nigeria,Punch,Developing,23,3692,0.006229685807150596,31,31,True
2023-08,Nigeria,Punch,Developing,17,3870,0.004392764857881137,31,31,True
2023-09,Nigeria,Punch,Developing,18,3962,0.004543160020191822,30,30,True
2023-10,Nigeria,Punch,Developing,23,3908,0.005885363357215967,31,31,True
2023-11,Nigeria,Punch,Developing,9,4120,0.002184466019417476,30,30,True
2023-12,Nigeria,Punch,Developing,16,3972,0.004028197381671702,31,31,True
2024-01,Nigeria,Punch,Developing,10,3351,0.0029841838257236644,31,31,True
2024-02,Nigeria,Punch,Developing,6,3430,0.001749271137026239,29,29,True
2024-03,Nigeria,Punch,Developing,15,3343,0.004486987735566856,31,31,True
2024-04,Nigeria,Punch,Developing,8,2038,0.003925417075564278,22,30,False
2024-05,Nigeria,Punch,Developing,3,740,0.004054054054054054,7,31,False
2024-06,Nigeria,Punch,Developing,23,3619,0.0063553467808786955,30,30,True
2024-07,Nigeria,Punch,Developing,12,3709,0.0032353734160150984,28,31,False
2024-08,Nigeria,Punch,Developing,8,4308,0.0018570102135561746,31,31,True
2024-09,Nigeria,Punch,Developing,11,4552,0.0024165202108963092,30,30,True
2024-10,Nigeria,Punch,Developing,15,4637,0.003234850118611171,31,31,True
2024-11,Nigeria,Punch,Developing,16,3941,0.0040598832783557475,30,30,True
2024-12,Nigeria,Punch,Developing,6,3783,0.0015860428231562252,30,31,False
2025-01,Nigeria,Punch,Developing,10,4309,0.0023207240659085635,31,31,True
2025-02,Nigeria,Punch,Developing,6,4003,0.0014988758431176618,28,28,True
2025-03,Nigeria,Punch,Developing,9,4489,0.0020049008687903764,31,31,True
2025-04,Nigeria,Punch,Developing,8,2573,0.003109211037699184,18,30,False
2025-11,Nigeria,Punch,Developing,0,956,0.0,9,30,False
2025-12,Nigeria,Punch,Developing,14,4907,0.0028530670470756064,31,31,True
2026-01,Nigeria,Punch,Developing,7,4650,0.0015053763440860215,31,31,True
2026-02,Nigeria,Punch,Developing,9,3474,0.0025906735751295338,25,28,False
2026-03,Nigeria,Punch,Developing,7,3468,0.002018454440599769,31,31,True
2026-04,Nigeria,Punch,Developing,12,4112,0.0029182879377431907,30,30,True
2026-05,Nigeria,Punch,Developing,7,5433,0.0012884226026136573,31,31,True
2026-06,Nigeria,Punch,Developing,13,4391,0.002960601229788203,29,30,False
2026-07,Nigeria,Punch,Developing,18,4705,0.0038257173219978747,29,31,False
2016-01,Nigeria,Punch,High income,2,2025,0.0009876543209876543,31,31,True
2016-02,Nigeria,Punch,High income,0,2146,0.0,29,29,True
2016-03,Nigeria,Punch,High income,0,1791,0.0,31,31,True
2016-04,Nigeria,Punch,High income,1,1279,0.0007818608287724785,29,30,False
2016-05,Nigeria,Punch,High income,0,1474,0.0,31,31,True
2016-06,Nigeria,Punch,High income,0,1498,0.0,30,30,True
2016-07,Nigeria,Punch,High income,0,2439,0.0,31,31,True
2016-08,Nigeria,Punch,High income,0,2859,0.0,31,31,True
2016-09,Nigeria,Punch,High income,0,2656,0.0,30,30,True
2016-10,Nigeria,Punch,High income,0,2266,0.0,31,31,True
2016-11,Nigeria,Punch,High income,1,2194,0.00045578851412944393,30,30,True
2016-12,Nigeria,Punch,High income,0,2126,0.0,31,31,True
2017-01,Nigeria,Punch,High income,0,4850,0.0,31,31,True
2017-02,Nigeria,Punch,High income,0,4045,0.0,28,28,True
2017-03,Nigeria,Punch,High income,1,4701,0.00021272069772388852,31,31,True
2017-04,Nigeria,Punch,High income,0,4468,0.0,30,30,True
2017-05,Nigeria,Punch,High income,0,4728,0.0,31,31,True
2017-06,Nigeria,Punch,High income,1,4476,0.00022341376228775692,30,30,True
2017-07,Nigeria,Punch,High income,0,4462,0.0,31,31,True
2017-08,Nigeria,Punch,High income,4,4465,0.0008958566629339306,31,31,True
2017-09,Nigeria,Punch,High income,0,1953,0.0,30,30,True
2017-10,Nigeria,Punch,High income,1,2299,0.00043497172683775554,31,31,True
2017-11,Nigeria,Punch,High income,0,2835,0.0,30,30,True
2017-12,Nigeria,Punch,High income,0,3735,0.0,31,31,True
2018-01,Nigeria,Punch,High income,0,4087,0.0,31,31,True
2018-02,Nigeria,Punch,High income,0,3435,0.0,28,28,True
2018-03,Nigeria,Punch,High income,0,3594,0.0,31,31,True
2018-04,Nigeria,Punch,High income,0,1928,0.0,30,30,True
2018-05,Nigeria,Punch,High income,0,3664,0.0,31,31,True
2018-06,Nigeria,Punch,High income,1,4382,0.00022820629849383843,30,30,True
2018-07,Nigeria,Punch,High income,1,4826,0.00020721094073767094,31,31,True
2018-08,Nigeria,Punch,High income,0,5238,0.0,31,31,True
2018-09,Nigeria,Punch,High income,0,1346,0.0,29,30,False
2018-10,Nigeria,Punch,High income,0,1023,0.0,31,31,True
2018-11,Nigeria,Punch,High income,0,187,0.0,30,30,True
2018-12,Nigeria,Punch,High income,0,460,0.0,31,31,True
2019-01,Nigeria,Punch,High income,0,592,0.0,31,31,True
2019-02,Nigeria,Punch,High income,0,625,0.0,28,28,True
2019-03,Nigeria,Punch,High income,0,558,0.0,30,31,False
2019-04,Nigeria,Punch,High income,0,487,0.0,30,30,True
2019-05,Nigeria,Punch,High income,0,1546,0.0,31,31,True
2019-06,Nigeria,Punch,High income,0,4363,0.0,30,30,True
2019-07,Nigeria,Punch,High income,0,4737,0.0,31,31,True
2019-08,Nigeria,Punch,High income,0,5986,0.0,31,31,True
2019-09,Nigeria,Punch,High income,1,5626,0.00017774617845716317,30,30,True
2019-10,Nigeria,Punch,High income,1,5312,0.00018825301204819278,31,31,True
2019-11,Nigeria,Punch,High income,0,4540,0.0,30,30,True
2019-12,Nigeria,Punch,High income,0,4071,0.0,31,31,True
2020-01,Nigeria,Punch,High income,0,3653,0.0,31,31,True
2020-02,Nigeria,Punch,High income,3,3925,0.0007643312101910828,28,29,False
2020-03,Nigeria,Punch,High income,1,4089,0.00024455857177794083,31,31,True
2020-04,Nigeria,Punch,High income,0,3917,0.0,30,30,True
2020-05,Nigeria,Punch,High income,1,3787,0.0002640612622128334,31,31,True
2020-06,Nigeria,Punch,High income,0,3382,0.0,30,30,True
2020-07,Nigeria,Punch,High income,0,3450,0.0,31,31,True
2020-08,Nigeria,Punch,High income,1,3532,0.00028312570781426955,31,31,True
2020-09,Nigeria,Punch,High income,2,3835,0.0005215123859191656,30,30,True
2020-10,Nigeria,Punch,High income,2,4072,0.0004911591355599214,31,31,True
2020-11,Nigeria,Punch,High income,4,4084,0.0009794319294809011,30,30,True
2020-12,Nigeria,Punch,High income,0,4360,0.0,31,31,True
2021-01,Nigeria,Punch,High income,1,4084,0.0002448579823702253,31,31,True
2021-02,Nigeria,Punch,High income,0,3684,0.0,28,28,True
2021-03,Nigeria,Punch,High income,0,3036,0.0,27,31,False
2021-04,Nigeria,Punch,High income,1,1387,0.0007209805335255948,15,30,False
2021-05,Nigeria,Punch,High income,1,3423,0.00029214139643587495,31,31,True
2021-06,Nigeria,Punch,High income,1,3477,0.0002876042565429968,30,30,True
2021-07,Nigeria,Punch,High income,2,4616,0.0004332755632582322,31,31,True
2021-08,Nigeria,Punch,High income,0,5417,0.0,31,31,True
2021-09,Nigeria,Punch,High income,6,5013,0.0011968880909634949,30,30,True
2021-10,Nigeria,Punch,High income,5,4653,0.001074575542660649,31,31,True
2021-11,Nigeria,Punch,High income,3,3752,0.0007995735607675906,30,30,True
2021-12,Nigeria,Punch,High income,4,4135,0.0009673518742442564,31,31,True
2022-01,Nigeria,Punch,High income,1,4515,0.00022148394241417498,31,31,True
2022-02,Nigeria,Punch,High income,4,4218,0.000948316737790422,28,28,True
2022-03,Nigeria,Punch,High income,0,4769,0.0,31,31,True
2022-04,Nigeria,Punch,High income,1,3651,0.0002738975623116954,28,30,False
2022-05,Nigeria,Punch,High income,0,3270,0.0,26,31,False
2022-06,Nigeria,Punch,High income,0,3469,0.0,30,30,True
2022-07,Nigeria,Punch,High income,0,3745,0.0,31,31,True
2022-08,Nigeria,Punch,High income,0,3445,0.0,31,31,True
2022-09,Nigeria,Punch,High income,1,3737,0.0002675943270002676,30,30,True
2022-10,Nigeria,Punch,High income,2,3777,0.0005295207836907599,31,31,True
2022-11,Nigeria,Punch,High income,0,3367,0.0,30,30,True
2022-12,Nigeria,Punch,High income,1,3601,0.00027770063871146905,31,31,True
2023-01,Nigeria,Punch,High income,3,3991,0.0007516913054372337,31,31,True
2023-02,Nigeria,Punch,High income,4,4442,0.0009004952723998199,28,28,True
2023-03,Nigeria,Punch,High income,5,4336,0.0011531365313653136,31,31,True
2023-04,Nigeria,Punch,High income,3,4124,0.0007274490785645005,30,30,True
2023-05,Nigeria,Punch,High income,7,4670,0.0014989293361884369,31,31,True
2023-06,Nigeria,Punch,High income,1,4301,0.00023250406882120437,30,30,True
2023-07,Nigeria,Punch,High income,2,3692,0.0005417118093174431,31,31,True
2023-08,Nigeria,Punch,High income,1,3870,0.00025839793281653745,31,31,True
2023-09,Nigeria,Punch,High income,5,3962,0.0012619888944977284,30,30,True
2023-10,Nigeria,Punch,High income,1,3908,0.00025588536335721597,31,31,True
2023-11,Nigeria,Punch,High income,0,4120,0.0,30,30,True
2023-12,Nigeria,Punch,High income,2,3972,0.0005035246727089627,31,31,True
2024-01,Nigeria,Punch,High income,2,3351,0.000596836765144733,31,31,True
2024-02,Nigeria,Punch,High income,2,3430,0.0005830903790087463,29,29,True
2024-03,Nigeria,Punch,High income,2,3343,0.0005982650314089142,31,31,True
2024-04,Nigeria,Punch,High income,1,2038,0.0004906771344455348,22,30,False
2024-05,Nigeria,Punch,High income,1,740,0.0013513513513513514,7,31,False
2024-06,Nigeria,Punch,High income,2,3619,0.0005526388505111909,30,30,True
2024-07,Nigeria,Punch,High income,1,3709,0.00026961445133459155,28,31,False
2024-08,Nigeria,Punch,High income,0,4308,0.0,31,31,True
2024-09,Nigeria,Punch,High income,0,4552,0.0,30,30,True
2024-10,Nigeria,Punch,High income,1,4637,0.00021565667457407807,31,31,True
2024-11,Nigeria,Punch,High income,0,3941,0.0,30,30,True
2024-12,Nigeria,Punch,High income,3,3783,0.0007930214115781126,30,31,False
2025-01,Nigeria,Punch,High income,0,4309,0.0,31,31,True
2025-02,Nigeria,Punch,High income,1,4003,0.0002498126405196103,28,28,True
2025-03,Nigeria,Punch,High income,2,4489,0.00044553352639786146,31,31,True
2025-04,Nigeria,Punch,High income,0,2573,0.0,18,30,False
2025-11,Nigeria,Punch,High income,0,956,0.0,9,30,False
2025-12,Nigeria,Punch,High income,0,4907,0.0,31,31,True
2026-01,Nigeria,Punch,High income,1,4650,0.00021505376344086021,31,31,True
2026-02,Nigeria,Punch,High income,0,3474,0.0,25,28,False
2026-03,Nigeria,Punch,High income,1,3468,0.0002883506343713956,31,31,True
2026-04,Nigeria,Punch,High income,2,4112,0.00048638132295719845,30,30,True
2026-05,Nigeria,Punch,High income,0,5433,0.0,31,31,True
2026-06,Nigeria,Punch,High income,1,4391,0.0002277385561375541,29,30,False
2026-07,Nigeria,Punch,High income,0,4705,0.0,29,31,False
2016-01,Qatar,Al Jazeera,Developing,6,997,0.006018054162487462,31,31,True
2016-02,Qatar,Al Jazeera,Developing,6,978,0.006134969325153374,29,29,True
2016-03,Qatar,Al Jazeera,Developing,1,957,0.0010449320794148381,31,31,True
2016-04,Qatar,Al Jazeera,Developing,3,807,0.0037174721189591076,30,30,True
2016-05,Qatar,Al Jazeera,Developing,8,815,0.0098159509202454,31,31,True
2016-06,Qatar,Al Jazeera,Developing,2,853,0.0023446658851113715,30,30,True
2016-07,Qatar,Al Jazeera,Developing,3,876,0.003424657534246575,31,31,True
2016-08,Qatar,Al Jazeera,Developing,9,885,0.010169491525423728,31,31,True
2016-09,Qatar,Al Jazeera,Developing,2,821,0.00243605359317905,30,30,True
2016-10,Qatar,Al Jazeera,Developing,2,803,0.0024906600249066002,31,31,True
2016-11,Qatar,Al Jazeera,Developing,4,842,0.004750593824228029,30,30,True
2016-12,Qatar,Al Jazeera,Developing,3,892,0.0033632286995515697,31,31,True
2017-01,Qatar,Al Jazeera,Developing,4,914,0.00437636761487965,31,31,True
2017-02,Qatar,Al Jazeera,Developing,2,863,0.002317497103128621,28,28,True
2017-03,Qatar,Al Jazeera,Developing,6,1012,0.005928853754940711,31,31,True
2017-04,Qatar,Al Jazeera,Developing,2,910,0.002197802197802198,30,30,True
2017-05,Qatar,Al Jazeera,Developing,3,1007,0.0029791459781529296,31,31,True
2017-06,Qatar,Al Jazeera,Developing,7,1064,0.006578947368421052,30,30,True
2017-07,Qatar,Al Jazeera,Developing,4,948,0.004219409282700422,31,31,True
2017-08,Qatar,Al Jazeera,Developing,5,912,0.005482456140350877,31,31,True
2017-09,Qatar,Al Jazeera,Developing,0,694,0.0,30,30,True
2017-10,Qatar,Al Jazeera,Developing,3,844,0.0035545023696682463,31,31,True
2017-11,Qatar,Al Jazeera,Developing,0,818,0.0,30,30,True
2017-12,Qatar,Al Jazeera,Developing,8,842,0.009501187648456057,31,31,True
2018-01,Qatar,Al Jazeera,Developing,0,992,0.0,31,31,True
2018-02,Qatar,Al Jazeera,Developing,2,1082,0.0018484288354898336,28,28,True
2018-03,Qatar,Al Jazeera,Developing,5,1276,0.003918495297805642,31,31,True
2018-04,Qatar,Al Jazeera,Developing,1,901,0.0011098779134295228,30,30,True
2018-05,Qatar,Al Jazeera,Developing,3,1098,0.00273224043715847,31,31,True
2018-06,Qatar,Al Jazeera,Developing,2,1156,0.0017301038062283738,30,30,True
2018-07,Qatar,Al Jazeera,Developing,7,1107,0.006323396567299007,31,31,True
2018-08,Qatar,Al Jazeera,Developing,6,1042,0.005758157389635317,31,31,True
2018-09,Qatar,Al Jazeera,Developing,1,583,0.0017152658662092624,29,30,False
2018-10,Qatar,Al Jazeera,Developing,3,986,0.0030425963488843813,31,31,True
2018-11,Qatar,Al Jazeera,Developing,0,962,0.0,30,30,True
2018-12,Qatar,Al Jazeera,Developing,7,1284,0.005451713395638629,31,31,True
2019-01,Qatar,Al Jazeera,Developing,7,1316,0.005319148936170213,31,31,True
2019-02,Qatar,Al Jazeera,Developing,5,1342,0.0037257824143070045,28,28,True
2019-03,Qatar,Al Jazeera,Developing,5,1345,0.0037174721189591076,31,31,True
2019-04,Qatar,Al Jazeera,Developing,2,1268,0.0015772870662460567,30,30,True
2019-05,Qatar,Al Jazeera,Developing,7,1449,0.004830917874396135,31,31,True
2019-06,Qatar,Al Jazeera,Developing,5,1324,0.0037764350453172208,30,30,True
2019-07,Qatar,Al Jazeera,Developing,2,1395,0.0014336917562724014,31,31,True
2019-08,Qatar,Al Jazeera,Developing,2,1233,0.0016220600162206002,31,31,True
2019-09,Qatar,Al Jazeera,Developing,4,1365,0.0029304029304029304,30,30,True
2019-10,Qatar,Al Jazeera,Developing,7,1692,0.004137115839243499,31,31,True
2019-11,Qatar,Al Jazeera,Developing,4,1570,0.0025477707006369425,30,30,True
2019-12,Qatar,Al Jazeera,Developing,8,1519,0.005266622778143515,31,31,True
2020-01,Qatar,Al Jazeera,Developing,4,1559,0.0025657472738935213,31,31,True
2020-02,Qatar,Al Jazeera,Developing,2,1498,0.0013351134846461949,29,29,True
2020-03,Qatar,Al Jazeera,Developing,15,1712,0.008761682242990653,31,31,True
2020-04,Qatar,Al Jazeera,Developing,21,1929,0.01088646967340591,30,30,True
2020-05,Qatar,Al Jazeera,Developing,15,1700,0.008823529411764706,31,31,True
2020-06,Qatar,Al Jazeera,Developing,8,1767,0.004527447651386531,30,30,True
2020-07,Qatar,Al Jazeera,Developing,12,1601,0.007495315427857589,31,31,True
2020-08,Qatar,Al Jazeera,Developing,8,1530,0.00522875816993464,31,31,True
2020-09,Qatar,Al Jazeera,Developing,7,1624,0.004310344827586207,30,30,True
2020-10,Qatar,Al Jazeera,Developing,11,1715,0.00641399416909621,31,31,True
2020-11,Qatar,Al Jazeera,Developing,13,1641,0.007921998781230956,30,30,True
2020-12,Qatar,Al Jazeera,Developing,10,1304,0.007668711656441718,31,31,True
2021-01,Qatar,Al Jazeera,Developing,5,1680,0.002976190476190476,31,31,True
2021-02,Qatar,Al Jazeera,Developing,17,1573,0.01080737444373808,28,28,True
2021-03,Qatar,Al Jazeera,Developing,23,1800,0.012777777777777779,31,31,True
2021-04,Qatar,Al Jazeera,Developing,18,1414,0.01272984441301273,30,30,True
2021-05,Qatar,Al Jazeera,Developing,13,1523,0.008535784635587657,31,31,True
2021-06,Qatar,Al Jazeera,Developing,16,1552,0.010309278350515464,30,30,True
2021-07,Qatar,Al Jazeera,Developing,10,1444,0.006925207756232687,31,31,True
2021-08,Qatar,Al Jazeera,Developing,5,1401,0.0035688793718772305,31,31,True
2021-09,Qatar,Al Jazeera,Developing,24,1380,0.017391304347826087,30,30,True
2021-10,Qatar,Al Jazeera,Developing,21,1411,0.014883061658398299,31,31,True
2021-11,Qatar,Al Jazeera,Developing,24,1381,0.017378711078928313,30,30,True
2021-12,Qatar,Al Jazeera,Developing,5,1404,0.0035612535612535613,31,31,True
2022-01,Qatar,Al Jazeera,Developing,7,1364,0.005131964809384164,31,31,True
2022-02,Qatar,Al Jazeera,Developing,8,1309,0.006111535523300229,28,28,True
2022-03,Qatar,Al Jazeera,Developing,3,1575,0.0019047619047619048,31,31,True
2022-04,Qatar,Al Jazeera,Developing,11,1116,0.00985663082437276,28,30,False
2022-05,Qatar,Al Jazeera,Developing,11,1299,0.008468052347959968,26,31,False
2022-06,Qatar,Al Jazeera,Developing,15,1378,0.01088534107402032,30,30,True
2022-07,Qatar,Al Jazeera,Developing,11,1338,0.008221225710014948,31,31,True
2022-08,Qatar,Al Jazeera,Developing,6,1306,0.004594180704441042,31,31,True
2022-09,Qatar,Al Jazeera,Developing,15,1350,0.011111111111111112,30,30,True
2022-10,Qatar,Al Jazeera,Developing,11,1340,0.008208955223880597,31,31,True
2022-11,Qatar,Al Jazeera,Developing,24,1646,0.014580801944106925,30,30,True
2022-12,Qatar,Al Jazeera,Developing,10,1541,0.006489292667099286,31,31,True
2023-01,Qatar,Al Jazeera,Developing,3,1376,0.002180232558139535,31,31,True
2023-02,Qatar,Al Jazeera,Developing,12,1162,0.010327022375215147,28,28,True
2023-03,Qatar,Al Jazeera,Developing,10,1443,0.00693000693000693,31,31,True
2023-04,Qatar,Al Jazeera,Developing,6,1276,0.004702194357366771,30,30,True
2023-05,Qatar,Al Jazeera,Developing,19,1518,0.012516469038208168,31,31,True
2023-06,Qatar,Al Jazeera,Developing,7,1352,0.005177514792899409,30,30,True
2023-07,Qatar,Al Jazeera,Developing,14,1300,0.010769230769230769,31,31,True
2023-08,Qatar,Al Jazeera,Developing,8,1380,0.005797101449275362,31,31,True
2023-09,Qatar,Al Jazeera,Developing,10,1325,0.007547169811320755,30,30,True
2023-10,Qatar,Al Jazeera,Developing,5,1168,0.004280821917808219,31,31,True
2023-11,Qatar,Al Jazeera,Developing,5,1282,0.0039001560062402497,30,30,True
2023-12,Qatar,Al Jazeera,Developing,13,1218,0.010673234811165846,31,31,True
2024-01,Qatar,Al Jazeera,Developing,2,946,0.0021141649048625794,29,31,False
2024-02,Qatar,Al Jazeera,Developing,1,1216,0.0008223684210526315,29,29,True
2024-03,Qatar,Al Jazeera,Developing,4,1153,0.003469210754553339,31,31,True
2024-04,Qatar,Al Jazeera,Developing,1,1159,0.0008628127696289905,30,30,True
2024-05,Qatar,Al Jazeera,Developing,3,1325,0.0022641509433962265,31,31,True
2024-06,Qatar,Al Jazeera,Developing,6,1208,0.004966887417218543,30,30,True
2024-07,Qatar,Al Jazeera,Developing,2,1214,0.0016474464579901153,31,31,True
2024-08,Qatar,Al Jazeera,Developing,4,1149,0.0034812880765883376,31,31,True
2024-09,Qatar,Al Jazeera,Developing,11,1264,0.00870253164556962,30,30,True
2024-10,Qatar,Al Jazeera,Developing,5,1375,0.0036363636363636364,31,31,True
2024-11,Qatar,Al Jazeera,Developing,15,1335,0.011235955056179775,30,30,True
2024-12,Qatar,Al Jazeera,Developing,6,1327,0.00452147701582517,31,31,True
2025-01,Qatar,Al Jazeera,Developing,2,1380,0.0014492753623188406,31,31,True
2025-02,Qatar,Al Jazeera,Developing,5,1173,0.004262574595055414,28,28,True
2025-03,Qatar,Al Jazeera,Developing,3,1346,0.002228826151560178,31,31,True
2025-04,Qatar,Al Jazeera,Developing,2,1319,0.001516300227445034,30,30,True
2025-05,Qatar,Al Jazeera,Developing,8,1436,0.005571030640668524,31,31,True
2025-06,Qatar,Al Jazeera,Developing,3,1477,0.002031144211238998,30,30,True
2025-07,Qatar,Al Jazeera,Developing,6,1509,0.003976143141153081,31,31,True
2025-08,Qatar,Al Jazeera,Developing,6,1541,0.003893575600259572,31,31,True
2025-09,Qatar,Al Jazeera,Developing,3,1811,0.0016565433462175593,30,30,True
2025-10,Qatar,Al Jazeera,Developing,3,1766,0.0016987542468856172,31,31,True
2025-11,Qatar,Al Jazeera,Developing,17,1581,0.010752688172043012,30,30,True
2025-12,Qatar,Al Jazeera,Developing,3,1789,0.0016769144773616546,31,31,True
2026-01,Qatar,Al Jazeera,Developing,1,1876,0.0005330490405117271,31,31,True
2026-02,Qatar,Al Jazeera,Developing,2,1795,0.0011142061281337048,28,28,True
2026-03,Qatar,Al Jazeera,Developing,5,2255,0.0022172949002217295,31,31,True
2026-04,Qatar,Al Jazeera,Developing,9,2075,0.004337349397590362,30,30,True
2026-05,Qatar,Al Jazeera,Developing,5,2143,0.0023331777881474567,31,31,True
2026-06,Qatar,Al Jazeera,Developing,4,2391,0.001672940192388122,30,30,True
2026-07,Qatar,Al Jazeera,Developing,8,2565,0.0031189083820662767,31,31,True
2016-01,Qatar,Al Jazeera,High income,0,997,0.0,31,31,True
2016-02,Qatar,Al Jazeera,High income,0,978,0.0,29,29,True
2016-03,Qatar,Al Jazeera,High income,1,957,0.0010449320794148381,31,31,True
2016-04,Qatar,Al Jazeera,High income,2,807,0.0024783147459727386,30,30,True
2016-05,Qatar,Al Jazeera,High income,0,815,0.0,31,31,True
2016-06,Qatar,Al Jazeera,High income,1,853,0.0011723329425556857,30,30,True
2016-07,Qatar,Al Jazeera,High income,0,876,0.0,31,31,True
2016-08,Qatar,Al Jazeera,High income,0,885,0.0,31,31,True
2016-09,Qatar,Al Jazeera,High income,0,821,0.0,30,30,True
2016-10,Qatar,Al Jazeera,High income,0,803,0.0,31,31,True
2016-11,Qatar,Al Jazeera,High income,0,842,0.0,30,30,True
2016-12,Qatar,Al Jazeera,High income,0,892,0.0,31,31,True
2017-01,Qatar,Al Jazeera,High income,0,914,0.0,31,31,True
2017-02,Qatar,Al Jazeera,High income,0,863,0.0,28,28,True
2017-03,Qatar,Al Jazeera,High income,0,1012,0.0,31,31,True
2017-04,Qatar,Al Jazeera,High income,0,910,0.0,30,30,True
2017-05,Qatar,Al Jazeera,High income,1,1007,0.0009930486593843098,31,31,True
2017-06,Qatar,Al Jazeera,High income,0,1064,0.0,30,30,True
2017-07,Qatar,Al Jazeera,High income,1,948,0.0010548523206751054,31,31,True
2017-08,Qatar,Al Jazeera,High income,0,912,0.0,31,31,True
2017-09,Qatar,Al Jazeera,High income,0,694,0.0,30,30,True
2017-10,Qatar,Al Jazeera,High income,0,844,0.0,31,31,True
2017-11,Qatar,Al Jazeera,High income,0,818,0.0,30,30,True
2017-12,Qatar,Al Jazeera,High income,0,842,0.0,31,31,True
2018-01,Qatar,Al Jazeera,High income,0,992,0.0,31,31,True
2018-02,Qatar,Al Jazeera,High income,0,1082,0.0,28,28,True
2018-03,Qatar,Al Jazeera,High income,0,1276,0.0,31,31,True
2018-04,Qatar,Al Jazeera,High income,0,901,0.0,30,30,True
2018-05,Qatar,Al Jazeera,High income,0,1098,0.0,31,31,True
2018-06,Qatar,Al Jazeera,High income,0,1156,0.0,30,30,True
2018-07,Qatar,Al Jazeera,High income,1,1107,0.0009033423667570009,31,31,True
2018-08,Qatar,Al Jazeera,High income,0,1042,0.0,31,31,True
2018-09,Qatar,Al Jazeera,High income,0,583,0.0,29,30,False
2018-10,Qatar,Al Jazeera,High income,0,986,0.0,31,31,True
2018-11,Qatar,Al Jazeera,High income,0,962,0.0,30,30,True
2018-12,Qatar,Al Jazeera,High income,0,1284,0.0,31,31,True
2019-01,Qatar,Al Jazeera,High income,0,1316,0.0,31,31,True
2019-02,Qatar,Al Jazeera,High income,1,1342,0.0007451564828614009,28,28,True
2019-03,Qatar,Al Jazeera,High income,0,1345,0.0,31,31,True
2019-04,Qatar,Al Jazeera,High income,1,1268,0.0007886435331230284,30,30,True
2019-05,Qatar,Al Jazeera,High income,0,1449,0.0,31,31,True
2019-06,Qatar,Al Jazeera,High income,1,1324,0.0007552870090634441,30,30,True
2019-07,Qatar,Al Jazeera,High income,1,1395,0.0007168458781362007,31,31,True
2019-08,Qatar,Al Jazeera,High income,0,1233,0.0,31,31,True
2019-09,Qatar,Al Jazeera,High income,0,1365,0.0,30,30,True
2019-10,Qatar,Al Jazeera,High income,0,1692,0.0,31,31,True
2019-11,Qatar,Al Jazeera,High income,0,1570,0.0,30,30,True
2019-12,Qatar,Al Jazeera,High income,2,1519,0.0013166556945358788,31,31,True
2020-01,Qatar,Al Jazeera,High income,1,1559,0.0006414368184733803,31,31,True
2020-02,Qatar,Al Jazeera,High income,3,1498,0.0020026702269692926,29,29,True
2020-03,Qatar,Al Jazeera,High income,0,1712,0.0,31,31,True
2020-04,Qatar,Al Jazeera,High income,3,1929,0.0015552099533437014,30,30,True
2020-05,Qatar,Al Jazeera,High income,0,1700,0.0,31,31,True
2020-06,Qatar,Al Jazeera,High income,0,1767,0.0,30,30,True
2020-07,Qatar,Al Jazeera,High income,1,1601,0.0006246096189881324,31,31,True
2020-08,Qatar,Al Jazeera,High income,0,1530,0.0,31,31,True
2020-09,Qatar,Al Jazeera,High income,0,1624,0.0,30,30,True
2020-10,Qatar,Al Jazeera,High income,2,1715,0.0011661807580174927,31,31,True
2020-11,Qatar,Al Jazeera,High income,1,1641,0.0006093845216331506,30,30,True
2020-12,Qatar,Al Jazeera,High income,1,1304,0.0007668711656441718,31,31,True
2021-01,Qatar,Al Jazeera,High income,2,1680,0.0011904761904761906,31,31,True
2021-02,Qatar,Al Jazeera,High income,9,1573,0.00572155117609663,28,28,True
2021-03,Qatar,Al Jazeera,High income,4,1800,0.0022222222222222222,31,31,True
2021-04,Qatar,Al Jazeera,High income,6,1414,0.004243281471004243,30,30,True
2021-05,Qatar,Al Jazeera,High income,2,1523,0.0013131976362442547,31,31,True
2021-06,Qatar,Al Jazeera,High income,3,1552,0.0019329896907216496,30,30,True
2021-07,Qatar,Al Jazeera,High income,2,1444,0.0013850415512465374,31,31,True
2021-08,Qatar,Al Jazeera,High income,1,1401,0.0007137758743754461,31,31,True
2021-09,Qatar,Al Jazeera,High income,6,1380,0.004347826086956522,30,30,True
2021-10,Qatar,Al Jazeera,High income,3,1411,0.002126151665485471,31,31,True
2021-11,Qatar,Al Jazeera,High income,6,1381,0.004344677769732078,30,30,True
2021-12,Qatar,Al Jazeera,High income,7,1404,0.004985754985754986,31,31,True
2022-01,Qatar,Al Jazeera,High income,2,1364,0.001466275659824047,31,31,True
2022-02,Qatar,Al Jazeera,High income,2,1309,0.0015278838808250573,28,28,True
2022-03,Qatar,Al Jazeera,High income,0,1575,0.0,31,31,True
2022-04,Qatar,Al Jazeera,High income,0,1116,0.0,28,30,False
2022-05,Qatar,Al Jazeera,High income,2,1299,0.001539645881447267,26,31,False
2022-06,Qatar,Al Jazeera,High income,1,1378,0.000725689404934688,30,30,True
2022-07,Qatar,Al Jazeera,High income,0,1338,0.0,31,31,True
2022-08,Qatar,Al Jazeera,High income,1,1306,0.0007656967840735069,31,31,True
2022-09,Qatar,Al Jazeera,High income,1,1350,0.0007407407407407407,30,30,True
2022-10,Qatar,Al Jazeera,High income,1,1340,0.0007462686567164179,31,31,True
2022-11,Qatar,Al Jazeera,High income,2,1646,0.001215066828675577,30,30,True
2022-12,Qatar,Al Jazeera,High income,1,1541,0.0006489292667099286,31,31,True
2023-01,Qatar,Al Jazeera,High income,1,1376,0.0007267441860465116,31,31,True
2023-02,Qatar,Al Jazeera,High income,0,1162,0.0,28,28,True
2023-03,Qatar,Al Jazeera,High income,0,1443,0.0,31,31,True
2023-04,Qatar,Al Jazeera,High income,1,1276,0.0007836990595611285,30,30,True
2023-05,Qatar,Al Jazeera,High income,0,1518,0.0,31,31,True
2023-06,Qatar,Al Jazeera,High income,1,1352,0.0007396449704142012,30,30,True
2023-07,Qatar,Al Jazeera,High income,3,1300,0.002307692307692308,31,31,True
2023-08,Qatar,Al Jazeera,High income,0,1380,0.0,31,31,True
2023-09,Qatar,Al Jazeera,High income,2,1325,0.0015094339622641509,30,30,True
2023-10,Qatar,Al Jazeera,High income,0,1168,0.0,31,31,True
2023-11,Qatar,Al Jazeera,High income,1,1282,0.00078003120124805,30,30,True
2023-12,Qatar,Al Jazeera,High income,1,1218,0.0008210180623973727,31,31,True
2024-01,Qatar,Al Jazeera,High income,0,946,0.0,29,31,False
2024-02,Qatar,Al Jazeera,High income,0,1216,0.0,29,29,True
2024-03,Qatar,Al Jazeera,High income,0,1153,0.0,31,31,True
2024-04,Qatar,Al Jazeera,High income,1,1159,0.0008628127696289905,30,30,True
2024-05,Qatar,Al Jazeera,High income,0,1325,0.0,31,31,True
2024-06,Qatar,Al Jazeera,High income,1,1208,0.0008278145695364238,30,30,True
2024-07,Qatar,Al Jazeera,High income,2,1214,0.0016474464579901153,31,31,True
2024-08,Qatar,Al Jazeera,High income,1,1149,0.0008703220191470844,31,31,True
2024-09,Qatar,Al Jazeera,High income,1,1264,0.0007911392405063291,30,30,True
2024-10,Qatar,Al Jazeera,High income,1,1375,0.0007272727272727272,31,31,True
2024-11,Qatar,Al Jazeera,High income,2,1335,0.00149812734082397,30,30,True
2024-12,Qatar,Al Jazeera,High income,1,1327,0.0007535795026375283,31,31,True
2025-01,Qatar,Al Jazeera,High income,0,1380,0.0,31,31,True
2025-02,Qatar,Al Jazeera,High income,0,1173,0.0,28,28,True
2025-03,Qatar,Al Jazeera,High income,1,1346,0.0007429420505200594,31,31,True
2025-04,Qatar,Al Jazeera,High income,0,1319,0.0,30,30,True
2025-05,Qatar,Al Jazeera,High income,0,1436,0.0,31,31,True
2025-06,Qatar,Al Jazeera,High income,1,1477,0.0006770480704129993,30,30,True
2025-07,Qatar,Al Jazeera,High income,2,1509,0.0013253810470510272,31,31,True
2025-08,Qatar,Al Jazeera,High income,1,1541,0.0006489292667099286,31,31,True
2025-09,Qatar,Al Jazeera,High income,0,1811,0.0,30,30,True
2025-10,Qatar,Al Jazeera,High income,2,1766,0.0011325028312570782,31,31,True
2025-11,Qatar,Al Jazeera,High income,0,1581,0.0,30,30,True
2025-12,Qatar,Al Jazeera,High income,1,1789,0.0005589714924538849,31,31,True
2026-01,Qatar,Al Jazeera,High income,0,1876,0.0,31,31,True
2026-02,Qatar,Al Jazeera,High income,0,1795,0.0,28,28,True
2026-03,Qatar,Al Jazeera,High income,0,2255,0.0,31,31,True
2026-04,Qatar,Al Jazeera,High income,1,2075,0.00048192771084337347,30,30,True
2026-05,Qatar,Al Jazeera,High income,2,2143,0.0009332711152589828,31,31,True
2026-06,Qatar,Al Jazeera,High income,1,2391,0.0004182350480970305,30,30,True
2026-07,Qatar,Al Jazeera,High income,2,2565,0.0007797270955165692,31,31,True
2016-01,Russia,TASS,Developing,0,21,0.0,14,31,False
2016-02,Russia,TASS,Developing,0,26,0.0,17,29,False
2016-03,Russia,TASS,Developing,0,19,0.0,14,31,False
2016-04,Russia,TASS,Developing,0,26,0.0,15,30,False
2016-05,Russia,TASS,Developing,1,30,0.03333333333333333,17,31,False
2016-06,Russia,TASS,Developing,0,27,0.0,13,30,False
2016-07,Russia,TASS,Developing,0,32,0.0,20,31,False
2016-08,Russia,TASS,Developing,1,763,0.001310615989515072,25,31,False
2016-09,Russia,TASS,Developing,5,1792,0.0027901785714285715,30,30,True
2016-10,Russia,TASS,Developing,1,1697,0.0005892751915144372,31,31,True
2016-11,Russia,TASS,Developing,16,1572,0.010178117048346057,30,30,True
2016-12,Russia,TASS,Developing,0,1686,0.0,31,31,True
2017-01,Russia,TASS,Developing,1,1481,0.0006752194463200541,31,31,True
2017-02,Russia,TASS,Developing,2,1597,0.0012523481527864746,28,28,True
2017-03,Russia,TASS,Developing,0,1824,0.0,31,31,True
2017-04,Russia,TASS,Developing,4,1639,0.0024405125076266015,30,30,True
2017-05,Russia,TASS,Developing,8,1740,0.004597701149425287,31,31,True
2017-06,Russia,TASS,Developing,10,1875,0.005333333333333333,30,30,True
2017-07,Russia,TASS,Developing,19,1424,0.013342696629213483,31,31,True
2017-08,Russia,TASS,Developing,1,1488,0.0006720430107526882,31,31,True
2017-09,Russia,TASS,Developing,3,1310,0.0022900763358778627,30,30,True
2017-10,Russia,TASS,Developing,1,1268,0.0007886435331230284,31,31,True
2017-11,Russia,TASS,Developing,6,1419,0.004228329809725159,30,30,True
2017-12,Russia,TASS,Developing,2,1586,0.0012610340479192938,31,31,True
2018-01,Russia,TASS,Developing,2,1419,0.0014094432699083862,31,31,True
2018-02,Russia,TASS,Developing,2,1428,0.0014005602240896359,28,28,True
2018-03,Russia,TASS,Developing,2,1566,0.001277139208173691,31,31,True
2018-04,Russia,TASS,Developing,1,1388,0.0007204610951008645,30,30,True
2018-05,Russia,TASS,Developing,1,1475,0.0006779661016949153,31,31,True
2018-06,Russia,TASS,Developing,1,1415,0.0007067137809187279,30,30,True
2018-07,Russia,TASS,Developing,2,1414,0.0014144271570014145,31,31,True
2018-08,Russia,TASS,Developing,6,1456,0.004120879120879121,31,31,True
2018-09,Russia,TASS,Developing,4,643,0.006220839813374806,30,30,True
2018-10,Russia,TASS,Developing,1,391,0.0025575447570332483,30,31,False
2018-11,Russia,TASS,Developing,0,164,0.0,28,30,False
2018-12,Russia,TASS,Developing,0,423,0.0,31,31,True
2019-01,Russia,TASS,Developing,0,372,0.0,31,31,True
2019-02,Russia,TASS,Developing,1,398,0.002512562814070352,28,28,True
2019-03,Russia,TASS,Developing,0,463,0.0,31,31,True
2019-04,Russia,TASS,Developing,2,557,0.003590664272890485,30,30,True
2019-05,Russia,TASS,Developing,1,637,0.0015698587127158557,31,31,True
2019-06,Russia,TASS,Developing,2,572,0.0034965034965034965,30,30,True
2019-07,Russia,TASS,Developing,0,757,0.0,31,31,True
2019-08,Russia,TASS,Developing,1,693,0.001443001443001443,31,31,True
2019-09,Russia,TASS,Developing,3,772,0.0038860103626943004,30,30,True
2019-10,Russia,TASS,Developing,3,1025,0.002926829268292683,31,31,True
2019-11,Russia,TASS,Developing,1,894,0.0011185682326621924,30,30,True
2019-12,Russia,TASS,Developing,1,806,0.0012406947890818859,31,31,True
2020-01,Russia,TASS,Developing,0,798,0.0,31,31,True
2020-02,Russia,TASS,Developing,3,1075,0.0027906976744186047,29,29,True
2020-03,Russia,TASS,Developing,4,2054,0.0019474196689386564,31,31,True
2020-04,Russia,TASS,Developing,6,2056,0.0029182879377431907,30,30,True
2020-05,Russia,TASS,Developing,3,1578,0.0019011406844106464,31,31,True
2020-06,Russia,TASS,Developing,3,1817,0.001651073197578426,30,30,True
2020-07,Russia,TASS,Developing,6,1539,0.003898635477582846,31,31,True
2020-08,Russia,TASS,Developing,1,1538,0.0006501950585175553,31,31,True
2020-09,Russia,TASS,Developing,7,1702,0.004112808460634548,30,30,True
2020-10,Russia,TASS,Developing,4,1880,0.002127659574468085,31,31,True
2020-11,Russia,TASS,Developing,8,1649,0.004851425106124924,30,30,True
2020-12,Russia,TASS,Developing,4,1748,0.002288329519450801,31,31,True
2021-01,Russia,TASS,Developing,6,1486,0.004037685060565276,31,31,True
2021-02,Russia,TASS,Developing,3,1562,0.0019206145966709346,28,28,True
2021-03,Russia,TASS,Developing,4,1705,0.002346041055718475,31,31,True
2021-04,Russia,TASS,Developing,10,1726,0.005793742757821553,28,30,False
2021-05,Russia,TASS,Developing,4,2166,0.0018467220683287165,31,31,True
2021-06,Russia,TASS,Developing,7,2843,0.0024621878297572987,30,30,True
2021-07,Russia,TASS,Developing,6,2461,0.002438033319788704,31,31,True
2021-08,Russia,TASS,Developing,2,2584,0.0007739938080495357,31,31,True
2021-09,Russia,TASS,Developing,9,2761,0.0032596885186526622,30,30,True
2021-10,Russia,TASS,Developing,10,2611,0.0038299502106472617,31,31,True
2021-11,Russia,TASS,Developing,8,2467,0.0032428050263477908,30,30,True
2021-12,Russia,TASS,Developing,7,2791,0.0025080616266571123,31,31,True
2022-01,Russia,TASS,Developing,1,2069,0.0004833252779120348,31,31,True
2022-02,Russia,TASS,Developing,2,3028,0.0006605019815059445,27,28,False
2022-03,Russia,TASS,Developing,1,223,0.004484304932735426,2,31,False
2022-04,Russia,TASS,Developing,0,84,0.0,3,30,False
2022-06,Russia,TASS,Developing,4,458,0.008733624454148471,4,30,False
2022-07,Russia,TASS,Developing,7,2675,0.002616822429906542,31,31,True
2022-08,Russia,TASS,Developing,9,3267,0.0027548209366391185,31,31,True
2022-09,Russia,TASS,Developing,27,3263,0.00827459393196445,30,30,True
2022-10,Russia,TASS,Developing,18,3458,0.005205320994794679,31,31,True
2022-11,Russia,TASS,Developing,22,3728,0.005901287553648069,30,30,True
2022-12,Russia,TASS,Developing,14,3708,0.0037756202804746495,31,31,True
2023-01,Russia,TASS,Developing,6,3220,0.0018633540372670807,31,31,True
2023-02,Russia,TASS,Developing,10,3583,0.0027909572983533353,28,28,True
2023-03,Russia,TASS,Developing,25,3303,0.007568876778686043,28,31,False
2023-04,Russia,TASS,Developing,15,2164,0.006931608133086876,18,30,False
2023-05,Russia,TASS,Developing,19,3617,0.005252972076306331,31,31,True
2023-06,Russia,TASS,Developing,26,3661,0.0071018847309478285,30,30,True
2023-07,Russia,TASS,Developing,20,3526,0.005672149744753261,31,31,True
2023-08,Russia,TASS,Developing,57,3742,0.015232495991448424,31,31,True
2023-09,Russia,TASS,Developing,26,3492,0.0074455899198167235,30,30,True
2023-10,Russia,TASS,Developing,10,3203,0.0031220730565095223,31,31,True
2023-11,Russia,TASS,Developing,2,966,0.002070393374741201,26,30,False
2023-12,Russia,TASS,Developing,3,477,0.006289308176100629,8,31,False
2024-01,Russia,TASS,Developing,7,1704,0.004107981220657277,21,31,False
2024-02,Russia,TASS,Developing,11,2941,0.003740224413464808,29,29,True
2024-03,Russia,TASS,Developing,8,3379,0.0023675643681562593,31,31,True
2024-04,Russia,TASS,Developing,8,3294,0.0024286581663630845,30,30,True
2024-05,Russia,TASS,Developing,2,3264,0.0006127450980392157,31,31,True
2024-06,Russia,TASS,Developing,28,3151,0.008886067914947636,30,30,True
2024-07,Russia,TASS,Developing,15,3384,0.004432624113475178,31,31,True
2024-08,Russia,TASS,Developing,8,3108,0.002574002574002574,31,31,True
2024-09,Russia,TASS,Developing,13,3155,0.004120443740095087,30,30,True
2024-10,Russia,TASS,Developing,36,3604,0.009988901220865706,31,31,True
2024-11,Russia,TASS,Developing,15,3711,0.004042037186742118,30,30,True
2024-12,Russia,TASS,Developing,10,3556,0.00281214848143982,31,31,True
2025-01,Russia,TASS,Developing,6,2964,0.0020242914979757085,31,31,True
2025-02,Russia,TASS,Developing,5,3351,0.0014920919128618322,28,28,True
2025-03,Russia,TASS,Developing,7,3794,0.0018450184501845018,31,31,True
2025-04,Russia,TASS,Developing,8,3749,0.002133902373966391,30,30,True
2025-05,Russia,TASS,Developing,6,3413,0.0017579841781423966,31,31,True
2025-06,Russia,TASS,Developing,8,3481,0.002298190175237001,30,30,True
2025-07,Russia,TASS,Developing,12,3326,0.0036079374624173183,31,31,True
2025-08,Russia,TASS,Developing,8,3189,0.002508623392913139,31,31,True
2025-09,Russia,TASS,Developing,6,3175,0.001889763779527559,30,30,True
2025-10,Russia,TASS,Developing,4,3139,0.0012742911755336094,31,31,True
2025-11,Russia,TASS,Developing,3,2870,0.0010452961672473868,30,30,True
2025-12,Russia,TASS,Developing,6,3754,0.0015982951518380393,31,31,True
2026-01,Russia,TASS,Developing,4,2912,0.0013736263736263737,31,31,True
2026-02,Russia,TASS,Developing,4,3283,0.0012183978068839476,28,28,True
2026-03,Russia,TASS,Developing,1,3198,0.00031269543464665416,31,31,True
2026-04,Russia,TASS,Developing,5,3670,0.0013623978201634877,30,30,True
2026-05,Russia,TASS,Developing,10,3309,0.0030220610456331218,31,31,True
2026-06,Russia,TASS,Developing,4,3538,0.0011305822498586771,30,30,True
2026-07,Russia,TASS,Developing,4,3621,0.0011046672190002762,31,31,True
2016-01,Russia,TASS,High income,0,21,0.0,14,31,False
2016-02,Russia,TASS,High income,0,26,0.0,17,29,False
2016-03,Russia,TASS,High income,0,19,0.0,14,31,False
2016-04,Russia,TASS,High income,0,26,0.0,15,30,False
2016-05,Russia,TASS,High income,0,30,0.0,17,31,False
2016-06,Russia,TASS,High income,0,27,0.0,13,30,False
2016-07,Russia,TASS,High income,0,32,0.0,20,31,False
2016-08,Russia,TASS,High income,0,763,0.0,25,31,False
2016-09,Russia,TASS,High income,0,1792,0.0,30,30,True
2016-10,Russia,TASS,High income,0,1697,0.0,31,31,True
2016-11,Russia,TASS,High income,0,1572,0.0,30,30,True
2016-12,Russia,TASS,High income,0,1686,0.0,31,31,True
2017-01,Russia,TASS,High income,0,1481,0.0,31,31,True
2017-02,Russia,TASS,High income,0,1597,0.0,28,28,True
2017-03,Russia,TASS,High income,0,1824,0.0,31,31,True
2017-04,Russia,TASS,High income,0,1639,0.0,30,30,True
2017-05,Russia,TASS,High income,0,1740,0.0,31,31,True
2017-06,Russia,TASS,High income,0,1875,0.0,30,30,True
2017-07,Russia,TASS,High income,0,1424,0.0,31,31,True
2017-08,Russia,TASS,High income,0,1488,0.0,31,31,True
2017-09,Russia,TASS,High income,0,1310,0.0,30,30,True
2017-10,Russia,TASS,High income,0,1268,0.0,31,31,True
2017-11,Russia,TASS,High income,0,1419,0.0,30,30,True
2017-12,Russia,TASS,High income,0,1586,0.0,31,31,True
2018-01,Russia,TASS,High income,0,1419,0.0,31,31,True
2018-02,Russia,TASS,High income,0,1428,0.0,28,28,True
2018-03,Russia,TASS,High income,0,1566,0.0,31,31,True
2018-04,Russia,TASS,High income,0,1388,0.0,30,30,True
2018-05,Russia,TASS,High income,0,1475,0.0,31,31,True
2018-06,Russia,TASS,High income,0,1415,0.0,30,30,True
2018-07,Russia,TASS,High income,0,1414,0.0,31,31,True
2018-08,Russia,TASS,High income,0,1456,0.0,31,31,True
2018-09,Russia,TASS,High income,0,643,0.0,30,30,True
2018-10,Russia,TASS,High income,0,391,0.0,30,31,False
2018-11,Russia,TASS,High income,0,164,0.0,28,30,False
2018-12,Russia,TASS,High income,0,423,0.0,31,31,True
2019-01,Russia,TASS,High income,0,372,0.0,31,31,True
2019-02,Russia,TASS,High income,0,398,0.0,28,28,True
2019-03,Russia,TASS,High income,0,463,0.0,31,31,True
2019-04,Russia,TASS,High income,0,557,0.0,30,30,True
2019-05,Russia,TASS,High income,0,637,0.0,31,31,True
2019-06,Russia,TASS,High income,0,572,0.0,30,30,True
2019-07,Russia,TASS,High income,0,757,0.0,31,31,True
2019-08,Russia,TASS,High income,0,693,0.0,31,31,True
2019-09,Russia,TASS,High income,0,772,0.0,30,30,True
2019-10,Russia,TASS,High income,0,1025,0.0,31,31,True
2019-11,Russia,TASS,High income,0,894,0.0,30,30,True
2019-12,Russia,TASS,High income,0,806,0.0,31,31,True
2020-01,Russia,TASS,High income,0,798,0.0,31,31,True
2020-02,Russia,TASS,High income,0,1075,0.0,29,29,True
2020-03,Russia,TASS,High income,0,2054,0.0,31,31,True
2020-04,Russia,TASS,High income,0,2056,0.0,30,30,True
2020-05,Russia,TASS,High income,0,1578,0.0,31,31,True
2020-06,Russia,TASS,High income,0,1817,0.0,30,30,True
2020-07,Russia,TASS,High income,0,1539,0.0,31,31,True
2020-08,Russia,TASS,High income,0,1538,0.0,31,31,True
2020-09,Russia,TASS,High income,0,1702,0.0,30,30,True
2020-10,Russia,TASS,High income,0,1880,0.0,31,31,True
2020-11,Russia,TASS,High income,1,1649,0.0006064281382656155,30,30,True
2020-12,Russia,TASS,High income,0,1748,0.0,31,31,True
2021-01,Russia,TASS,High income,0,1486,0.0,31,31,True
2021-02,Russia,TASS,High income,1,1562,0.0006402048655569782,28,28,True
2021-03,Russia,TASS,High income,0,1705,0.0,31,31,True
2021-04,Russia,TASS,High income,0,1726,0.0,28,30,False
2021-05,Russia,TASS,High income,1,2166,0.0004616805170821791,31,31,True
2021-06,Russia,TASS,High income,0,2843,0.0,30,30,True
2021-07,Russia,TASS,High income,0,2461,0.0,31,31,True
2021-08,Russia,TASS,High income,0,2584,0.0,31,31,True
2021-09,Russia,TASS,High income,0,2761,0.0,30,30,True
2021-10,Russia,TASS,High income,0,2611,0.0,31,31,True
2021-11,Russia,TASS,High income,0,2467,0.0,30,30,True
2021-12,Russia,TASS,High income,0,2791,0.0,31,31,True
2022-01,Russia,TASS,High income,0,2069,0.0,31,31,True
2022-02,Russia,TASS,High income,0,3028,0.0,27,28,False
2022-03,Russia,TASS,High income,0,223,0.0,2,31,False
2022-04,Russia,TASS,High income,0,84,0.0,3,30,False
2022-06,Russia,TASS,High income,0,458,0.0,4,30,False
2022-07,Russia,TASS,High income,0,2675,0.0,31,31,True
2022-08,Russia,TASS,High income,0,3267,0.0,31,31,True
2022-09,Russia,TASS,High income,0,3263,0.0,30,30,True
2022-10,Russia,TASS,High income,1,3458,0.0002891844997108155,31,31,True
2022-11,Russia,TASS,High income,0,3728,0.0,30,30,True
2022-12,Russia,TASS,High income,0,3708,0.0,31,31,True
2023-01,Russia,TASS,High income,0,3220,0.0,31,31,True
2023-02,Russia,TASS,High income,0,3583,0.0,28,28,True
2023-03,Russia,TASS,High income,1,3303,0.0003027550711474417,28,31,False
2023-04,Russia,TASS,High income,0,2164,0.0,18,30,False
2023-05,Russia,TASS,High income,0,3617,0.0,31,31,True
2023-06,Russia,TASS,High income,0,3661,0.0,30,30,True
2023-07,Russia,TASS,High income,1,3526,0.0002836074872376631,31,31,True
2023-08,Russia,TASS,High income,0,3742,0.0,31,31,True
2023-09,Russia,TASS,High income,0,3492,0.0,30,30,True
2023-10,Russia,TASS,High income,0,3203,0.0,31,31,True
2023-11,Russia,TASS,High income,0,966,0.0,26,30,False
2023-12,Russia,TASS,High income,0,477,0.0,8,31,False
2024-01,Russia,TASS,High income,0,1704,0.0,21,31,False
2024-02,Russia,TASS,High income,0,2941,0.0,29,29,True
2024-03,Russia,TASS,High income,0,3379,0.0,31,31,True
2024-04,Russia,TASS,High income,0,3294,0.0,30,30,True
2024-05,Russia,TASS,High income,0,3264,0.0,31,31,True
2024-06,Russia,TASS,High income,0,3151,0.0,30,30,True
2024-07,Russia,TASS,High income,2,3384,0.000591016548463357,31,31,True
2024-08,Russia,TASS,High income,0,3108,0.0,31,31,True
2024-09,Russia,TASS,High income,0,3155,0.0,30,30,True
2024-10,Russia,TASS,High income,0,3604,0.0,31,31,True
2024-11,Russia,TASS,High income,0,3711,0.0,30,30,True
2024-12,Russia,TASS,High income,0,3556,0.0,31,31,True
2025-01,Russia,TASS,High income,0,2964,0.0,31,31,True
2025-02,Russia,TASS,High income,0,3351,0.0,28,28,True
2025-03,Russia,TASS,High income,0,3794,0.0,31,31,True
2025-04,Russia,TASS,High income,0,3749,0.0,30,30,True
2025-05,Russia,TASS,High income,1,3413,0.0002929973630237328,31,31,True
2025-06,Russia,TASS,High income,0,3481,0.0,30,30,True
2025-07,Russia,TASS,High income,1,3326,0.0003006614552014432,31,31,True
2025-08,Russia,TASS,High income,0,3189,0.0,31,31,True
2025-09,Russia,TASS,High income,0,3175,0.0,30,30,True
2025-10,Russia,TASS,High income,0,3139,0.0,31,31,True
2025-11,Russia,TASS,High income,0,2870,0.0,30,30,True
2025-12,Russia,TASS,High income,0,3754,0.0,31,31,True
2026-01,Russia,TASS,High income,0,2912,0.0,31,31,True
2026-02,Russia,TASS,High income,0,3283,0.0,28,28,True
2026-03,Russia,TASS,High income,0,3198,0.0,31,31,True
2026-04,Russia,TASS,High income,0,3670,0.0,30,30,True
2026-05,Russia,TASS,High income,0,3309,0.0,31,31,True
2026-06,Russia,TASS,High income,0,3538,0.0,30,30,True
2026-07,Russia,TASS,High income,0,3621,0.0,31,31,True
2016-01,United Kingdom,BBC,Developing,13,17984,0.000722864768683274,31,31,True
2016-02,United Kingdom,BBC,Developing,11,17235,0.0006382361473745286,29,29,True
2016-03,United Kingdom,BBC,Developing,8,17091,0.0004680826165818267,31,31,True
2016-04,United Kingdom,BBC,Developing,17,15163,0.0011211501681725252,30,30,True
2016-05,United Kingdom,BBC,Developing,9,16958,0.0005307229626135158,31,31,True
2016-06,United Kingdom,BBC,Developing,9,17684,0.0005089346301741688,30,30,True
2016-07,United Kingdom,BBC,Developing,8,17176,0.0004657661853749418,31,31,True
2016-08,United Kingdom,BBC,Developing,7,17377,0.0004028313287679116,31,31,True
2016-09,United Kingdom,BBC,Developing,16,16691,0.000958600443352705,30,30,True
2016-10,United Kingdom,BBC,Developing,19,15042,0.001263129902938439,31,31,True
2016-11,United Kingdom,BBC,Developing,8,14751,0.0005423361128059115,30,30,True
2016-12,United Kingdom,BBC,Developing,5,14386,0.00034756012790212705,31,31,True
2017-01,United Kingdom,BBC,Developing,13,20282,0.0006409624297406567,31,31,True
2017-02,United Kingdom,BBC,Developing,12,18170,0.0006604292790313704,28,28,True
2017-03,United Kingdom,BBC,Developing,12,20146,0.0005956517422813462,31,31,True
2017-04,United Kingdom,BBC,Developing,7,18154,0.0003855899526275201,30,30,True
2017-05,United Kingdom,BBC,Developing,10,19439,0.0005144297546170071,31,31,True
2017-06,United Kingdom,BBC,Developing,28,19328,0.0014486754966887417,30,30,True
2017-07,United Kingdom,BBC,Developing,11,18733,0.0005871990604815032,31,31,True
2017-08,United Kingdom,BBC,Developing,10,17777,0.0005625246104517073,31,31,True
2017-09,United Kingdom,BBC,Developing,17,13641,0.0012462429440656844,30,30,True
2017-10,United Kingdom,BBC,Developing,23,14653,0.001569644441411315,31,31,True
2017-11,United Kingdom,BBC,Developing,16,16501,0.0009696382037452276,30,30,True
2017-12,United Kingdom,BBC,Developing,4,17704,0.00022593764121102577,31,31,True
2018-01,United Kingdom,BBC,Developing,11,20343,0.0005407265398417146,31,31,True
2018-02,United Kingdom,BBC,Developing,4,18132,0.00022060445621001543,28,28,True
2018-03,United Kingdom,BBC,Developing,14,19058,0.000734599643194459,31,31,True
2018-04,United Kingdom,BBC,Developing,10,15122,0.0006612881893929374,30,30,True
2018-05,United Kingdom,BBC,Developing,14,19107,0.0007327157586224944,31,31,True
2018-06,United Kingdom,BBC,Developing,8,19325,0.00041397153945666235,30,30,True
2018-07,United Kingdom,BBC,Developing,13,19581,0.0006639088912721516,31,31,True
2018-08,United Kingdom,BBC,Developing,13,18866,0.0006890702851690872,31,31,True
2018-09,United Kingdom,BBC,Developing,5,9306,0.0005372877713303245,30,30,True
2018-10,United Kingdom,BBC,Developing,8,15323,0.0005220909743522808,31,31,True
2018-11,United Kingdom,BBC,Developing,9,7123,0.0012635125649305067,30,30,True
2018-12,United Kingdom,BBC,Developing,18,16791,0.0010720028586742897,31,31,True
2019-01,United Kingdom,BBC,Developing,12,17142,0.0007000350017500875,31,31,True
2019-02,United Kingdom,BBC,Developing,3,16987,0.0001766056396067581,28,28,True
2019-03,United Kingdom,BBC,Developing,11,18005,0.0006109414051652319,31,31,True
2019-04,United Kingdom,BBC,Developing,10,17392,0.0005749770009199632,30,30,True
2019-05,United Kingdom,BBC,Developing,15,19245,0.000779423226812159,31,31,True
2019-06,United Kingdom,BBC,Developing,23,17899,0.001284987988155763,30,30,True
2019-07,United Kingdom,BBC,Developing,11,18504,0.0005944660613921314,31,31,True
2019-08,United Kingdom,BBC,Developing,9,17379,0.0005178663904712584,31,31,True
2019-09,United Kingdom,BBC,Developing,14,17777,0.0007875344546323902,30,30,True
2019-10,United Kingdom,BBC,Developing,8,17957,0.00044550871526424237,31,31,True
2019-11,United Kingdom,BBC,Developing,11,17067,0.0006445186617448878,30,30,True
2019-12,United Kingdom,BBC,Developing,20,16746,0.0011943150603129105,31,31,True
2020-01,United Kingdom,BBC,Developing,13,18117,0.0007175580946072749,31,31,True
2020-02,United Kingdom,BBC,Developing,9,16520,0.0005447941888619854,29,29,True
2020-03,United Kingdom,BBC,Developing,33,18478,0.0017859075657538695,31,31,True
2020-04,United Kingdom,BBC,Developing,42,17821,0.0023567701026878402,30,30,True
2020-05,United Kingdom,BBC,Developing,15,18335,0.0008181074447777475,31,31,True
2020-06,United Kingdom,BBC,Developing,21,18576,0.0011304909560723513,30,30,True
2020-07,United Kingdom,BBC,Developing,5,17287,0.000289234685023428,31,31,True
2020-08,United Kingdom,BBC,Developing,9,16039,0.0005611322401645988,31,31,True
2020-09,United Kingdom,BBC,Developing,11,17259,0.0006373486297004461,30,30,True
2020-10,United Kingdom,BBC,Developing,13,17792,0.0007306654676258993,31,31,True
2020-11,United Kingdom,BBC,Developing,21,16810,0.0012492563950029744,30,30,True
2020-12,United Kingdom,BBC,Developing,19,16730,0.0011356843992827257,31,31,True
2021-01,United Kingdom,BBC,Developing,16,15414,0.0010380173867912288,31,31,True
2021-02,United Kingdom,BBC,Developing,16,14463,0.0011062711747217037,28,28,True
2021-03,United Kingdom,BBC,Developing,30,15290,0.001962066710268149,31,31,True
2021-04,United Kingdom,BBC,Developing,12,13017,0.0009218713989398478,30,30,True
2021-05,United Kingdom,BBC,Developing,16,15022,0.0010651045133803754,31,31,True
2021-06,United Kingdom,BBC,Developing,19,15162,0.0012531328320802004,30,30,True
2021-07,United Kingdom,BBC,Developing,12,14874,0.0008067769261799112,31,31,True
2021-08,United Kingdom,BBC,Developing,9,13229,0.0006803235316350442,31,31,True
2021-09,United Kingdom,BBC,Developing,25,14709,0.0016996396763886057,30,30,True
2021-10,United Kingdom,BBC,Developing,30,14699,0.0020409551670181646,31,31,True
2021-11,United Kingdom,BBC,Developing,58,14584,0.0039769610532089964,30,30,True
2021-12,United Kingdom,BBC,Developing,3,15743,0.0001905608842025027,31,31,True
2022-01,United Kingdom,BBC,Developing,7,12036,0.000581588567630442,31,31,True
2022-02,United Kingdom,BBC,Developing,2,11995,0.00016673614005835764,28,28,True
2022-03,United Kingdom,BBC,Developing,6,13137,0.00045672527974423386,31,31,True
2022-04,United Kingdom,BBC,Developing,4,8772,0.00045599635202918376,30,30,True
2022-05,United Kingdom,BBC,Developing,3,11604,0.0002585315408479835,31,31,True
2022-06,United Kingdom,BBC,Developing,12,12879,0.0009317493594223154,30,30,True
2022-07,United Kingdom,BBC,Developing,8,13123,0.0006096167034976758,31,31,True
2022-08,United Kingdom,BBC,Developing,5,13092,0.0003819126183929117,31,31,True
2022-09,United Kingdom,BBC,Developing,5,12744,0.00039234149403640927,30,30,True
2022-10,United Kingdom,BBC,Developing,12,14220,0.0008438818565400844,31,31,True
2022-11,United Kingdom,BBC,Developing,23,15873,0.001449001449001449,30,30,True
2022-12,United Kingdom,BBC,Developing,7,15027,0.00046582817594995675,31,31,True
2023-01,United Kingdom,BBC,Developing,6,14614,0.0004105652114410839,31,31,True
2023-02,United Kingdom,BBC,Developing,7,13476,0.0005194419709112497,28,28,True
2023-03,United Kingdom,BBC,Developing,3,14876,0.00020166711481581071,31,31,True
2023-04,United Kingdom,BBC,Developing,3,14023,0.00021393425087356486,30,30,True
2023-05,United Kingdom,BBC,Developing,5,14174,0.0003527585720333004,31,31,True
2023-06,United Kingdom,BBC,Developing,3,13591,0.00022073430946950188,30,30,True
2023-07,United Kingdom,BBC,Developing,7,13996,0.0005001428979708488,31,31,True
2023-08,United Kingdom,BBC,Developing,3,13807,0.00021728108930252772,31,31,True
2023-09,United Kingdom,BBC,Developing,15,13523,0.0011092213266287066,30,30,True
2023-10,United Kingdom,BBC,Developing,5,12447,0.00040170322165983773,31,31,True
2023-11,United Kingdom,BBC,Developing,3,12853,0.00023340854275266475,30,30,True
2023-12,United Kingdom,BBC,Developing,6,12086,0.0004964421644878371,31,31,True
2024-01,United Kingdom,BBC,Developing,3,11831,0.00025357112670103965,31,31,True
2024-02,United Kingdom,BBC,Developing,0,12373,0.0,29,29,True
2024-03,United Kingdom,BBC,Developing,1,10329,9.681479330041631e-05,31,31,True
2024-04,United Kingdom,BBC,Developing,2,9828,0.0002035002035002035,30,30,True
2024-05,United Kingdom,BBC,Developing,1,9833,0.00010169836265636123,31,31,True
2024-06,United Kingdom,BBC,Developing,4,11043,0.0003622204111201666,30,30,True
2024-07,United Kingdom,BBC,Developing,3,11613,0.0002583311805734952,31,31,True
2024-08,United Kingdom,BBC,Developing,1,11037,9.06043308870164e-05,31,31,True
2024-09,United Kingdom,BBC,Developing,8,10594,0.0007551444213705871,30,30,True
2024-10,United Kingdom,BBC,Developing,7,11084,0.0006315409599422591,31,31,True
2024-11,United Kingdom,BBC,Developing,12,10702,0.0011212857409829938,30,30,True
2024-12,United Kingdom,BBC,Developing,3,10493,0.00028590488897360146,31,31,True
2025-01,United Kingdom,BBC,Developing,3,10745,0.0002791996277338297,31,31,True
2025-02,United Kingdom,BBC,Developing,2,9986,0.0002002803925495694,28,28,True
2025-03,United Kingdom,BBC,Developing,3,12803,0.00023432008123096148,31,31,True
2025-04,United Kingdom,BBC,Developing,7,13159,0.0005319553157534767,30,30,True
2025-05,United Kingdom,BBC,Developing,1,13906,7.191140514885661e-05,31,31,True
2025-06,United Kingdom,BBC,Developing,2,13330,0.00015003750937734434,30,30,True
2025-07,United Kingdom,BBC,Developing,7,14644,0.0004780114722753346,31,31,True
2025-08,United Kingdom,BBC,Developing,2,13116,0.00015248551387618176,31,31,True
2025-09,United Kingdom,BBC,Developing,1,15769,6.341556217895871e-05,30,30,True
2025-10,United Kingdom,BBC,Developing,3,14311,0.00020962895674655858,31,31,True
2025-11,United Kingdom,BBC,Developing,6,12881,0.0004658023445384675,30,30,True
2025-12,United Kingdom,BBC,Developing,3,11678,0.0002568933036478849,31,31,True
2026-01,United Kingdom,BBC,Developing,4,11265,0.0003550821127385708,31,31,True
2026-02,United Kingdom,BBC,Developing,1,14706,6.799945600435197e-05,28,28,True
2026-03,United Kingdom,BBC,Developing,7,39714,0.00017626026086518608,31,31,True
2026-04,United Kingdom,BBC,Developing,5,56251,8.88873086700681e-05,30,30,True
2026-05,United Kingdom,BBC,Developing,12,56763,0.00021140531684371862,31,31,True
2026-06,United Kingdom,BBC,Developing,0,41966,0.0,30,30,True
2026-07,United Kingdom,BBC,Developing,7,40610,0.00017237133710908643,31,31,True
2026-08,United Kingdom,BBC,Developing,0,101,0.0,1,31,False
2016-01,United Kingdom,BBC,High income,1,17984,5.560498220640569e-05,31,31,True
2016-02,United Kingdom,BBC,High income,2,17235,0.00011604293588627792,29,29,True
2016-03,United Kingdom,BBC,High income,0,17091,0.0,31,31,True
2016-04,United Kingdom,BBC,High income,1,15163,6.595000989250148e-05,30,30,True
2016-05,United Kingdom,BBC,High income,1,16958,5.896921806816842e-05,31,31,True
2016-06,United Kingdom,BBC,High income,0,17684,0.0,30,30,True
2016-07,United Kingdom,BBC,High income,0,17176,0.0,31,31,True
2016-08,United Kingdom,BBC,High income,2,17377,0.00011509466536226047,31,31,True
2016-09,United Kingdom,BBC,High income,1,16691,5.9912527709544064e-05,30,30,True
2016-10,United Kingdom,BBC,High income,0,15042,0.0,31,31,True
2016-11,United Kingdom,BBC,High income,0,14751,0.0,30,30,True
2016-12,United Kingdom,BBC,High income,0,14386,0.0,31,31,True
2017-01,United Kingdom,BBC,High income,0,20282,0.0,31,31,True
2017-02,United Kingdom,BBC,High income,0,18170,0.0,28,28,True
2017-03,United Kingdom,BBC,High income,0,20146,0.0,31,31,True
2017-04,United Kingdom,BBC,High income,0,18154,0.0,30,30,True
2017-05,United Kingdom,BBC,High income,1,19439,5.1442975461700706e-05,31,31,True
2017-06,United Kingdom,BBC,High income,2,19328,0.00010347682119205298,30,30,True
2017-07,United Kingdom,BBC,High income,0,18733,0.0,31,31,True
2017-08,United Kingdom,BBC,High income,2,17777,0.00011250492209034145,31,31,True
2017-09,United Kingdom,BBC,High income,2,13641,0.00014661681694890403,30,30,True
2017-10,United Kingdom,BBC,High income,1,14653,6.824541049614414e-05,31,31,True
2017-11,United Kingdom,BBC,High income,0,16501,0.0,30,30,True
2017-12,United Kingdom,BBC,High income,0,17704,0.0,31,31,True
2018-01,United Kingdom,BBC,High income,0,20343,0.0,31,31,True
2018-02,United Kingdom,BBC,High income,3,18132,0.00016545334215751158,28,28,True
2018-03,United Kingdom,BBC,High income,1,19058,5.24714030853185e-05,31,31,True
2018-04,United Kingdom,BBC,High income,0,15122,0.0,30,30,True
2018-05,United Kingdom,BBC,High income,7,19107,0.0003663578793112472,31,31,True
2018-06,United Kingdom,BBC,High income,0,19325,0.0,30,30,True
2018-07,United Kingdom,BBC,High income,0,19581,0.0,31,31,True
2018-08,United Kingdom,BBC,High income,0,18866,0.0,31,31,True
2018-09,United Kingdom,BBC,High income,2,9306,0.0002149151085321298,30,30,True
2018-10,United Kingdom,BBC,High income,2,15323,0.0001305227435880702,31,31,True
2018-11,United Kingdom,BBC,High income,1,7123,0.00014039028499227853,30,30,True
2018-12,United Kingdom,BBC,High income,2,16791,0.00011911142874158776,31,31,True
2019-01,United Kingdom,BBC,High income,1,17142,5.8336250145840624e-05,31,31,True
2019-02,United Kingdom,BBC,High income,4,16987,0.00023547418614234414,28,28,True
2019-03,United Kingdom,BBC,High income,2,18005,0.00011108025548458761,31,31,True
2019-04,United Kingdom,BBC,High income,2,17392,0.00011499540018399264,30,30,True
2019-05,United Kingdom,BBC,High income,2,19245,0.00010392309690828787,31,31,True
2019-06,United Kingdom,BBC,High income,7,17899,0.00039108330074305825,30,30,True
2019-07,United Kingdom,BBC,High income,0,18504,0.0,31,31,True
2019-08,United Kingdom,BBC,High income,1,17379,5.754071005236205e-05,31,31,True
2019-09,United Kingdom,BBC,High income,3,17777,0.00016875738313551218,30,30,True
2019-10,United Kingdom,BBC,High income,2,17957,0.00011137717881606059,31,31,True
2019-11,United Kingdom,BBC,High income,0,17067,0.0,30,30,True
2019-12,United Kingdom,BBC,High income,1,16746,5.9715753015645525e-05,31,31,True
2020-01,United Kingdom,BBC,High income,1,18117,5.5196776508251916e-05,31,31,True
2020-02,United Kingdom,BBC,High income,1,16520,6.053268765133172e-05,29,29,True
2020-03,United Kingdom,BBC,High income,2,18478,0.00010823682216690118,31,31,True
2020-04,United Kingdom,BBC,High income,5,17821,0.0002805678693676,30,30,True
2020-05,United Kingdom,BBC,High income,0,18335,0.0,31,31,True
2020-06,United Kingdom,BBC,High income,1,18576,5.383290267011197e-05,30,30,True
2020-07,United Kingdom,BBC,High income,0,17287,0.0,31,31,True
2020-08,United Kingdom,BBC,High income,6,16039,0.0003740881601097325,31,31,True
2020-09,United Kingdom,BBC,High income,1,17259,5.7940784518222376e-05,30,30,True
2020-10,United Kingdom,BBC,High income,5,17792,0.0002810251798561151,31,31,True
2020-11,United Kingdom,BBC,High income,8,16810,0.0004759071980963712,30,30,True
2020-12,United Kingdom,BBC,High income,0,16730,0.0,31,31,True
2021-01,United Kingdom,BBC,High income,9,15414,0.0005838847800700662,31,31,True
2021-02,United Kingdom,BBC,High income,18,14463,0.0012445550715619166,28,28,True
2021-03,United Kingdom,BBC,High income,1,15290,6.540222367560497e-05,31,31,True
2021-04,United Kingdom,BBC,High income,4,13017,0.00030729046631328263,30,30,True
2021-05,United Kingdom,BBC,High income,1,15022,6.656903208627346e-05,31,31,True
2021-06,United Kingdom,BBC,High income,1,15162,6.595435958316844e-05,30,30,True
2021-07,United Kingdom,BBC,High income,1,14874,6.72314105149926e-05,31,31,True
2021-08,United Kingdom,BBC,High income,2,13229,0.00015118300703000984,31,31,True
2021-09,United Kingdom,BBC,High income,5,14709,0.0003399279352777211,30,30,True
2021-10,United Kingdom,BBC,High income,1,14699,6.803183890060549e-05,31,31,True
2021-11,United Kingdom,BBC,High income,4,14584,0.00027427317608337906,30,30,True
2021-12,United Kingdom,BBC,High income,1,15743,6.352029473416756e-05,31,31,True
2022-01,United Kingdom,BBC,High income,3,12036,0.0002492522432701894,31,31,True
2022-02,United Kingdom,BBC,High income,0,11995,0.0,28,28,True
2022-03,United Kingdom,BBC,High income,1,13137,7.61208799573723e-05,31,31,True
2022-04,United Kingdom,BBC,High income,1,8772,0.00011399908800729594,30,30,True
2022-05,United Kingdom,BBC,High income,1,11604,8.617718028266115e-05,31,31,True
2022-06,United Kingdom,BBC,High income,0,12879,0.0,30,30,True
2022-07,United Kingdom,BBC,High income,1,13123,7.620208793720948e-05,31,31,True
2022-08,United Kingdom,BBC,High income,0,13092,0.0,31,31,True
2022-09,United Kingdom,BBC,High income,0,12744,0.0,30,30,True
2022-10,United Kingdom,BBC,High income,1,14220,7.032348804500703e-05,31,31,True
2022-11,United Kingdom,BBC,High income,1,15873,6.3000063000063e-05,30,30,True
2022-12,United Kingdom,BBC,High income,1,15027,6.654688227856525e-05,31,31,True
2023-01,United Kingdom,BBC,High income,0,14614,0.0,31,31,True
2023-02,United Kingdom,BBC,High income,0,13476,0.0,28,28,True
2023-03,United Kingdom,BBC,High income,0,14876,0.0,31,31,True
2023-04,United Kingdom,BBC,High income,1,14023,7.131141695785496e-05,30,30,True
2023-05,United Kingdom,BBC,High income,0,14174,0.0,31,31,True
2023-06,United Kingdom,BBC,High income,2,13591,0.00014715620631300125,30,30,True
2023-07,United Kingdom,BBC,High income,1,13996,7.144898542440698e-05,31,31,True
2023-08,United Kingdom,BBC,High income,1,13807,7.242702976750923e-05,31,31,True
2023-09,United Kingdom,BBC,High income,1,13523,7.394808844191378e-05,30,30,True
2023-10,United Kingdom,BBC,High income,0,12447,0.0,31,31,True
2023-11,United Kingdom,BBC,High income,1,12853,7.780284758422158e-05,30,30,True
2023-12,United Kingdom,BBC,High income,2,12086,0.00016548072149594572,31,31,True
2024-01,United Kingdom,BBC,High income,1,11831,8.452370890034655e-05,31,31,True
2024-02,United Kingdom,BBC,High income,0,12373,0.0,29,29,True
2024-03,United Kingdom,BBC,High income,2,10329,0.00019362958660083262,31,31,True
2024-04,United Kingdom,BBC,High income,0,9828,0.0,30,30,True
2024-05,United Kingdom,BBC,High income,0,9833,0.0,31,31,True
2024-06,United Kingdom,BBC,High income,1,11043,9.055510278004166e-05,30,30,True
2024-07,United Kingdom,BBC,High income,1,11613,8.61103935244984e-05,31,31,True
2024-08,United Kingdom,BBC,High income,2,11037,0.0001812086617740328,31,31,True
2024-09,United Kingdom,BBC,High income,2,10594,0.00018878610534264677,30,30,True
2024-10,United Kingdom,BBC,High income,0,11084,0.0,31,31,True
2024-11,United Kingdom,BBC,High income,0,10702,0.0,30,30,True
2024-12,United Kingdom,BBC,High income,0,10493,0.0,31,31,True
2025-01,United Kingdom,BBC,High income,1,10745,9.306654257794323e-05,31,31,True
2025-02,United Kingdom,BBC,High income,0,9986,0.0,28,28,True
2025-03,United Kingdom,BBC,High income,0,12803,0.0,31,31,True
2025-04,United Kingdom,BBC,High income,1,13159,7.599361653621096e-05,30,30,True
2025-05,United Kingdom,BBC,High income,2,13906,0.00014382281029771322,31,31,True
2025-06,United Kingdom,BBC,High income,5,13330,0.00037509377344336085,30,30,True
2025-07,United Kingdom,BBC,High income,0,14644,0.0,31,31,True
2025-08,United Kingdom,BBC,High income,0,13116,0.0,31,31,True
2025-09,United Kingdom,BBC,High income,1,15769,6.341556217895871e-05,30,30,True
2025-10,United Kingdom,BBC,High income,1,14311,6.987631891551953e-05,31,31,True
2025-11,United Kingdom,BBC,High income,0,12881,0.0,30,30,True
2025-12,United Kingdom,BBC,High income,0,11678,0.0,31,31,True
2026-01,United Kingdom,BBC,High income,0,11265,0.0,31,31,True
2026-02,United Kingdom,BBC,High income,0,14706,0.0,28,28,True
2026-03,United Kingdom,BBC,High income,2,39714,5.0360074532910306e-05,31,31,True
2026-04,United Kingdom,BBC,High income,1,56251,1.7777461734013616e-05,30,30,True
2026-05,United Kingdom,BBC,High income,3,56763,5.2851329210929655e-05,31,31,True
2026-06,United Kingdom,BBC,High income,0,41966,0.0,30,30,True
2026-07,United Kingdom,BBC,High income,2,40610,4.924895345973898e-05,31,31,True
2026-08,United Kingdom,BBC,High income,0,101,0.0,1,31,False
2016-01,United Kingdom,The Guardian,Developing,92,22565,0.0040771105694659875,31,31,True
2016-02,United Kingdom,The Guardian,Developing,82,21340,0.0038425492033739455,29,29,True
2016-03,United Kingdom,The Guardian,Developing,84,22161,0.003790442669554623,31,31,True
2016-04,United Kingdom,The Guardian,Developing,50,15577,0.0032098606920459654,30,30,True
2016-05,United Kingdom,The Guardian,Developing,54,11401,0.0047364266292430485,31,31,True
2016-06,United Kingdom,The Guardian,Developing,30,11514,0.0026055237102657635,30,30,True
2016-07,United Kingdom,The Guardian,Developing,23,10275,0.002238442822384428,31,31,True
2016-08,United Kingdom,The Guardian,Developing,40,10401,0.0038457840592250746,31,31,True
2016-09,United Kingdom,The Guardian,Developing,56,10466,0.005350659277660997,30,30,True
2016-10,United Kingdom,The Guardian,Developing,50,9932,0.0050342327829238824,31,31,True
2016-11,United Kingdom,The Guardian,Developing,44,9792,0.004493464052287581,30,30,True
2016-12,United Kingdom,The Guardian,Developing,26,8507,0.003056306571059128,31,31,True
2017-01,United Kingdom,The Guardian,Developing,61,10564,0.005774327906096176,31,31,True
2017-02,United Kingdom,The Guardian,Developing,38,9485,0.0040063257775434895,28,28,True
2017-03,United Kingdom,The Guardian,Developing,49,10180,0.00481335952848723,31,31,True
2017-04,United Kingdom,The Guardian,Developing,29,9271,0.0031280336533275805,30,30,True
2017-05,United Kingdom,The Guardian,Developing,45,10032,0.004485645933014354,31,31,True
2017-06,United Kingdom,The Guardian,Developing,31,9825,0.0031552162849872775,30,30,True
2017-07,United Kingdom,The Guardian,Developing,50,9714,0.005147210212065061,31,31,True
2017-08,United Kingdom,The Guardian,Developing,30,8738,0.003433279926756695,31,31,True
2017-09,United Kingdom,The Guardian,Developing,32,7998,0.004001000250062516,30,30,True
2017-10,United Kingdom,The Guardian,Developing,17,7923,0.002145651899533005,31,31,True
2017-11,United Kingdom,The Guardian,Developing,44,8075,0.005448916408668731,30,30,True
2017-12,United Kingdom,The Guardian,Developing,45,7712,0.0058350622406639005,31,31,True
2018-01,United Kingdom,The Guardian,Developing,27,8633,0.0031275338816170507,31,31,True
2018-02,United Kingdom,The Guardian,Developing,20,8060,0.0024813895781637717,28,28,True
2018-03,United Kingdom,The Guardian,Developing,30,8375,0.003582089552238806,31,31,True
2018-04,United Kingdom,The Guardian,Developing,26,6520,0.003987730061349694,30,30,True
2018-05,United Kingdom,The Guardian,Developing,20,8030,0.0024906600249066002,31,31,True
2018-06,United Kingdom,The Guardian,Developing,16,8330,0.0019207683073229293,30,30,True
2018-07,United Kingdom,The Guardian,Developing,19,8046,0.002361421824509073,31,31,True
2018-08,United Kingdom,The Guardian,Developing,18,7713,0.002333722287047841,31,31,True
2018-09,United Kingdom,The Guardian,Developing,16,4658,0.0034349506225848005,30,30,True
2018-10,United Kingdom,The Guardian,Developing,35,7506,0.004662936317612576,31,31,True
2018-11,United Kingdom,The Guardian,Developing,22,4286,0.005132991133924405,30,30,True
2018-12,United Kingdom,The Guardian,Developing,29,7402,0.003917860037827614,31,31,True
2019-01,United Kingdom,The Guardian,Developing,21,7566,0.0027755749405233942,31,31,True
2019-02,United Kingdom,The Guardian,Developing,18,7535,0.0023888520238885204,28,28,True
2019-03,United Kingdom,The Guardian,Developing,22,7916,0.0027791814047498737,31,31,True
2019-04,United Kingdom,The Guardian,Developing,20,7664,0.0026096033402922755,30,30,True
2019-05,United Kingdom,The Guardian,Developing,22,8262,0.002662793512466715,31,31,True
2019-06,United Kingdom,The Guardian,Developing,22,7825,0.0028115015974440895,30,30,True
2019-07,United Kingdom,The Guardian,Developing,20,7942,0.0025182573659027953,31,31,True
2019-08,United Kingdom,The Guardian,Developing,10,7779,0.001285512276642242,31,31,True
2019-09,United Kingdom,The Guardian,Developing,37,7970,0.004642409033877039,30,30,True
2019-10,United Kingdom,The Guardian,Developing,36,8420,0.004275534441805225,31,31,True
2019-11,United Kingdom,The Guardian,Developing,29,8030,0.0036114570361145703,30,30,True
2019-12,United Kingdom,The Guardian,Developing,25,7267,0.0034402091647172148,31,31,True
2020-01,United Kingdom,The Guardian,Developing,18,8026,0.00224271118863693,31,31,True
2020-02,United Kingdom,The Guardian,Developing,28,7775,0.0036012861736334405,29,29,True
2020-03,United Kingdom,The Guardian,Developing,31,8850,0.0035028248587570623,31,31,True
2020-04,United Kingdom,The Guardian,Developing,68,8041,0.008456659619450317,30,30,True
2020-05,United Kingdom,The Guardian,Developing,31,8128,0.003813976377952756,31,31,True
2020-06,United Kingdom,The Guardian,Developing,26,8135,0.0031960663798401966,30,30,True
2020-07,United Kingdom,The Guardian,Developing,31,7799,0.003974868572893961,31,31,True
2020-08,United Kingdom,The Guardian,Developing,21,7435,0.0028244788164088768,31,31,True
2020-09,United Kingdom,The Guardian,Developing,25,8117,0.00307995564863866,30,30,True
2020-10,United Kingdom,The Guardian,Developing,27,8198,0.0032934862161502804,31,31,True
2020-11,United Kingdom,The Guardian,Developing,31,7787,0.003980993964299473,30,30,True
2020-12,United Kingdom,The Guardian,Developing,28,7386,0.0037909558624424585,31,31,True
2021-01,United Kingdom,The Guardian,Developing,37,7391,0.005006088485996482,31,31,True
2021-02,United Kingdom,The Guardian,Developing,42,7359,0.005707297187117815,28,28,True
2021-03,United Kingdom,The Guardian,Developing,47,8236,0.005706653715395823,31,31,True
2021-04,United Kingdom,The Guardian,Developing,37,6457,0.0057302152702493414,30,30,True
2021-05,United Kingdom,The Guardian,Developing,41,7409,0.005533810230800378,31,31,True
2021-06,United Kingdom,The Guardian,Developing,54,7500,0.0072,30,30,True
2021-07,United Kingdom,The Guardian,Developing,30,7521,0.003988831272437176,31,31,True
2021-08,United Kingdom,The Guardian,Developing,27,6984,0.003865979381443299,31,31,True
2021-09,United Kingdom,The Guardian,Developing,55,7628,0.007210277923439958,30,30,True
2021-10,United Kingdom,The Guardian,Developing,81,7785,0.010404624277456647,31,31,True
2021-11,United Kingdom,The Guardian,Developing,110,7322,0.015023217700081944,30,30,True
2021-12,United Kingdom,The Guardian,Developing,28,7028,0.00398406374501992,31,31,True
2022-01,United Kingdom,The Guardian,Developing,17,6425,0.0026459143968871595,31,31,True
2022-02,United Kingdom,The Guardian,Developing,16,6610,0.002420574886535552,28,28,True
2022-03,United Kingdom,The Guardian,Developing,23,7920,0.002904040404040404,31,31,True
2022-04,United Kingdom,The Guardian,Developing,19,4505,0.004217536071032186,30,30,True
2022-05,United Kingdom,The Guardian,Developing,29,6988,0.004149971379507728,31,31,True
2022-06,United Kingdom,The Guardian,Developing,44,7697,0.00571651292711446,30,30,True
2022-07,United Kingdom,The Guardian,Developing,27,7760,0.0034793814432989693,31,31,True
2022-08,United Kingdom,The Guardian,Developing,17,7764,0.0021895929933024214,31,31,True
2022-09,United Kingdom,The Guardian,Developing,32,7893,0.00405422526289117,30,30,True
2022-10,United Kingdom,The Guardian,Developing,42,8023,0.005234949520129627,31,31,True
2022-11,United Kingdom,The Guardian,Developing,128,8115,0.015773259396179913,30,30,True
2022-12,United Kingdom,The Guardian,Developing,37,7187,0.005148184221511061,31,31,True
2023-01,United Kingdom,The Guardian,Developing,22,7478,0.002941963091735758,31,31,True
2023-02,United Kingdom,The Guardian,Developing,13,6899,0.0018843310624728222,28,28,True
2023-03,United Kingdom,The Guardian,Developing,24,7892,0.0030410542321338066,31,31,True
2023-04,United Kingdom,The Guardian,Developing,18,7328,0.0024563318777292577,30,30,True
2023-05,United Kingdom,The Guardian,Developing,10,8030,0.0012453300124533001,31,31,True
2023-06,United Kingdom,The Guardian,Developing,35,7568,0.0046247357293868925,30,30,True
2023-07,United Kingdom,The Guardian,Developing,37,7793,0.004747850635185423,31,31,True
2023-08,United Kingdom,The Guardian,Developing,31,7665,0.004044357469015003,31,31,True
2023-09,United Kingdom,The Guardian,Developing,40,7916,0.005053057099545225,30,30,True
2023-10,United Kingdom,The Guardian,Developing,21,7383,0.0028443722064201544,31,31,True
2023-11,United Kingdom,The Guardian,Developing,48,7241,0.0066289186576439715,30,30,True
2023-12,United Kingdom,The Guardian,Developing,70,6745,0.010378057820607857,31,31,True
2024-01,United Kingdom,The Guardian,Developing,16,6496,0.0024630541871921183,31,31,True
2024-02,United Kingdom,The Guardian,Developing,13,6255,0.0020783373301358913,29,29,True
2024-03,United Kingdom,The Guardian,Developing,12,6342,0.001892147587511826,31,31,True
2024-04,United Kingdom,The Guardian,Developing,14,6372,0.002197112366603892,30,30,True
2024-05,United Kingdom,The Guardian,Developing,17,6893,0.002466270129116495,31,31,True
2024-06,United Kingdom,The Guardian,Developing,10,6696,0.0014934289127837516,30,30,True
2024-07,United Kingdom,The Guardian,Developing,19,6642,0.0028605841613971697,31,31,True
2024-08,United Kingdom,The Guardian,Developing,19,7173,0.0026488219712811935,31,31,True
2024-09,United Kingdom,The Guardian,Developing,30,7897,0.003798910978852729,30,30,True
2024-10,United Kingdom,The Guardian,Developing,17,8060,0.002109181141439206,31,31,True
2024-11,United Kingdom,The Guardian,Developing,92,7803,0.01179033704985262,30,30,True
2024-12,United Kingdom,The Guardian,Developing,13,6671,0.001948733323339829,31,31,True
2025-01,United Kingdom,The Guardian,Developing,18,7702,0.0023370553103090105,31,31,True
2025-02,United Kingdom,The Guardian,Developing,21,6921,0.003034243606415258,28,28,True
2025-03,United Kingdom,The Guardian,Developing,28,7891,0.003548346217209479,31,31,True
2025-04,United Kingdom,The Guardian,Developing,31,7151,0.004335058033841421,30,30,True
2025-05,United Kingdom,The Guardian,Developing,14,7285,0.0019217570350034316,31,31,True
2025-06,United Kingdom,The Guardian,Developing,21,6943,0.0030246291228575545,30,30,True
2025-07,United Kingdom,The Guardian,Developing,12,7042,0.0017040613462084636,31,31,True
2025-08,United Kingdom,The Guardian,Developing,7,6763,0.0010350436196954014,31,31,True
2025-09,United Kingdom,The Guardian,Developing,8,7211,0.001109416169740674,30,30,True
2025-10,United Kingdom,The Guardian,Developing,13,7133,0.0018225150707977008,31,31,True
2025-11,United Kingdom,The Guardian,Developing,52,6740,0.00771513353115727,30,30,True
2025-12,United Kingdom,The Guardian,Developing,7,6531,0.0010718113612004287,31,31,True
2026-01,United Kingdom,The Guardian,Developing,13,6825,0.0019047619047619048,31,31,True
2026-02,United Kingdom,The Guardian,Developing,12,6551,0.0018317814074187146,28,28,True
2026-03,United Kingdom,The Guardian,Developing,15,7250,0.0020689655172413794,31,31,True
2026-04,United Kingdom,The Guardian,Developing,22,6734,0.003267003267003267,30,30,True
2026-05,United Kingdom,The Guardian,Developing,16,6957,0.002299841885870346,31,31,True
2026-06,United Kingdom,The Guardian,Developing,8,7226,0.0011071132023249377,30,30,True
2026-07,United Kingdom,The Guardian,Developing,13,6796,0.0019128899352560329,31,31,True
2026-08,United Kingdom,The Guardian,Developing,0,2,0.0,1,31,False
2016-01,United Kingdom,The Guardian,High income,2,22565,8.863283846665189e-05,31,31,True
2016-02,United Kingdom,The Guardian,High income,2,21340,9.372071227741331e-05,29,29,True
2016-03,United Kingdom,The Guardian,High income,8,22161,0.00036099453995758316,31,31,True
2016-04,United Kingdom,The Guardian,High income,4,15577,0.0002567888553636772,30,30,True
2016-05,United Kingdom,The Guardian,High income,4,11401,0.00035084641698096656,31,31,True
2016-06,United Kingdom,The Guardian,High income,1,11514,8.685079034219212e-05,30,30,True
2016-07,United Kingdom,The Guardian,High income,2,10275,0.00019464720194647202,31,31,True
2016-08,United Kingdom,The Guardian,High income,2,10401,0.00019228920296125374,31,31,True
2016-09,United Kingdom,The Guardian,High income,4,10466,0.00038218994840435696,30,30,True
2016-10,United Kingdom,The Guardian,High income,5,9932,0.0005034232782923883,31,31,True
2016-11,United Kingdom,The Guardian,High income,2,9792,0.0002042483660130719,30,30,True
2016-12,United Kingdom,The Guardian,High income,1,8507,0.00011755025273304338,31,31,True
2017-01,United Kingdom,The Guardian,High income,2,10564,0.0001893222264293828,31,31,True
2017-02,United Kingdom,The Guardian,High income,1,9485,0.00010542962572482868,28,28,True
2017-03,United Kingdom,The Guardian,High income,2,10180,0.00019646365422396856,31,31,True
2017-04,United Kingdom,The Guardian,High income,1,9271,0.00010786322942508899,30,30,True
2017-05,United Kingdom,The Guardian,High income,1,10032,9.968102073365231e-05,31,31,True
2017-06,United Kingdom,The Guardian,High income,3,9825,0.0003053435114503817,30,30,True
2017-07,United Kingdom,The Guardian,High income,6,9714,0.0006176652254478073,31,31,True
2017-08,United Kingdom,The Guardian,High income,1,8738,0.00011444266422522316,31,31,True
2017-09,United Kingdom,The Guardian,High income,0,7998,0.0,30,30,True
2017-10,United Kingdom,The Guardian,High income,4,7923,0.0005048592704783542,31,31,True
2017-11,United Kingdom,The Guardian,High income,4,8075,0.0004953560371517028,30,30,True
2017-12,United Kingdom,The Guardian,High income,4,7712,0.0005186721991701245,31,31,True
2018-01,United Kingdom,The Guardian,High income,1,8633,0.00011583458820803892,31,31,True
2018-02,United Kingdom,The Guardian,High income,2,8060,0.00024813895781637717,28,28,True
2018-03,United Kingdom,The Guardian,High income,3,8375,0.0003582089552238806,31,31,True
2018-04,United Kingdom,The Guardian,High income,1,6520,0.00015337423312883436,30,30,True
2018-05,United Kingdom,The Guardian,High income,2,8030,0.00024906600249066,31,31,True
2018-06,United Kingdom,The Guardian,High income,0,8330,0.0,30,30,True
2018-07,United Kingdom,The Guardian,High income,1,8046,0.00012428535918468804,31,31,True
2018-08,United Kingdom,The Guardian,High income,2,7713,0.000259302476338649,31,31,True
2018-09,United Kingdom,The Guardian,High income,0,4658,0.0,30,30,True
2018-10,United Kingdom,The Guardian,High income,1,7506,0.0001332267519317879,31,31,True
2018-11,United Kingdom,The Guardian,High income,0,4286,0.0,30,30,True
2018-12,United Kingdom,The Guardian,High income,1,7402,0.00013509862199405565,31,31,True
2019-01,United Kingdom,The Guardian,High income,0,7566,0.0,31,31,True
2019-02,United Kingdom,The Guardian,High income,4,7535,0.00053085600530856,28,28,True
2019-03,United Kingdom,The Guardian,High income,2,7916,0.00025265285497726126,31,31,True
2019-04,United Kingdom,The Guardian,High income,2,7664,0.00026096033402922753,30,30,True
2019-05,United Kingdom,The Guardian,High income,2,8262,0.0002420721374969741,31,31,True
2019-06,United Kingdom,The Guardian,High income,3,7825,0.00038338658146964857,30,30,True
2019-07,United Kingdom,The Guardian,High income,4,7942,0.000503651473180559,31,31,True
2019-08,United Kingdom,The Guardian,High income,3,7779,0.0003856536829926726,31,31,True
2019-09,United Kingdom,The Guardian,High income,4,7970,0.0005018820577164366,30,30,True
2019-10,United Kingdom,The Guardian,High income,3,8420,0.00035629453681710216,31,31,True
2019-11,United Kingdom,The Guardian,High income,1,8030,0.00012453300124533,30,30,True
2019-12,United Kingdom,The Guardian,High income,2,7267,0.0002752167331773772,31,31,True
2020-01,United Kingdom,The Guardian,High income,6,8026,0.00074757039621231,31,31,True
2020-02,United Kingdom,The Guardian,High income,3,7775,0.0003858520900321543,29,29,True
2020-03,United Kingdom,The Guardian,High income,0,8850,0.0,31,31,True
2020-04,United Kingdom,The Guardian,High income,2,8041,0.0002487252829250093,30,30,True
2020-05,United Kingdom,The Guardian,High income,1,8128,0.00012303149606299212,31,31,True
2020-06,United Kingdom,The Guardian,High income,4,8135,0.0004917025199754148,30,30,True
2020-07,United Kingdom,The Guardian,High income,4,7799,0.0005128862674701885,31,31,True
2020-08,United Kingdom,The Guardian,High income,2,7435,0.00026899798251513114,31,31,True
2020-09,United Kingdom,The Guardian,High income,2,8117,0.00024639645189109276,30,30,True
2020-10,United Kingdom,The Guardian,High income,3,8198,0.00036594291290558675,31,31,True
2020-11,United Kingdom,The Guardian,High income,6,7787,0.0007705149608321562,30,30,True
2020-12,United Kingdom,The Guardian,High income,6,7386,0.0008123476848090983,31,31,True
2021-01,United Kingdom,The Guardian,High income,11,7391,0.0014882965769178731,31,31,True
2021-02,United Kingdom,The Guardian,High income,5,7359,0.0006794401413235494,28,28,True
2021-03,United Kingdom,The Guardian,High income,8,8236,0.0009713453132588635,31,31,True
2021-04,United Kingdom,The Guardian,High income,8,6457,0.0012389654638376955,30,30,True
2021-05,United Kingdom,The Guardian,High income,7,7409,0.0009447968686732353,31,31,True
2021-06,United Kingdom,The Guardian,High income,5,7500,0.0006666666666666666,30,30,True
2021-07,United Kingdom,The Guardian,High income,3,7521,0.00039888312724371757,31,31,True
2021-08,United Kingdom,The Guardian,High income,9,6984,0.001288659793814433,31,31,True
2021-09,United Kingdom,The Guardian,High income,8,7628,0.001048767697954903,30,30,True
2021-10,United Kingdom,The Guardian,High income,12,7785,0.0015414258188824663,31,31,True
2021-11,United Kingdom,The Guardian,High income,10,7322,0.0013657470636438131,30,30,True
2021-12,United Kingdom,The Guardian,High income,5,7028,0.0007114399544678429,31,31,True
2022-01,United Kingdom,The Guardian,High income,6,6425,0.000933852140077821,31,31,True
2022-02,United Kingdom,The Guardian,High income,5,6610,0.0007564296520423601,28,28,True
2022-03,United Kingdom,The Guardian,High income,2,7920,0.0002525252525252525,31,31,True
2022-04,United Kingdom,The Guardian,High income,4,4505,0.0008879023307436182,30,30,True
2022-05,United Kingdom,The Guardian,High income,10,6988,0.0014310246136233543,31,31,True
2022-06,United Kingdom,The Guardian,High income,4,7697,0.0005196829933740418,30,30,True
2022-07,United Kingdom,The Guardian,High income,7,7760,0.0009020618556701031,31,31,True
2022-08,United Kingdom,The Guardian,High income,7,7764,0.0009015971148892323,31,31,True
2022-09,United Kingdom,The Guardian,High income,2,7893,0.0002533890789306981,30,30,True
2022-10,United Kingdom,The Guardian,High income,5,8023,0.0006232082762059081,31,31,True
2022-11,United Kingdom,The Guardian,High income,3,8115,0.0003696857670979667,30,30,True
2022-12,United Kingdom,The Guardian,High income,0,7187,0.0,31,31,True
2023-01,United Kingdom,The Guardian,High income,3,7478,0.0004011767852366943,31,31,True
2023-02,United Kingdom,The Guardian,High income,2,6899,0.00028989708653428034,28,28,True
2023-03,United Kingdom,The Guardian,High income,4,7892,0.0005068423720223011,31,31,True
2023-04,United Kingdom,The Guardian,High income,1,7328,0.00013646288209606986,30,30,True
2023-05,United Kingdom,The Guardian,High income,4,8030,0.00049813200498132,31,31,True
2023-06,United Kingdom,The Guardian,High income,3,7568,0.0003964059196617336,30,30,True
2023-07,United Kingdom,The Guardian,High income,7,7793,0.000898242012062107,31,31,True
2023-08,United Kingdom,The Guardian,High income,3,7665,0.0003913894324853229,31,31,True
2023-09,United Kingdom,The Guardian,High income,6,7916,0.0007579585649317837,30,30,True
2023-10,United Kingdom,The Guardian,High income,0,7383,0.0,31,31,True
2023-11,United Kingdom,The Guardian,High income,4,7241,0.0005524098881369977,30,30,True
2023-12,United Kingdom,The Guardian,High income,10,6745,0.0014825796886582653,31,31,True
2024-01,United Kingdom,The Guardian,High income,3,6496,0.00046182266009852215,31,31,True
2024-02,United Kingdom,The Guardian,High income,4,6255,0.000639488409272582,29,29,True
2024-03,United Kingdom,The Guardian,High income,6,6342,0.000946073793755913,31,31,True
2024-04,United Kingdom,The Guardian,High income,4,6372,0.0006277463904582549,30,30,True
2024-05,United Kingdom,The Guardian,High income,3,6893,0.0004352241404323226,31,31,True
2024-06,United Kingdom,The Guardian,High income,6,6696,0.0008960573476702509,30,30,True
2024-07,United Kingdom,The Guardian,High income,3,6642,0.00045167118337850043,31,31,True
2024-08,United Kingdom,The Guardian,High income,5,7173,0.0006970584134950509,31,31,True
2024-09,United Kingdom,The Guardian,High income,5,7897,0.0006331518298087882,30,30,True
2024-10,United Kingdom,The Guardian,High income,3,8060,0.00037220843672456576,31,31,True
2024-11,United Kingdom,The Guardian,High income,3,7803,0.00038446751249519417,30,30,True
2024-12,United Kingdom,The Guardian,High income,3,6671,0.000449707690001499,31,31,True
2025-01,United Kingdom,The Guardian,High income,3,7702,0.00038950921838483513,31,31,True
2025-02,United Kingdom,The Guardian,High income,2,6921,0.00028897558156335787,28,28,True
2025-03,United Kingdom,The Guardian,High income,4,7891,0.000506906602458497,31,31,True
2025-04,United Kingdom,The Guardian,High income,6,7151,0.0008390434904209202,30,30,True
2025-05,United Kingdom,The Guardian,High income,7,7285,0.0009608785175017158,31,31,True
2025-06,United Kingdom,The Guardian,High income,6,6943,0.0008641797493878727,30,30,True
2025-07,United Kingdom,The Guardian,High income,4,7042,0.0005680204487361545,31,31,True
2025-08,United Kingdom,The Guardian,High income,3,6763,0.00044359012272660064,31,31,True
2025-09,United Kingdom,The Guardian,High income,3,7211,0.00041603106365275275,30,30,True
2025-10,United Kingdom,The Guardian,High income,2,7133,0.00028038693396887705,31,31,True
2025-11,United Kingdom,The Guardian,High income,0,6740,0.0,30,30,True
2025-12,United Kingdom,The Guardian,High income,4,6531,0.0006124636349716736,31,31,True
2026-01,United Kingdom,The Guardian,High income,1,6825,0.00014652014652014652,31,31,True
2026-02,United Kingdom,The Guardian,High income,0,6551,0.0,28,28,True
2026-03,United Kingdom,The Guardian,High income,4,7250,0.0005517241379310345,31,31,True
2026-04,United Kingdom,The Guardian,High income,4,6734,0.000594000594000594,30,30,True
2026-05,United Kingdom,The Guardian,High income,7,6957,0.0010061808250682765,31,31,True
2026-06,United Kingdom,The Guardian,High income,4,7226,0.0005535566011624688,30,30,True
2026-07,United Kingdom,The Guardian,High income,5,6796,0.0007357268981753973,31,31,True
2026-08,United Kingdom,The Guardian,High income,0,2,0.0,1,31,False
2016-01,United States,CNN,Developing,27,10091,0.0026756515707065704,31,31,True
2016-02,United States,CNN,Developing,24,10074,0.0023823704586063135,29,29,True
2016-03,United States,CNN,Developing,31,10109,0.0030665743396972992,31,31,True
2016-04,United States,CNN,Developing,15,7785,0.0019267822736030828,30,30,True
2016-05,United States,CNN,Developing,22,8994,0.0024460751612185904,31,31,True
2016-06,United States,CNN,Developing,20,11441,0.00174809894240014,30,30,True
2016-07,United States,CNN,Developing,18,11238,0.001601708489054992,31,31,True
2016-08,United States,CNN,Developing,27,11288,0.002391920623671155,31,31,True
2016-09,United States,CNN,Developing,27,11849,0.0022786733057641997,30,30,True
2016-10,United States,CNN,Developing,28,10370,0.002700096432015429,31,31,True
2016-11,United States,CNN,Developing,20,9379,0.0021324234993069626,30,30,True
2016-12,United States,CNN,Developing,15,8009,0.0018728929953801972,31,31,True
2017-01,United States,CNN,Developing,42,14040,0.0029914529914529917,31,31,True
2017-02,United States,CNN,Developing,10,11448,0.0008735150244584207,28,28,True
2017-03,United States,CNN,Developing,13,7598,0.001710976572782311,31,31,True
2017-04,United States,CNN,Developing,8,7634,0.001047943411055803,30,30,True
2017-05,United States,CNN,Developing,26,8467,0.0030707452462501476,31,31,True
2017-06,United States,CNN,Developing,12,6283,0.0019099156453923284,30,30,True
2017-07,United States,CNN,Developing,18,6059,0.0029707872586235353,31,31,True
2017-08,United States,CNN,Developing,9,5602,0.0016065690824705462,31,31,True
2017-09,United States,CNN,Developing,7,4579,0.0015287180607119458,30,30,True
2017-10,United States,CNN,Developing,3,5098,0.0005884660651235779,31,31,True
2017-11,United States,CNN,Developing,21,8185,0.002565668906536347,30,30,True
2017-12,United States,CNN,Developing,2,9274,0.00021565667457407807,31,31,True
2018-01,United States,CNN,Developing,14,13106,0.0010682130321989928,31,31,True
2018-02,United States,CNN,Developing,25,11750,0.002127659574468085,28,28,True
2018-03,United States,CNN,Developing,15,10963,0.0013682386208154701,31,31,True
2018-04,United States,CNN,Developing,10,8403,0.0011900511722004047,30,30,True
2018-05,United States,CNN,Developing,10,11511,0.0008687342541916428,31,31,True
2018-06,United States,CNN,Developing,18,12233,0.0014714297392299518,30,30,True
2018-07,United States,CNN,Developing,19,11511,0.0016505950829641212,31,31,True
2018-08,United States,CNN,Developing,11,10795,0.0010189902732746642,31,31,True
2018-09,United States,CNN,Developing,13,4627,0.0028095958504430517,30,30,True
2018-10,United States,CNN,Developing,24,8316,0.002886002886002886,31,31,True
2018-11,United States,CNN,Developing,3,3667,0.0008181074447777475,30,30,True
2018-12,United States,CNN,Developing,20,8774,0.0022794620469569183,31,31,True
2019-01,United States,CNN,Developing,4,10586,0.0003778575477045154,31,31,True
2019-02,United States,CNN,Developing,29,10202,0.0028425798862968046,28,28,True
2019-03,United States,CNN,Developing,30,10480,0.0028625954198473282,31,31,True
2019-04,United States,CNN,Developing,26,10943,0.0023759480946723933,30,30,True
2019-05,United States,CNN,Developing,22,11493,0.001914208648742713,31,31,True
2019-06,United States,CNN,Developing,28,11706,0.0023919357594396036,30,30,True
2019-07,United States,CNN,Developing,15,12208,0.0012287024901703801,31,31,True
2019-08,United States,CNN,Developing,9,11149,0.000807247286752175,31,31,True
2019-09,United States,CNN,Developing,8,11634,0.0006876396768093519,30,30,True
2019-10,United States,CNN,Developing,11,12555,0.0008761449621664675,31,31,True
2019-11,United States,CNN,Developing,6,10659,0.0005629045876723895,30,30,True
2019-12,United States,CNN,Developing,10,9814,0.0010189525168127166,31,31,True
2020-01,United States,CNN,Developing,8,12426,0.0006438113632705617,31,31,True
2020-02,United States,CNN,Developing,19,12287,0.0015463498006022625,29,29,True
2020-03,United States,CNN,Developing,7,14908,0.0004695465521867454,31,31,True
2020-04,United States,CNN,Developing,23,13775,0.0016696914700544464,30,30,True
2020-05,United States,CNN,Developing,46,13672,0.0033645406670567584,31,31,True
2020-06,United States,CNN,Developing,25,14234,0.001756358016017985,30,30,True
2020-07,United States,CNN,Developing,24,12809,0.0018736825669451167,31,31,True
2020-08,United States,CNN,Developing,23,12507,0.0018389701767010473,31,31,True
2020-09,United States,CNN,Developing,39,13525,0.0028835489833641407,30,30,True
2020-10,United States,CNN,Developing,22,14468,0.0015205971799834117,31,31,True
2020-11,United States,CNN,Developing,34,12818,0.002652519893899204,30,30,True
2020-12,United States,CNN,Developing,64,12000,0.005333333333333333,31,31,True
2021-01,United States,CNN,Developing,61,12724,0.0047940899088337,31,31,True
2021-02,United States,CNN,Developing,21,11535,0.0018205461638491547,28,28,True
2021-03,United States,CNN,Developing,43,12580,0.0034181240063593005,31,31,True
2021-04,United States,CNN,Developing,32,10027,0.003191383265184003,30,30,True
2021-05,United States,CNN,Developing,42,11584,0.0036256906077348065,31,31,True
2021-06,United States,CNN,Developing,26,11947,0.002176278563656148,30,30,True
2021-07,United States,CNN,Developing,18,11445,0.0015727391874180866,31,31,True
2021-08,United States,CNN,Developing,12,9234,0.001299545159194282,31,31,True
2021-09,United States,CNN,Developing,36,10777,0.0033404472487705296,30,30,True
2021-10,United States,CNN,Developing,54,11569,0.004667646296136226,31,31,True
2021-11,United States,CNN,Developing,62,7391,0.008388580706264375,30,30,True
2021-12,United States,CNN,Developing,8,5220,0.0015325670498084292,31,31,True
2022-01,United States,CNN,Developing,5,5081,0.00098405825624877,31,31,True
2022-02,United States,CNN,Developing,1,5223,0.00019146084625694046,28,28,True
2022-03,United States,CNN,Developing,5,5961,0.0008387854386847844,31,31,True
2022-04,United States,CNN,Developing,4,3832,0.0010438413361169101,30,30,True
2022-05,United States,CNN,Developing,6,4767,0.0012586532410320957,31,31,True
2022-06,United States,CNN,Developing,13,5379,0.002416806097787693,30,30,True
2022-07,United States,CNN,Developing,9,5089,0.0017685203379838867,31,31,True
2022-08,United States,CNN,Developing,7,5116,0.0013682564503518374,31,31,True
2022-09,United States,CNN,Developing,10,5197,0.0019241870309794113,30,30,True
2022-10,United States,CNN,Developing,8,5165,0.001548886737657309,31,31,True
2022-11,United States,CNN,Developing,16,5413,0.002955847034915943,30,30,True
2022-12,United States,CNN,Developing,2,4795,0.0004171011470281543,31,31,True
2023-01,United States,CNN,Developing,4,5212,0.0007674597083653108,31,31,True
2023-02,United States,CNN,Developing,9,4814,0.0018695471541337765,28,28,True
2023-03,United States,CNN,Developing,5,5493,0.0009102494083378846,31,31,True
2023-04,United States,CNN,Developing,7,4548,0.0015391380826737027,30,30,True
2023-05,United States,CNN,Developing,7,4542,0.0015411712901805372,31,31,True
2023-06,United States,CNN,Developing,6,4003,0.0014988758431176618,30,30,True
2023-07,United States,CNN,Developing,13,3930,0.0033078880407124683,31,31,True
2023-08,United States,CNN,Developing,6,3931,0.0015263291783261257,31,31,True
2023-09,United States,CNN,Developing,13,3987,0.0032605969400551793,30,30,True
2023-10,United States,CNN,Developing,3,3070,0.000977198697068404,31,31,True
2023-11,United States,CNN,Developing,0,1789,0.0,30,30,True
2023-12,United States,CNN,Developing,2,2003,0.000998502246630055,31,31,True
2024-01,United States,CNN,Developing,2,1967,0.0010167768174885613,31,31,True
2024-02,United States,CNN,Developing,0,1785,0.0,29,29,True
2024-03,United States,CNN,Developing,0,1869,0.0,31,31,True
2024-04,United States,CNN,Developing,0,1859,0.0,30,30,True
2024-05,United States,CNN,Developing,1,1953,0.0005120327700972862,31,31,True
2024-06,United States,CNN,Developing,0,1732,0.0,30,30,True
2024-07,United States,CNN,Developing,0,1772,0.0,31,31,True
2024-08,United States,CNN,Developing,0,2052,0.0,31,31,True
2024-09,United States,CNN,Developing,6,6077,0.0009873292743129835,30,30,True
2024-10,United States,CNN,Developing,4,6541,0.0006115272894052897,31,31,True
2024-11,United States,CNN,Developing,8,5850,0.0013675213675213675,30,30,True
2024-12,United States,CNN,Developing,7,4462,0.0015688032272523531,31,31,True
2025-01,United States,CNN,Developing,1,4541,0.00022021581149526536,31,31,True
2025-02,United States,CNN,Developing,7,4103,0.0017060687301974165,28,28,True
2025-03,United States,CNN,Developing,4,4580,0.0008733624454148472,31,31,True
2025-04,United States,CNN,Developing,7,4519,0.001549015268864793,30,30,True
2025-05,United States,CNN,Developing,0,4676,0.0,31,31,True
2025-06,United States,CNN,Developing,4,4455,0.0008978675645342312,30,30,True
2025-07,United States,CNN,Developing,1,4477,0.00022336385972749609,31,31,True
2025-08,United States,CNN,Developing,2,4097,0.000488162069807176,31,31,True
2025-09,United States,CNN,Developing,3,4322,0.0006941230911614993,30,30,True
2025-10,United States,CNN,Developing,2,4626,0.00043233895373973193,31,31,True
2025-11,United States,CNN,Developing,7,4556,0.0015364354697102723,30,30,True
2025-12,United States,CNN,Developing,4,4396,0.0009099181073703367,31,31,True
2026-01,United States,CNN,Developing,0,4385,0.0,31,31,True
2026-02,United States,CNN,Developing,2,3907,0.0005119017148707448,28,28,True
2026-03,United States,CNN,Developing,0,4371,0.0,31,31,True
2026-04,United States,CNN,Developing,2,4162,0.0004805382027871216,30,30,True
2026-05,United States,CNN,Developing,2,4003,0.0004996252810392206,31,31,True
2026-06,United States,CNN,Developing,4,4313,0.0009274287039183863,30,30,True
2026-07,United States,CNN,Developing,2,4395,0.0004550625711035267,31,31,True
2026-08,United States,CNN,Developing,0,4,0.0,1,31,False
2016-01,United States,CNN,High income,7,10091,0.0006936874442572589,31,31,True
2016-02,United States,CNN,High income,2,10074,0.0001985308715505261,29,29,True
2016-03,United States,CNN,High income,3,10109,0.0002967652586803838,31,31,True
2016-04,United States,CNN,High income,6,7785,0.0007707129094412332,30,30,True
2016-05,United States,CNN,High income,5,8994,0.0005559261730042251,31,31,True
2016-06,United States,CNN,High income,5,11441,0.000437024735600035,30,30,True
2016-07,United States,CNN,High income,6,11238,0.0005339028296849973,31,31,True
2016-08,United States,CNN,High income,0,11288,0.0,31,31,True
2016-09,United States,CNN,High income,0,11849,0.0,30,30,True
2016-10,United States,CNN,High income,0,10370,0.0,31,31,True
2016-11,United States,CNN,High income,3,9379,0.00031986352489604436,30,30,True
2016-12,United States,CNN,High income,0,8009,0.0,31,31,True
2017-01,United States,CNN,High income,0,14040,0.0,31,31,True
2017-02,United States,CNN,High income,8,11448,0.0006988120195667365,28,28,True
2017-03,United States,CNN,High income,6,7598,0.0007896814951302974,31,31,True
2017-04,United States,CNN,High income,3,7634,0.0003929787791459261,30,30,True
2017-05,United States,CNN,High income,3,8467,0.00035431675918270935,31,31,True
2017-06,United States,CNN,High income,2,6283,0.0003183192742320548,30,30,True
2017-07,United States,CNN,High income,0,6059,0.0,31,31,True
2017-08,United States,CNN,High income,0,5602,0.0,31,31,True
2017-09,United States,CNN,High income,1,4579,0.00021838829438742082,30,30,True
2017-10,United States,CNN,High income,0,5098,0.0,31,31,True
2017-11,United States,CNN,High income,0,8185,0.0,30,30,True
2017-12,United States,CNN,High income,2,9274,0.00021565667457407807,31,31,True
2018-01,United States,CNN,High income,0,13106,0.0,31,31,True
2018-02,United States,CNN,High income,6,11750,0.0005106382978723404,28,28,True
2018-03,United States,CNN,High income,6,10963,0.0005472954483261881,31,31,True
2018-04,United States,CNN,High income,3,8403,0.0003570153516601214,30,30,True
2018-05,United States,CNN,High income,18,11511,0.001563721657544957,31,31,True
2018-06,United States,CNN,High income,3,12233,0.00024523828987165863,30,30,True
2018-07,United States,CNN,High income,5,11511,0.0004343671270958214,31,31,True
2018-08,United States,CNN,High income,7,10795,0.0006484483557202408,31,31,True
2018-09,United States,CNN,High income,4,4627,0.0008644910309055544,30,30,True
2018-10,United States,CNN,High income,11,8316,0.0013227513227513227,31,31,True
2018-11,United States,CNN,High income,0,3667,0.0,30,30,True
2018-12,United States,CNN,High income,9,8774,0.0010257579211306132,31,31,True
2019-01,United States,CNN,High income,11,10586,0.0010391082561874174,31,31,True
2019-02,United States,CNN,High income,9,10202,0.0008821799647128014,28,28,True
2019-03,United States,CNN,High income,9,10480,0.0008587786259541985,31,31,True
2019-04,United States,CNN,High income,3,10943,0.00027414785707758385,30,30,True
2019-05,United States,CNN,High income,26,11493,0.0022622465848777516,31,31,True
2019-06,United States,CNN,High income,13,11706,0.001110541602596959,30,30,True
2019-07,United States,CNN,High income,9,12208,0.000737221494102228,31,31,True
2019-08,United States,CNN,High income,2,11149,0.0001793882859449278,31,31,True
2019-09,United States,CNN,High income,5,11634,0.00042977479800584495,30,30,True
2019-10,United States,CNN,High income,2,12555,0.00015929908403026683,31,31,True
2019-11,United States,CNN,High income,8,10659,0.0007505394502298527,30,30,True
2019-12,United States,CNN,High income,9,9814,0.0009170572651314449,31,31,True
2020-01,United States,CNN,High income,5,12426,0.0004023821020441011,31,31,True
2020-02,United States,CNN,High income,5,12287,0.000406934158053227,29,29,True
2020-03,United States,CNN,High income,6,14908,0.0004024684733029246,31,31,True
2020-04,United States,CNN,High income,0,13775,0.0,30,30,True
2020-05,United States,CNN,High income,6,13672,0.0004388531304856641,31,31,True
2020-06,United States,CNN,High income,0,14234,0.0,30,30,True
2020-07,United States,CNN,High income,8,12809,0.0006245608556483723,31,31,True
2020-08,United States,CNN,High income,2,12507,0.00015991045014791716,31,31,True
2020-09,United States,CNN,High income,14,13525,0.0010351201478743068,30,30,True
2020-10,United States,CNN,High income,9,14468,0.0006220624827204866,31,31,True
2020-11,United States,CNN,High income,3,12818,0.00023404587299110627,30,30,True
2020-12,United States,CNN,High income,16,12000,0.0013333333333333333,31,31,True
2021-01,United States,CNN,High income,25,12724,0.00196479094624332,31,31,True
2021-02,United States,CNN,High income,6,11535,0.0005201560468140442,28,28,True
2021-03,United States,CNN,High income,9,12580,0.0007154213036565977,31,31,True
2021-04,United States,CNN,High income,1,10027,9.97307270370001e-05,30,30,True
2021-05,United States,CNN,High income,16,11584,0.0013812154696132596,31,31,True
2021-06,United States,CNN,High income,5,11947,0.0004185151083954131,30,30,True
2021-07,United States,CNN,High income,8,11445,0.0006989951944080385,31,31,True
2021-08,United States,CNN,High income,16,9234,0.0017327268789257093,31,31,True
2021-09,United States,CNN,High income,14,10777,0.0012990628189663172,30,30,True
2021-10,United States,CNN,High income,15,11569,0.0012965684155933962,31,31,True
2021-11,United States,CNN,High income,4,7391,0.0005411987552428629,30,30,True
2021-12,United States,CNN,High income,9,5220,0.0017241379310344827,31,31,True
2022-01,United States,CNN,High income,1,5081,0.000196811651249754,31,31,True
2022-02,United States,CNN,High income,1,5223,0.00019146084625694046,28,28,True
2022-03,United States,CNN,High income,1,5961,0.00016775708773695687,31,31,True
2022-04,United States,CNN,High income,1,3832,0.00026096033402922753,30,30,True
2022-05,United States,CNN,High income,3,4767,0.0006293266205160479,31,31,True
2022-06,United States,CNN,High income,1,5379,0.00018590816136828406,30,30,True
2022-07,United States,CNN,High income,0,5089,0.0,31,31,True
2022-08,United States,CNN,High income,1,5116,0.00019546520719311962,31,31,True
2022-09,United States,CNN,High income,1,5197,0.00019241870309794111,30,30,True
2022-10,United States,CNN,High income,2,5165,0.0003872216844143272,31,31,True
2022-11,United States,CNN,High income,2,5413,0.0003694808793644929,30,30,True
2022-12,United States,CNN,High income,1,4795,0.00020855057351407716,31,31,True
2023-01,United States,CNN,High income,2,5212,0.0003837298541826554,31,31,True
2023-02,United States,CNN,High income,2,4814,0.0004154549231408392,28,28,True
2023-03,United States,CNN,High income,1,5493,0.0001820498816675769,31,31,True
2023-04,United States,CNN,High income,4,4548,0.0008795074758135445,30,30,True
2023-05,United States,CNN,High income,0,4542,0.0,31,31,True
2023-06,United States,CNN,High income,0,4003,0.0,30,30,True
2023-07,United States,CNN,High income,0,3930,0.0,31,31,True
2023-08,United States,CNN,High income,0,3931,0.0,31,31,True
2023-09,United States,CNN,High income,0,3987,0.0,30,30,True
2023-10,United States,CNN,High income,1,3070,0.0003257328990228013,31,31,True
2023-11,United States,CNN,High income,0,1789,0.0,30,30,True
2023-12,United States,CNN,High income,0,2003,0.0,31,31,True
2024-01,United States,CNN,High income,0,1967,0.0,31,31,True
2024-02,United States,CNN,High income,0,1785,0.0,29,29,True
2024-03,United States,CNN,High income,0,1869,0.0,31,31,True
2024-04,United States,CNN,High income,0,1859,0.0,30,30,True
2024-05,United States,CNN,High income,0,1953,0.0,31,31,True
2024-06,United States,CNN,High income,0,1732,0.0,30,30,True
2024-07,United States,CNN,High income,0,1772,0.0,31,31,True
2024-08,United States,CNN,High income,0,2052,0.0,31,31,True
2024-09,United States,CNN,High income,1,6077,0.0001645548790521639,30,30,True
2024-10,United States,CNN,High income,0,6541,0.0,31,31,True
2024-11,United States,CNN,High income,1,5850,0.00017094017094017094,30,30,True
2024-12,United States,CNN,High income,2,4462,0.00044822949350067237,31,31,True
2025-01,United States,CNN,High income,0,4541,0.0,31,31,True
2025-02,United States,CNN,High income,0,4103,0.0,28,28,True
2025-03,United States,CNN,High income,1,4580,0.0002183406113537118,31,31,True
2025-04,United States,CNN,High income,0,4519,0.0,30,30,True
2025-05,United States,CNN,High income,1,4676,0.000213857998289136,31,31,True
2025-06,United States,CNN,High income,1,4455,0.0002244668911335578,30,30,True
2025-07,United States,CNN,High income,4,4477,0.0008934554389099843,31,31,True
2025-08,United States,CNN,High income,1,4097,0.000244081034903588,31,31,True
2025-09,United States,CNN,High income,1,4322,0.00023137436372049977,30,30,True
2025-10,United States,CNN,High income,1,4626,0.00021616947686986597,31,31,True
2025-11,United States,CNN,High income,1,4556,0.00021949078138718174,30,30,True
2025-12,United States,CNN,High income,6,4396,0.001364877161055505,31,31,True
2026-01,United States,CNN,High income,0,4385,0.0,31,31,True
2026-02,United States,CNN,High income,1,3907,0.0002559508574353724,28,28,True
2026-03,United States,CNN,High income,1,4371,0.00022878059940517045,31,31,True
2026-04,United States,CNN,High income,0,4162,0.0,30,30,True
2026-05,United States,CNN,High income,0,4003,0.0,31,31,True
2026-06,United States,CNN,High income,0,4313,0.0,30,30,True
2026-07,United States,CNN,High income,2,4395,0.0004550625711035267,31,31,True
2026-08,United States,CNN,High income,0,4,0.0,1,31,False
2016-01,United States,Fox News,Developing,15,9395,0.0015965939329430547,31,31,True
2016-02,United States,Fox News,Developing,4,9994,0.00040024014408645187,29,29,True
2016-03,United States,Fox News,Developing,5,10656,0.0004692192192192192,31,31,True
2016-04,United States,Fox News,Developing,11,9517,0.0011558264158873595,30,30,True
2016-05,United States,Fox News,Developing,10,11074,0.0009030160736861117,31,31,True
2016-06,United States,Fox News,Developing,5,11261,0.0004440103010389841,30,30,True
2016-07,United States,Fox News,Developing,11,10747,0.0010235414534288639,31,31,True
2016-08,United States,Fox News,Developing,6,11016,0.0005446623093681918,31,31,True
2016-09,United States,Fox News,Developing,16,10452,0.0015308075009567547,30,30,True
2016-10,United States,Fox News,Developing,9,8240,0.001092233009708738,31,31,True
2016-11,United States,Fox News,Developing,8,7065,0.001132342533616419,30,30,True
2016-12,United States,Fox News,Developing,4,7472,0.0005353319057815846,31,31,True
2017-01,United States,Fox News,Developing,5,10312,0.0004848719937936385,31,31,True
2017-02,United States,Fox News,Developing,4,8911,0.00044888340253619125,28,28,True
2017-03,United States,Fox News,Developing,2,10258,0.00019496977968414895,31,31,True
2017-04,United States,Fox News,Developing,3,10737,0.0002794076557697681,30,30,True
2017-05,United States,Fox News,Developing,3,10863,0.00027616680475006904,31,31,True
2017-06,United States,Fox News,Developing,12,11291,0.0010627933752546275,30,30,True
2017-07,United States,Fox News,Developing,4,10142,0.00039439952672056796,31,31,True
2017-08,United States,Fox News,Developing,4,10226,0.00039115978877371407,31,31,True
2017-09,United States,Fox News,Developing,4,6619,0.0006043208943949237,30,30,True
2017-10,United States,Fox News,Developing,2,8288,0.00024131274131274132,31,31,True
2017-11,United States,Fox News,Developing,4,8803,0.00045439054867658755,30,30,True
2017-12,United States,Fox News,Developing,4,8642,0.0004628558204119417,31,31,True
2018-01,United States,Fox News,Developing,10,10404,0.0009611687812379854,31,31,True
2018-02,United States,Fox News,Developing,8,8862,0.0009027307605506658,28,28,True
2018-03,United States,Fox News,Developing,3,9724,0.00030851501439736734,31,31,True
2018-04,United States,Fox News,Developing,1,6409,0.00015603058199407084,30,30,True
2018-05,United States,Fox News,Developing,5,9606,0.0005205080158234437,31,31,True
2018-06,United States,Fox News,Developing,2,9145,0.00021869874248223073,30,30,True
2018-07,United States,Fox News,Developing,5,8246,0.000606354596167839,31,31,True
2018-08,United States,Fox News,Developing,4,9305,0.00042987641053197207,31,31,True
2018-09,United States,Fox News,Developing,5,6276,0.0007966857871255577,30,30,True
2018-10,United States,Fox News,Developing,6,7689,0.0007803355442840422,31,31,True
2018-11,United States,Fox News,Developing,5,3707,0.001348799568384138,30,30,True
2018-12,United States,Fox News,Developing,13,8438,0.0015406494429959707,31,31,True
2019-01,United States,Fox News,Developing,3,7504,0.0003997867803837953,31,31,True
2019-02,United States,Fox News,Developing,13,8734,0.001488435997252118,28,28,True
2019-03,United States,Fox News,Developing,10,10090,0.0009910802775024777,31,31,True
2019-04,United States,Fox News,Developing,4,10912,0.00036656891495601173,30,30,True
2019-05,United States,Fox News,Developing,7,12759,0.0005486323379575202,31,31,True
2019-06,United States,Fox News,Developing,6,10250,0.0005853658536585366,30,30,True
2019-07,United States,Fox News,Developing,6,7743,0.0007748934521503294,31,31,True
2019-08,United States,Fox News,Developing,8,6600,0.0012121212121212121,31,31,True
2019-09,United States,Fox News,Developing,9,6624,0.001358695652173913,30,30,True
2019-10,United States,Fox News,Developing,5,7301,0.0006848376934666484,31,31,True
2019-11,United States,Fox News,Developing,1,6506,0.0001537042729787888,30,30,True
2019-12,United States,Fox News,Developing,4,6313,0.0006336131791541264,31,31,True
2020-01,United States,Fox News,Developing,2,7524,0.0002658160552897395,31,31,True
2020-02,United States,Fox News,Developing,5,6906,0.0007240081088908196,29,29,True
2020-03,United States,Fox News,Developing,2,8110,0.0002466091245376079,31,31,True
2020-04,United States,Fox News,Developing,12,8246,0.0014552510308028135,30,30,True
2020-05,United States,Fox News,Developing,9,8084,0.0011133102424542305,31,31,True
2020-06,United States,Fox News,Developing,4,8187,0.0004885794552339074,30,30,True
2020-07,United States,Fox News,Developing,4,7477,0.0005349739200213989,31,31,True
2020-08,United States,Fox News,Developing,2,7914,0.00025271670457417233,31,31,True
2020-09,United States,Fox News,Developing,2,7823,0.000255656397801355,30,30,True
2020-10,United States,Fox News,Developing,1,7823,0.0001278281989006775,31,31,True
2020-11,United States,Fox News,Developing,4,6573,0.0006085501293169025,30,30,True
2020-12,United States,Fox News,Developing,10,6287,0.001590583744234134,31,31,True
2021-01,United States,Fox News,Developing,6,6080,0.000986842105263158,31,31,True
2021-02,United States,Fox News,Developing,11,5566,0.001976284584980237,28,28,True
2021-03,United States,Fox News,Developing,6,6872,0.0008731082654249127,31,31,True
2021-04,United States,Fox News,Developing,6,5325,0.0011267605633802818,30,30,True
2021-05,United States,Fox News,Developing,8,5964,0.0013413816230717639,31,31,True
2021-06,United States,Fox News,Developing,1,6419,0.00015578750584203146,30,30,True
2021-07,United States,Fox News,Developing,3,6506,0.00046111281893636643,31,31,True
2021-08,United States,Fox News,Developing,7,7075,0.000989399293286219,31,31,True
2021-09,United States,Fox News,Developing,1,6670,0.00014992503748125936,30,30,True
2021-10,United States,Fox News,Developing,3,6617,0.0004533776635937736,31,31,True
2021-11,United States,Fox News,Developing,2,2807,0.0007125044531528322,30,30,True
2021-12,United States,Fox News,Developing,0,4869,0.0,31,31,True
2022-01,United States,Fox News,Developing,1,4864,0.00020559210526315788,31,31,True
2022-02,United States,Fox News,Developing,1,4393,0.00022763487366264513,28,28,True
2022-03,United States,Fox News,Developing,6,5255,0.001141769743101808,31,31,True
2022-04,United States,Fox News,Developing,2,3135,0.0006379585326953748,30,30,True
2022-05,United States,Fox News,Developing,0,4540,0.0,31,31,True
2022-06,United States,Fox News,Developing,7,5526,0.0012667390517553383,30,30,True
2022-07,United States,Fox News,Developing,3,5694,0.0005268703898840885,31,31,True
2022-08,United States,Fox News,Developing,3,7227,0.00041511000415110004,31,31,True
2022-09,United States,Fox News,Developing,5,7144,0.0006998880179171332,30,30,True
2022-10,United States,Fox News,Developing,1,6959,0.00014369880729989942,31,31,True
2022-11,United States,Fox News,Developing,7,6704,0.0010441527446300716,30,30,True
2022-12,United States,Fox News,Developing,4,5866,0.0006818956699624957,31,31,True
2023-01,United States,Fox News,Developing,2,7749,0.0002580978190734288,31,31,True
2023-02,United States,Fox News,Developing,2,7386,0.00027078256160303275,28,28,True
2023-03,United States,Fox News,Developing,10,8103,0.001234110823151919,31,31,True
2023-04,United States,Fox News,Developing,3,7228,0.00041505257332595465,30,30,True
2023-05,United States,Fox News,Developing,6,9147,0.0006559527714004591,31,31,True
2023-06,United States,Fox News,Developing,7,9064,0.0007722859664607238,30,30,True
2023-07,United States,Fox News,Developing,3,9184,0.0003266550522648084,31,31,True
2023-08,United States,Fox News,Developing,2,9360,0.00021367521367521368,31,31,True
2023-09,United States,Fox News,Developing,1,8396,0.00011910433539780847,30,30,True
2023-10,United States,Fox News,Developing,1,8313,0.00012029351617947793,31,31,True
2023-11,United States,Fox News,Developing,1,7946,0.00012584948401711554,30,30,True
2023-12,United States,Fox News,Developing,3,3240,0.000925925925925926,31,31,True
2024-01,United States,Fox News,Developing,0,4801,0.0,31,31,True
2024-02,United States,Fox News,Developing,3,5347,0.0005610622779128483,29,29,True
2024-03,United States,Fox News,Developing,0,5025,0.0,31,31,True
2024-04,United States,Fox News,Developing,0,5236,0.0,30,30,True
2024-05,United States,Fox News,Developing,5,4353,0.0011486331265793705,31,31,True
2024-06,United States,Fox News,Developing,2,4124,0.00048496605237633366,30,30,True
2024-07,United States,Fox News,Developing,0,4247,0.0,31,31,True
2024-08,United States,Fox News,Developing,0,3767,0.0,31,31,True
2024-09,United States,Fox News,Developing,0,3130,0.0,30,30,True
2024-10,United States,Fox News,Developing,1,3813,0.00026226068712300026,31,31,True
2024-11,United States,Fox News,Developing,1,4112,0.00024319066147859923,30,30,True
2024-12,United States,Fox News,Developing,1,4055,0.0002466091245376079,31,31,True
2025-01,United States,Fox News,Developing,0,4708,0.0,31,31,True
2025-02,United States,Fox News,Developing,2,4514,0.00044306601683650863,28,28,True
2025-03,United States,Fox News,Developing,7,4613,0.0015174506828528073,31,31,True
2025-04,United States,Fox News,Developing,1,4645,0.00021528525296017224,30,30,True
2025-05,United States,Fox News,Developing,0,4320,0.0,31,31,True
2025-06,United States,Fox News,Developing,1,4328,0.0002310536044362292,30,30,True
2025-07,United States,Fox News,Developing,1,4423,0.00022609088853719196,31,31,True
2025-08,United States,Fox News,Developing,4,4053,0.0009869232667160128,31,31,True
2025-09,United States,Fox News,Developing,0,3995,0.0,30,30,True
2025-10,United States,Fox News,Developing,1,4459,0.00022426553038797938,31,31,True
2025-11,United States,Fox News,Developing,1,3921,0.0002550369803621525,30,30,True
2025-12,United States,Fox News,Developing,1,4065,0.0002460024600246002,31,31,True
2026-01,United States,Fox News,Developing,2,4567,0.0004379242391066346,31,31,True
2026-02,United States,Fox News,Developing,4,4096,0.0009765625,28,28,True
2026-03,United States,Fox News,Developing,1,4004,0.00024975024975024975,31,31,True
2026-04,United States,Fox News,Developing,1,4527,0.0002208968411751712,30,30,True
2026-05,United States,Fox News,Developing,0,4481,0.0,31,31,True
2026-06,United States,Fox News,Developing,0,3622,0.0,30,30,True
2026-07,United States,Fox News,Developing,4,4362,0.0009170105456212746,31,31,True
2016-01,United States,Fox News,High income,3,9395,0.00031931878658861094,31,31,True
2016-02,United States,Fox News,High income,0,9994,0.0,29,29,True
2016-03,United States,Fox News,High income,2,10656,0.00018768768768768769,31,31,True
2016-04,United States,Fox News,High income,4,9517,0.00042030051486813074,30,30,True
2016-05,United States,Fox News,High income,2,11074,0.00018060321473722233,31,31,True
2016-06,United States,Fox News,High income,0,11261,0.0,30,30,True
2016-07,United States,Fox News,High income,2,10747,0.00018609844607797525,31,31,True
2016-08,United States,Fox News,High income,0,11016,0.0,31,31,True
2016-09,United States,Fox News,High income,4,10452,0.0003827018752391887,30,30,True
2016-10,United States,Fox News,High income,0,8240,0.0,31,31,True
2016-11,United States,Fox News,High income,1,7065,0.00014154281670205238,30,30,True
2016-12,United States,Fox News,High income,0,7472,0.0,31,31,True
2017-01,United States,Fox News,High income,0,10312,0.0,31,31,True
2017-02,United States,Fox News,High income,1,8911,0.00011222085063404781,28,28,True
2017-03,United States,Fox News,High income,1,10258,9.748488984207447e-05,31,31,True
2017-04,United States,Fox News,High income,0,10737,0.0,30,30,True
2017-05,United States,Fox News,High income,0,10863,0.0,31,31,True
2017-06,United States,Fox News,High income,0,11291,0.0,30,30,True
2017-07,United States,Fox News,High income,0,10142,0.0,31,31,True
2017-08,United States,Fox News,High income,0,10226,0.0,31,31,True
2017-09,United States,Fox News,High income,0,6619,0.0,30,30,True
2017-10,United States,Fox News,High income,1,8288,0.00012065637065637066,31,31,True
2017-11,United States,Fox News,High income,0,8803,0.0,30,30,True
2017-12,United States,Fox News,High income,2,8642,0.00023142791020597085,31,31,True
2018-01,United States,Fox News,High income,1,10404,9.611687812379854e-05,31,31,True
2018-02,United States,Fox News,High income,0,8862,0.0,28,28,True
2018-03,United States,Fox News,High income,3,9724,0.00030851501439736734,31,31,True
2018-04,United States,Fox News,High income,0,6409,0.0,30,30,True
2018-05,United States,Fox News,High income,0,9606,0.0,31,31,True
2018-06,United States,Fox News,High income,1,9145,0.00010934937124111536,30,30,True
2018-07,United States,Fox News,High income,2,8246,0.00024254183846713557,31,31,True
2018-08,United States,Fox News,High income,0,9305,0.0,31,31,True
2018-09,United States,Fox News,High income,0,6276,0.0,30,30,True
2018-10,United States,Fox News,High income,0,7689,0.0,31,31,True
2018-11,United States,Fox News,High income,0,3707,0.0,30,30,True
2018-12,United States,Fox News,High income,0,8438,0.0,31,31,True
2019-01,United States,Fox News,High income,0,7504,0.0,31,31,True
2019-02,United States,Fox News,High income,0,8734,0.0,28,28,True
2019-03,United States,Fox News,High income,0,10090,0.0,31,31,True
2019-04,United States,Fox News,High income,0,10912,0.0,30,30,True
2019-05,United States,Fox News,High income,0,12759,0.0,31,31,True
2019-06,United States,Fox News,High income,0,10250,0.0,30,30,True
2019-07,United States,Fox News,High income,0,7743,0.0,31,31,True
2019-08,United States,Fox News,High income,0,6600,0.0,31,31,True
2019-09,United States,Fox News,High income,1,6624,0.00015096618357487922,30,30,True
2019-10,United States,Fox News,High income,0,7301,0.0,31,31,True
2019-11,United States,Fox News,High income,0,6506,0.0,30,30,True
2019-12,United States,Fox News,High income,0,6313,0.0,31,31,True
2020-01,United States,Fox News,High income,0,7524,0.0,31,31,True
2020-02,United States,Fox News,High income,0,6906,0.0,29,29,True
2020-03,United States,Fox News,High income,0,8110,0.0,31,31,True
2020-04,United States,Fox News,High income,0,8246,0.0,30,30,True
2020-05,United States,Fox News,High income,1,8084,0.00012370113805047008,31,31,True
2020-06,United States,Fox News,High income,0,8187,0.0,30,30,True
2020-07,United States,Fox News,High income,0,7477,0.0,31,31,True
2020-08,United States,Fox News,High income,0,7914,0.0,31,31,True
2020-09,United States,Fox News,High income,0,7823,0.0,30,30,True
2020-10,United States,Fox News,High income,1,7823,0.0001278281989006775,31,31,True
2020-11,United States,Fox News,High income,0,6573,0.0,30,30,True
2020-12,United States,Fox News,High income,0,6287,0.0,31,31,True
2021-01,United States,Fox News,High income,1,6080,0.0001644736842105263,31,31,True
2021-02,United States,Fox News,High income,0,5566,0.0,28,28,True
2021-03,United States,Fox News,High income,0,6872,0.0,31,31,True
2021-04,United States,Fox News,High income,1,5325,0.00018779342723004695,30,30,True
2021-05,United States,Fox News,High income,1,5964,0.00016767270288397049,31,31,True
2021-06,United States,Fox News,High income,0,6419,0.0,30,30,True
2021-07,United States,Fox News,High income,0,6506,0.0,31,31,True
2021-08,United States,Fox News,High income,1,7075,0.0001413427561837456,31,31,True
2021-09,United States,Fox News,High income,2,6670,0.0002998500749625187,30,30,True
2021-10,United States,Fox News,High income,1,6617,0.0001511258878645912,31,31,True
2021-11,United States,Fox News,High income,1,2807,0.0003562522265764161,30,30,True
2021-12,United States,Fox News,High income,0,4869,0.0,31,31,True
2022-01,United States,Fox News,High income,0,4864,0.0,31,31,True
2022-02,United States,Fox News,High income,0,4393,0.0,28,28,True
2022-03,United States,Fox News,High income,1,5255,0.00019029495718363463,31,31,True
2022-04,United States,Fox News,High income,1,3135,0.0003189792663476874,30,30,True
2022-05,United States,Fox News,High income,0,4540,0.0,31,31,True
2022-06,United States,Fox News,High income,0,5526,0.0,30,30,True
2022-07,United States,Fox News,High income,1,5694,0.00017562346329469617,31,31,True
2022-08,United States,Fox News,High income,0,7227,0.0,31,31,True
2022-09,United States,Fox News,High income,1,7144,0.00013997760358342665,30,30,True
2022-10,United States,Fox News,High income,0,6959,0.0,31,31,True
2022-11,United States,Fox News,High income,0,6704,0.0,30,30,True
2022-12,United States,Fox News,High income,1,5866,0.00017047391749062393,31,31,True
2023-01,United States,Fox News,High income,1,7749,0.0001290489095367144,31,31,True
2023-02,United States,Fox News,High income,0,7386,0.0,28,28,True
2023-03,United States,Fox News,High income,2,8103,0.0002468221646303838,31,31,True
2023-04,United States,Fox News,High income,0,7228,0.0,30,30,True
2023-05,United States,Fox News,High income,0,9147,0.0,31,31,True
2023-06,United States,Fox News,High income,1,9064,0.00011032656663724625,30,30,True
2023-07,United States,Fox News,High income,2,9184,0.00021777003484320557,31,31,True
2023-08,United States,Fox News,High income,0,9360,0.0,31,31,True
2023-09,United States,Fox News,High income,0,8396,0.0,30,30,True
2023-10,United States,Fox News,High income,0,8313,0.0,31,31,True
2023-11,United States,Fox News,High income,1,7946,0.00012584948401711554,30,30,True
2023-12,United States,Fox News,High income,0,3240,0.0,31,31,True
2024-01,United States,Fox News,High income,0,4801,0.0,31,31,True
2024-02,United States,Fox News,High income,2,5347,0.0003740415186085656,29,29,True
2024-03,United States,Fox News,High income,1,5025,0.0001990049751243781,31,31,True
2024-04,United States,Fox News,High income,1,5236,0.00019098548510313216,30,30,True
2024-05,United States,Fox News,High income,1,4353,0.00022972662531587412,31,31,True
2024-06,United States,Fox News,High income,0,4124,0.0,30,30,True
2024-07,United States,Fox News,High income,0,4247,0.0,31,31,True
2024-08,United States,Fox News,High income,0,3767,0.0,31,31,True
2024-09,United States,Fox News,High income,0,3130,0.0,30,30,True
2024-10,United States,Fox News,High income,0,3813,0.0,31,31,True
2024-11,United States,Fox News,High income,1,4112,0.00024319066147859923,30,30,True
2024-12,United States,Fox News,High income,0,4055,0.0,31,31,True
2025-01,United States,Fox News,High income,0,4708,0.0,31,31,True
2025-02,United States,Fox News,High income,0,4514,0.0,28,28,True
2025-03,United States,Fox News,High income,1,4613,0.00021677866897897247,31,31,True
2025-04,United States,Fox News,High income,0,4645,0.0,30,30,True
2025-05,United States,Fox News,High income,2,4320,0.000462962962962963,31,31,True
2025-06,United States,Fox News,High income,0,4328,0.0,30,30,True
2025-07,United States,Fox News,High income,1,4423,0.00022609088853719196,31,31,True
2025-08,United States,Fox News,High income,0,4053,0.0,31,31,True
2025-09,United States,Fox News,High income,1,3995,0.00025031289111389235,30,30,True
2025-10,United States,Fox News,High income,0,4459,0.0,31,31,True
2025-11,United States,Fox News,High income,0,3921,0.0,30,30,True
2025-12,United States,Fox News,High income,1,4065,0.0002460024600246002,31,31,True
2026-01,United States,Fox News,High income,0,4567,0.0,31,31,True
2026-02,United States,Fox News,High income,1,4096,0.000244140625,28,28,True
2026-03,United States,Fox News,High income,0,4004,0.0,31,31,True
2026-04,United States,Fox News,High income,0,4527,0.0,30,30,True
2026-05,United States,Fox News,High income,0,4481,0.0,31,31,True
2026-06,United States,Fox News,High income,1,3622,0.0002760905577029266,30,30,True
2026-07,United States,Fox News,High income,0,4362,0.0,31,31,True
2016-01,United States,The New York Times,Developing,57,17925,0.003179916317991632,31,31,True
2016-02,United States,The New York Times,Developing,41,18016,0.0022757548845470693,29,29,True
2016-03,United States,The New York Times,Developing,20,19230,0.0010400416016640667,31,31,True
2016-04,United States,The New York Times,Developing,47,12591,0.003732825033754269,30,30,True
2016-05,United States,The New York Times,Developing,24,8520,0.0028169014084507044,31,31,True
2016-06,United States,The New York Times,Developing,14,8988,0.001557632398753894,30,30,True
2016-07,United States,The New York Times,Developing,13,9313,0.0013958982068076882,31,31,True
2016-08,United States,The New York Times,Developing,23,8272,0.0027804642166344294,31,31,True
2016-09,United States,The New York Times,Developing,16,9086,0.0017609509134932863,30,30,True
2016-10,United States,The New York Times,Developing,24,7552,0.0031779661016949155,31,31,True
2016-11,United States,The New York Times,Developing,39,8054,0.004842314377948845,30,30,True
2016-12,United States,The New York Times,Developing,20,7188,0.0027824151363383415,31,31,True
2017-01,United States,The New York Times,Developing,30,9857,0.003043522369889419,31,31,True
2017-02,United States,The New York Times,Developing,10,9553,0.0010467915837956664,28,28,True
2017-03,United States,The New York Times,Developing,44,10488,0.004195270785659802,31,31,True
2017-04,United States,The New York Times,Developing,17,8961,0.0018971096975783953,30,30,True
2017-05,United States,The New York Times,Developing,54,10459,0.005163017496892628,31,31,True
2017-06,United States,The New York Times,Developing,36,9734,0.0036983768235052394,30,30,True
2017-07,United States,The New York Times,Developing,54,9247,0.0058397318049097004,31,31,True
2017-08,United States,The New York Times,Developing,9,9682,0.0009295600082627557,31,31,True
2017-09,United States,The New York Times,Developing,20,8573,0.002332905633967106,30,30,True
2017-10,United States,The New York Times,Developing,20,7459,0.002681324574339724,31,31,True
2017-11,United States,The New York Times,Developing,41,7574,0.005413255875363085,30,30,True
2017-12,United States,The New York Times,Developing,34,7405,0.004591492234976367,31,31,True
2018-01,United States,The New York Times,Developing,26,8585,0.0030285381479324405,31,31,True
2018-02,United States,The New York Times,Developing,30,7042,0.0042601533655211585,28,28,True
2018-03,United States,The New York Times,Developing,22,7984,0.0027555110220440883,31,31,True
2018-04,United States,The New York Times,Developing,31,7060,0.004390934844192634,30,30,True
2018-05,United States,The New York Times,Developing,27,7091,0.003807643491750106,31,31,True
2018-06,United States,The New York Times,Developing,21,7072,0.0029694570135746605,30,30,True
2018-07,United States,The New York Times,Developing,24,6158,0.003897369275738876,31,31,True
2018-08,United States,The New York Times,Developing,12,6178,0.0019423761735189381,31,31,True
2018-09,United States,The New York Times,Developing,12,4135,0.002902055622732769,30,30,True
2018-10,United States,The New York Times,Developing,26,6488,0.004007398273736128,31,31,True
2018-11,United States,The New York Times,Developing,19,3935,0.0048284625158831005,30,30,True
2018-12,United States,The New York Times,Developing,52,11470,0.004533565823888404,31,31,True
2019-01,United States,The New York Times,Developing,20,6574,0.0030422878004259203,31,31,True
2019-02,United States,The New York Times,Developing,32,9196,0.0034797738147020443,28,28,True
2019-03,United States,The New York Times,Developing,32,6481,0.004937509643573522,31,31,True
2019-04,United States,The New York Times,Developing,21,8172,0.0025697503671071953,30,30,True
2019-05,United States,The New York Times,Developing,24,6228,0.0038535645472061657,31,31,True
2019-06,United States,The New York Times,Developing,17,5685,0.002990325417766051,30,30,True
2019-07,United States,The New York Times,Developing,11,5409,0.0020336476243298205,31,31,True
2019-08,United States,The New York Times,Developing,17,5034,0.003377036154151768,31,31,True
2019-09,United States,The New York Times,Developing,28,5303,0.005280030171600981,30,30,True
2019-10,United States,The New York Times,Developing,20,5863,0.0034112229234180454,31,31,True
2019-11,United States,The New York Times,Developing,18,5731,0.003140813121619264,30,30,True
2019-12,United States,The New York Times,Developing,9,5110,0.0017612524461839531,31,31,True
2020-01,United States,The New York Times,Developing,10,6610,0.0015128593040847202,31,31,True
2020-02,United States,The New York Times,Developing,15,6568,0.0022838002436053593,29,29,True
2020-03,United States,The New York Times,Developing,19,7858,0.0024179180453041487,31,31,True
2020-04,United States,The New York Times,Developing,45,7136,0.006306053811659193,30,30,True
2020-05,United States,The New York Times,Developing,28,5895,0.004749787955894826,31,31,True
2020-06,United States,The New York Times,Developing,21,5971,0.0035169988276670576,30,30,True
2020-07,United States,The New York Times,Developing,15,5943,0.002523977788995457,31,31,True
2020-08,United States,The New York Times,Developing,15,6623,0.0022648346670693037,31,31,True
2020-09,United States,The New York Times,Developing,38,7013,0.005418508484243548,30,30,True
2020-10,United States,The New York Times,Developing,63,8545,0.0073727325921591575,31,31,True
2020-11,United States,The New York Times,Developing,54,7952,0.006790744466800805,30,30,True
2020-12,United States,The New York Times,Developing,116,6386,0.01816473535859693,31,31,True
2021-01,United States,The New York Times,Developing,49,7537,0.006501260448454292,31,31,True
2021-02,United States,The New York Times,Developing,110,6205,0.017727639000805803,28,28,True
2021-03,United States,The New York Times,Developing,26,6969,0.003730807863395035,31,31,True
2021-04,United States,The New York Times,Developing,101,6112,0.016524869109947642,30,30,True
2021-05,United States,The New York Times,Developing,22,6001,0.0036660556573904347,31,31,True
2021-06,United States,The New York Times,Developing,79,6070,0.013014827018121912,30,30,True
2021-07,United States,The New York Times,Developing,57,6454,0.008831732259064147,31,31,True
2021-08,United States,The New York Times,Developing,51,5951,0.008569988237271047,31,31,True
2021-09,United States,The New York Times,Developing,67,6037,0.011098227596488323,30,30,True
2021-10,United States,The New York Times,Developing,71,5592,0.012696709585121603,31,31,True
2021-11,United States,The New York Times,Developing,160,5484,0.029175784099197667,30,30,True
2021-12,United States,The New York Times,Developing,33,5036,0.0065528196981731535,31,31,True
2022-01,United States,The New York Times,Developing,18,5002,0.003598560575769692,31,31,True
2022-02,United States,The New York Times,Developing,4,5828,0.0006863417982155113,28,28,True
2022-03,United States,The New York Times,Developing,18,6218,0.002894821486008363,31,31,True
2022-04,United States,The New York Times,Developing,34,3778,0.008999470619375331,30,30,True
2022-05,United States,The New York Times,Developing,20,5248,0.0038109756097560975,31,31,True
2022-06,United States,The New York Times,Developing,50,5674,0.008812125484666901,30,30,True
2022-07,United States,The New York Times,Developing,36,5008,0.00718849840255591,31,31,True
2022-08,United States,The New York Times,Developing,30,4204,0.007136060894386299,31,31,True
2022-09,United States,The New York Times,Developing,37,3274,0.011301160659743433,30,30,True
2022-10,United States,The New York Times,Developing,30,3202,0.009369144284821987,31,31,True
2022-11,United States,The New York Times,Developing,50,3081,0.01622849724115547,30,30,True
2022-12,United States,The New York Times,Developing,22,4551,0.004834102395078005,31,31,True
2023-01,United States,The New York Times,Developing,13,4395,0.0029579067121729237,31,31,True
2023-02,United States,The New York Times,Developing,31,4228,0.007332071901608325,28,28,True
2023-03,United States,The New York Times,Developing,15,4903,0.00305935141749949,31,31,True
2023-04,United States,The New York Times,Developing,23,4599,0.0050010871928680145,30,30,True
2023-05,United States,The New York Times,Developing,16,4909,0.003259319617029945,31,31,True
2023-06,United States,The New York Times,Developing,21,4981,0.004216020879341498,30,30,True
2023-07,United States,The New York Times,Developing,55,4373,0.012577178138577635,31,31,True
2023-08,United States,The New York Times,Developing,15,4591,0.00326726203441516,31,31,True
2023-09,United States,The New York Times,Developing,76,4563,0.01665570896340127,30,30,True
2023-10,United States,The New York Times,Developing,27,4518,0.00597609561752988,31,31,True
2023-11,United States,The New York Times,Developing,40,4462,0.008964589870013447,30,30,True
2023-12,United States,The New York Times,Developing,46,4007,0.011479910157224856,31,31,True
2024-01,United States,The New York Times,Developing,6,4379,0.0013701758392327015,31,31,True
2024-02,United States,The New York Times,Developing,4,4572,0.0008748906386701663,29,29,True
2024-03,United States,The New York Times,Developing,0,754,0.0,31,31,True
2024-04,United States,The New York Times,Developing,5,1785,0.0028011204481792717,30,30,True
2024-05,United States,The New York Times,Developing,10,4857,0.0020588840848260242,31,31,True
2024-06,United States,The New York Times,Developing,7,3511,0.0019937339789233835,30,30,True
2024-07,United States,The New York Times,Developing,4,5042,0.0007933359777865926,31,31,True
2024-08,United States,The New York Times,Developing,10,5669,0.0017639795378373612,31,31,True
2024-09,United States,The New York Times,Developing,4,5630,0.0007104795737122557,30,30,True
2024-10,United States,The New York Times,Developing,0,5115,0.0,31,31,True
2024-11,United States,The New York Times,Developing,4,4393,0.0009105394946505805,30,30,True
2024-12,United States,The New York Times,Developing,1,4385,0.00022805017103762827,31,31,True
2025-01,United States,The New York Times,Developing,4,8917,0.000448581361444432,31,31,True
2025-02,United States,The New York Times,Developing,13,8238,0.0015780529254673463,28,28,True
2025-03,United States,The New York Times,Developing,8,9486,0.000843348091924942,31,31,True
2025-04,United States,The New York Times,Developing,15,9500,0.0015789473684210526,30,30,True
2025-05,United States,The New York Times,Developing,6,9170,0.0006543075245365322,31,31,True
2025-06,United States,The New York Times,Developing,5,7264,0.0006883259911894273,30,30,True
2025-07,United States,The New York Times,Developing,3,6856,0.00043757292882147026,31,31,True
2025-08,United States,The New York Times,Developing,0,3915,0.0,31,31,True
2025-09,United States,The New York Times,Developing,7,5503,0.0012720334363074686,30,30,True
2025-10,United States,The New York Times,Developing,2,6057,0.0003301964668978042,31,31,True
2025-11,United States,The New York Times,Developing,1,6039,0.00016559032952475575,30,30,True
2025-12,United States,The New York Times,Developing,0,5753,0.0,31,31,True
2026-01,United States,The New York Times,Developing,0,5666,0.0,31,31,True
2026-02,United States,The New York Times,Developing,0,5049,0.0,28,28,True
2026-03,United States,The New York Times,Developing,0,7184,0.0,31,31,True
2026-04,United States,The New York Times,Developing,0,6095,0.0,30,30,True
2026-05,United States,The New York Times,Developing,0,5743,0.0,31,31,True
2026-06,United States,The New York Times,Developing,0,6530,0.0,30,30,True
2026-07,United States,The New York Times,Developing,2,4902,0.0004079967360261118,31,31,True
2016-01,United States,The New York Times,High income,2,17925,0.00011157601115760112,31,31,True
2016-02,United States,The New York Times,High income,2,18016,0.00011101243339253997,29,29,True
2016-03,United States,The New York Times,High income,0,19230,0.0,31,31,True
2016-04,United States,The New York Times,High income,4,12591,0.0003176872369152569,30,30,True
2016-05,United States,The New York Times,High income,0,8520,0.0,31,31,True
2016-06,United States,The New York Times,High income,17,8988,0.0018914107699154429,30,30,True
2016-07,United States,The New York Times,High income,2,9313,0.00021475357027810586,31,31,True
2016-08,United States,The New York Times,High income,0,8272,0.0,31,31,True
2016-09,United States,The New York Times,High income,0,9086,0.0,30,30,True
2016-10,United States,The New York Times,High income,0,7552,0.0,31,31,True
2016-11,United States,The New York Times,High income,1,8054,0.00012416190712689348,30,30,True
2016-12,United States,The New York Times,High income,1,7188,0.0001391207568169171,31,31,True
2017-01,United States,The New York Times,High income,0,9857,0.0,31,31,True
2017-02,United States,The New York Times,High income,1,9553,0.00010467915837956663,28,28,True
2017-03,United States,The New York Times,High income,1,10488,9.534706331045004e-05,31,31,True
2017-04,United States,The New York Times,High income,0,8961,0.0,30,30,True
2017-05,United States,The New York Times,High income,1,10459,9.561143512764126e-05,31,31,True
2017-06,United States,The New York Times,High income,2,9734,0.0002054653790836244,30,30,True
2017-07,United States,The New York Times,High income,1,9247,0.00010814318157240186,31,31,True
2017-08,United States,The New York Times,High income,0,9682,0.0,31,31,True
2017-09,United States,The New York Times,High income,8,8573,0.0009331622535868425,30,30,True
2017-10,United States,The New York Times,High income,1,7459,0.0001340662287169862,31,31,True
2017-11,United States,The New York Times,High income,0,7574,0.0,30,30,True
2017-12,United States,The New York Times,High income,1,7405,0.0001350438892640108,31,31,True
2018-01,United States,The New York Times,High income,6,8585,0.0006988934187536401,31,31,True
2018-02,United States,The New York Times,High income,1,7042,0.00014200511218403862,28,28,True
2018-03,United States,The New York Times,High income,6,7984,0.000751503006012024,31,31,True
2018-04,United States,The New York Times,High income,0,7060,0.0,30,30,True
2018-05,United States,The New York Times,High income,1,7091,0.0001410238330277817,31,31,True
2018-06,United States,The New York Times,High income,0,7072,0.0,30,30,True
2018-07,United States,The New York Times,High income,10,6158,0.0016239038648911985,31,31,True
2018-08,United States,The New York Times,High income,0,6178,0.0,31,31,True
2018-09,United States,The New York Times,High income,1,4135,0.0002418379685610641,30,30,True
2018-10,United States,The New York Times,High income,0,6488,0.0,31,31,True
2018-11,United States,The New York Times,High income,1,3935,0.00025412960609911054,30,30,True
2018-12,United States,The New York Times,High income,2,11470,0.0001743679163034002,31,31,True
2019-01,United States,The New York Times,High income,0,6574,0.0,31,31,True
2019-02,United States,The New York Times,High income,3,9196,0.00032622879512831667,28,28,True
2019-03,United States,The New York Times,High income,2,6481,0.00030859435272334514,31,31,True
2019-04,United States,The New York Times,High income,0,8172,0.0,30,30,True
2019-05,United States,The New York Times,High income,2,6228,0.0003211303789338471,31,31,True
2019-06,United States,The New York Times,High income,4,5685,0.0007036059806508355,30,30,True
2019-07,United States,The New York Times,High income,3,5409,0.0005546311702717693,31,31,True
2019-08,United States,The New York Times,High income,4,5034,0.0007945967421533572,31,31,True
2019-09,United States,The New York Times,High income,6,5303,0.0011314350367716388,30,30,True
2019-10,United States,The New York Times,High income,1,5863,0.00017056114617090227,31,31,True
2019-11,United States,The New York Times,High income,1,5731,0.00017448961786773688,30,30,True
2019-12,United States,The New York Times,High income,0,5110,0.0,31,31,True
2020-01,United States,The New York Times,High income,0,6610,0.0,31,31,True
2020-02,United States,The New York Times,High income,0,6568,0.0,29,29,True
2020-03,United States,The New York Times,High income,3,7858,0.0003817765334690761,31,31,True
2020-04,United States,The New York Times,High income,3,7136,0.0004204035874439462,30,30,True
2020-05,United States,The New York Times,High income,2,5895,0.00033927056827820186,31,31,True
2020-06,United States,The New York Times,High income,5,5971,0.0008373806732540613,30,30,True
2020-07,United States,The New York Times,High income,8,5943,0.0013461214874642437,31,31,True
2020-08,United States,The New York Times,High income,5,6623,0.0007549448890231014,31,31,True
2020-09,United States,The New York Times,High income,7,7013,0.0009981462997290746,30,30,True
2020-10,United States,The New York Times,High income,0,8545,0.0,31,31,True
2020-11,United States,The New York Times,High income,1,7952,0.00012575452716297788,30,30,True
2020-12,United States,The New York Times,High income,3,6386,0.0004697776385844034,31,31,True
2021-01,United States,The New York Times,High income,2,7537,0.00026535756932466497,31,31,True
2021-02,United States,The New York Times,High income,36,6205,0.0058017727639000805,28,28,True
2021-03,United States,The New York Times,High income,8,6969,0.0011479408810446262,31,31,True
2021-04,United States,The New York Times,High income,1,6112,0.0001636125654450262,30,30,True
2021-05,United States,The New York Times,High income,18,6001,0.002999500083319447,31,31,True
2021-06,United States,The New York Times,High income,15,6070,0.002471169686985173,30,30,True
2021-07,United States,The New York Times,High income,18,6454,0.0027889680818097306,31,31,True
2021-08,United States,The New York Times,High income,11,5951,0.0018484288354898336,31,31,True
2021-09,United States,The New York Times,High income,21,6037,0.003478548948153056,30,30,True
2021-10,United States,The New York Times,High income,32,5592,0.005722460658082976,31,31,True
2021-11,United States,The New York Times,High income,8,5484,0.0014587892049598833,30,30,True
2021-12,United States,The New York Times,High income,29,5036,0.005758538522637013,31,31,True
2022-01,United States,The New York Times,High income,0,5002,0.0,31,31,True
2022-02,United States,The New York Times,High income,12,5828,0.002059025394646534,28,28,True
2022-03,United States,The New York Times,High income,16,6218,0.002573174654229656,31,31,True
2022-04,United States,The New York Times,High income,19,3778,0.005029115934356803,30,30,True
2022-05,United States,The New York Times,High income,6,5248,0.0011432926829268292,31,31,True
2022-06,United States,The New York Times,High income,0,5674,0.0,30,30,True
2022-07,United States,The New York Times,High income,2,5008,0.00039936102236421724,31,31,True
2022-08,United States,The New York Times,High income,4,4204,0.0009514747859181732,31,31,True
2022-09,United States,The New York Times,High income,6,3274,0.0018326206475259622,30,30,True
2022-10,United States,The New York Times,High income,3,3202,0.0009369144284821987,31,31,True
2022-11,United States,The New York Times,High income,1,3081,0.0003245699448231094,30,30,True
2022-12,United States,The New York Times,High income,2,4551,0.00043946385409800046,31,31,True
2023-01,United States,The New York Times,High income,2,4395,0.0004550625711035267,31,31,True
2023-02,United States,The New York Times,High income,6,4228,0.0014191106906338694,28,28,True
2023-03,United States,The New York Times,High income,5,4903,0.0010197838058331635,31,31,True
2023-04,United States,The New York Times,High income,2,4599,0.0004348771472059143,30,30,True
2023-05,United States,The New York Times,High income,2,4909,0.00040741495212874313,31,31,True
2023-06,United States,The New York Times,High income,0,4981,0.0,30,30,True
2023-07,United States,The New York Times,High income,5,4373,0.001143379830779785,31,31,True
2023-08,United States,The New York Times,High income,1,4591,0.00021781746896101068,31,31,True
2023-09,United States,The New York Times,High income,2,4563,0.00043830813061582295,30,30,True
2023-10,United States,The New York Times,High income,5,4518,0.0011066843736166445,31,31,True
2023-11,United States,The New York Times,High income,2,4462,0.00044822949350067237,30,30,True
2023-12,United States,The New York Times,High income,4,4007,0.0009982530571499876,31,31,True
2024-01,United States,The New York Times,High income,2,4379,0.00045672527974423386,31,31,True
2024-02,United States,The New York Times,High income,2,4572,0.0004374453193350831,29,29,True
2024-03,United States,The New York Times,High income,0,754,0.0,31,31,True
2024-04,United States,The New York Times,High income,0,1785,0.0,30,30,True
2024-05,United States,The New York Times,High income,4,4857,0.0008235536339304097,31,31,True
2024-06,United States,The New York Times,High income,4,3511,0.0011392765593847907,30,30,True
2024-07,United States,The New York Times,High income,4,5042,0.0007933359777865926,31,31,True
2024-08,United States,The New York Times,High income,3,5669,0.0005291938613512083,31,31,True
2024-09,United States,The New York Times,High income,1,5630,0.00017761989342806393,30,30,True
2024-10,United States,The New York Times,High income,0,5115,0.0,31,31,True
2024-11,United States,The New York Times,High income,0,4393,0.0,30,30,True
2024-12,United States,The New York Times,High income,0,4385,0.0,31,31,True
2025-01,United States,The New York Times,High income,0,8917,0.0,31,31,True
2025-02,United States,The New York Times,High income,2,8238,0.00024277737314882253,28,28,True
2025-03,United States,The New York Times,High income,0,9486,0.0,31,31,True
2025-04,United States,The New York Times,High income,0,9500,0.0,30,30,True
2025-05,United States,The New York Times,High income,1,9170,0.00010905125408942203,31,31,True
2025-06,United States,The New York Times,High income,3,7264,0.0004129955947136564,30,30,True
2025-07,United States,The New York Times,High income,0,6856,0.0,31,31,True
2025-08,United States,The New York Times,High income,0,3915,0.0,31,31,True
2025-09,United States,The New York Times,High income,0,5503,0.0,30,30,True
2025-10,United States,The New York Times,High income,1,6057,0.0001650982334489021,31,31,True
2025-11,United States,The New York Times,High income,0,6039,0.0,30,30,True
2025-12,United States,The New York Times,High income,0,5753,0.0,31,31,True
2026-01,United States,The New York Times,High income,0,5666,0.0,31,31,True
2026-02,United States,The New York Times,High income,0,5049,0.0,28,28,True
2026-03,United States,The New York Times,High income,0,7184,0.0,31,31,True
2026-04,United States,The New York Times,High income,0,6095,0.0,30,30,True
2026-05,United States,The New York Times,High income,0,5743,0.0,31,31,True
2026-06,United States,The New York Times,High income,1,6530,0.00015313935681470137,30,30,True
2026-07,United States,The New York Times,High income,0,4902,0.0,31,31,True
