iso3,year,fdi_gdp,fdi_gdp_w,ln_gdp,ln_gdppc,gdp_growth,trade_open,inflation,ln_smp_usd,GE_EST,war,ln_bd,peace_years,conflict,bd_best,max_intensity,pop,gdp_usd,lka_dummy,in_ols_sample,in_sfa_sample,in_peacetime_sfa
AFG,1996,,,,,,,,22.3818614971002,-2.3386312,1,8.064007347096661,0.0,1,3177.0,2,17763266.0,,0,0,0,0
AFG,1997,,,,,,,,22.3671322455424,,1,8.763584409450138,0.0,1,6396.0,2,18452091.0,,0,0,0,0
AFG,1998,,,,,,,,22.35114453707629,-2.3477587,1,8.741456115998364,0.0,1,6256.0,2,19159996.0,,0,0,0,0
AFG,1999,,,,,,,,22.3836309967144,,1,8.440312147080279,0.0,1,4629.0,2,19887785.0,,0,0,0,0
AFG,2000,0.0048276006173403,0.0048276006173403,21.982129603363745,7.38883884523527,,,,22.416802309920502,-2.34460169999999,1,8.56331312702979,0.0,1,5235.0,2,20130327.0,3521418059.92345,0,0,0,0
AFG,2001,0.0241685679088889,0.0241685679088889,21.75772059993253,7.28214984635722,-9.4319740700862,,,22.41092617718819,,1,8.57715877258367,0.0,1,5308.0,2,20284307.0,2813571753.87253,0,0,0,0
AFG,2002,1.30694987042884,1.30694987042884,22.06500767015735,7.481166185423119,28.6000011706788,,,22.459239463718266,-2.0988761,0,6.814542897259958,0.0,1,910.0,1,21378117.0,3825701438.99963,0,0,0,0
AFG,2003,1.27849325196424,1.27849325196424,22.231987281983724,7.504352020822263,8.83227780288267,,,22.59426193400918,-2.1081208,0,6.587550014824796,0.0,1,725.0,1,22733049.0,4520946818.54581,0,0,0,0
AFG,2004,3.577104200584,3.577104200584,22.37670086784169,7.482635798463827,1.41411799339429,,,22.729882727361016,-1.156126,0,6.993932975223189,0.0,1,1089.0,1,23560654.0,5224896718.67782,0,0,0,0
AFG,2005,4.36867310434287,4.36867310434287,22.54834023928189,7.55387100866098,11.2297148272859,,12.6862687216715,22.820286148508664,-1.39070159999999,1,7.459914766241105,0.0,1,1736.0,2,24404567.0,6203256538.70967,0,0,0,0
AFG,2006,3.41377297323201,3.41377297323201,22.66513329422313,7.565132213164425,5.35740324748592,,6.78459655001655,22.915483123407142,-1.62596609999999,1,8.513385953073284,0.0,1,4980.0,2,25424094.0,6971758282.29351,0,0,0,0
AFG,2007,1.93570171391636,1.93570171391636,23.00031629715844,7.675709825704703,13.8263195471281,,8.68057078513406,23.06203139948608,-1.59296859999999,1,8.858652969548489,0.0,1,7034.0,2,25909852.0,9747886187.39393,0,0,0,0
AFG,2008,0.45536044478174,0.45536044478174,23.036721337150283,7.692343507349757,3.92498381999467,,26.4186641547444,23.174541491344065,-1.66803179999999,1,8.690642169706594,0.0,1,5946.0,2,26482622.0,10109297047.5432,0,0,0,0
AFG,2009,0.45188914562189,0.45188914562189,23.242264101540407,7.849722368032124,21.3905283926492,,-6.81116108898996,23.11893183522925,-1.5587942,1,8.83695515733143,0.0,1,6883.0,2,27466101.0,12416152732.0567,0,0,0,0
AFG,2010,1.20311798981139,1.20311798981139,23.48685597786272,7.954578031247957,14.3624414710737,,2.17853752389419,23.22574812506608,-1.5857412,1,8.904901577935142,0.0,1,7367.0,2,28284089.0,15856668555.8336,0,0,0,0
AFG,2011,0.293025179616803,0.293025179616803,23.60275066932025,7.921917485008463,0.426354776777345,,11.8041858089129,23.3526629456252,-1.6043337,1,9.232590980911002,0.0,1,10224.0,2,29347708.0,17805098206.3141,0,0,0,0
AFG,2012,0.285440893554571,0.285440893554571,23.71435383139184,8.001461936201517,12.7522870926697,,6.44121280934117,23.379699135568533,-1.4997935,1,8.981681639973862,0.0,1,7955.0,2,30560034.0,19907329777.5872,0,0,0,0
AFG,2013,0.239801184405551,0.239801184405551,23.726292281118745,8.021774906393857,5.60074465863221,,7.38577178397855,23.40849340035155,-1.50099379999999,1,8.998013113095823,0.0,1,8086.0,2,31622704.0,20146416757.5987,0,0,0,0
AFG,2014,0.209664794672203,0.209664794672203,23.7435506428262,8.012330601455044,2.72454336219565,,4.67399603536345,23.43679149810669,-1.52460319999999,1,9.432683603119624,0.0,1,12489.0,2,32792523.0,20497128555.6972,0,0,0,0
AFG,2015,0.88400046336123,0.88400046336123,23.674744277951145,7.995539847945536,1.45131466066431,,-0.661709164713742,23.374467552094696,-1.4711716,1,9.869258360985468,0.0,1,19326.0,2,33831764.0,19134221644.7325,0,0,0,0
AFG,2016,0.516606084523093,0.516606084523093,23.620092958248385,7.992534125008689,2.26031420279821,,4.38389195513915,23.39586494866403,-1.41773019999999,1,9.843843699608612,0.0,1,18841.0,2,34700612.0,18116572395.0772,0,0,0,0
AFG,2017,0.274796791572807,0.274796791572807,23.65464391892328,7.99057651465584,2.6470032027451,,4.97595150553833,23.465965682618,-1.4421872,1,10.295664766317357,0.0,1,29603.0,2,35688935.0,18753456497.8159,0,0,0,0
AFG,2018,0.661572217787196,0.661572217787196,23.61659004802745,7.97329054246104,1.18922812944517,,0.626149149168847,23.52791250510195,-1.6312498,1,10.159175735326064,0.0,1,25826.0,2,36743039.0,18053222687.4126,0,0,0,0
AFG,2019,0.124495985291258,0.124495985291258,23.657093157947497,7.981817035673841,3.91160341625552,,2.30237251516834,23.540962709336124,-1.65408049999999,1,10.306984057549448,0.0,1,29940.0,2,37856121.0,18799444490.1128,0,0,0,0
AFG,2020,0.0649939571808755,0.0649939571808755,23.71679213172489,7.926489143312698,-2.35110067203466,46.7098945514103,5.60188791482224,23.507721392747,-1.7167282,1,9.927008747577474,0.0,1,20475.0,2,39068979.0,19955929052.1496,0,1,0,0
AFG,2021,0.144466946606861,0.144466946606861,23.380723932232364,7.670506210417376,-20.7388393676343,51.4117163747271,5.13320340824963,23.653593479081486,-1.7059035,1,10.506710025568086,0.0,1,36559.0,2,40000412.0,14259995441.0759,0,1,0,0
AFG,2022,,,23.397224390521984,7.591715472161472,-6.24017199240269,72.8854696086536,13.7121023720065,23.69461338366297,-1.9646115,0,7.293697720601438,0.0,1,1470.0,1,40578842.0,14497243872.1337,0,0,0,0
AFG,2023,,,23.56539430159615,7.592775837784295,2.26694373649188,66.9995780621951,-4.64470870797775,23.72717767549744,-2.0924592,0,7.01571242048723,0.0,1,1113.0,1,41454761.0,17152234636.8715,0,0,0,0
AFG,2024,,,23.601256198258792,7.582968752093541,1.87319280045979,83.763025087768,-6.60118564073726,23.771596563276404,-1.9339966,0,7.313886831633462,0.0,1,1500.0,1,42647492.0,17778508875.7396,0,0,0,0
AGO,1996,2.39900196315229,2.39900196315229,22.741685535942786,8.789639505954788,13.544369755809,,4145.10598220638,22.031339359827285,-0.5703424,0,3.4011973816621555,0.0,1,29.0,1,14170973.0,7526421519.16979,0,0,0,0
AGO,1997,5.38231611756009,5.38231611756009,22.757759723227576,8.825903064018789,7.27427735417383,,219.176721172974,22.02326086188492,,0,3.951243718581428,0.0,1,51.0,1,14660413.0,7648380195.59902,0,0,0,0
AGO,1998,17.1216116785351,17.1216116785351,22.596024727710887,8.838279476560945,4.69114645217414,,107.284821528298,22.024586804102075,-1.11557479999999,1,6.9726062513017535,0.0,1,1066.0,2,15159370.0,6506221615.78722,0,0,0,0
AGO,1999,40.1672485630423,30.0341103550906,22.540193140860712,8.826907067355492,2.18148971731765,,248.195902412868,22.026014375206504,,1,7.729295674310482,0.0,1,2273.0,2,15667235.0,6152923310.44546,0,0,0,0
AGO,2000,9.62386615038711,9.62386615038711,22.934787168044927,8.823873186700062,3.05462423452938,,324.996871601321,22.04391692562411,-1.1141214,1,6.90875477931522,0.0,1,1000.0,2,16194869.0,9129594970.15301,0,0,0,0
AGO,2001,24.0090757001341,24.0090757001341,22.91336275249365,8.831535601963397,4.20599855694861,,152.561022469299,22.039992306600123,,1,7.024649030453636,0.0,1,1123.0,2,16747208.0,8936079117.73136,0,0,0,0
AGO,2002,10.0713557335229,10.0713557335229,23.57463757569689,8.925552239710388,13.6656887610553,90.5708209771053,108.897436089429,22.08518631942984,-1.2300935,0,6.257667587882639,0.0,1,521.0,1,17327699.0,17311512433.1938,0,1,0,0
AGO,2003,17.5840588571476,17.5840588571476,23.73595984903288,8.924897645638007,3.48731240097521,90.680716182229,98.2241436573304,22.22143881320456,-1.45820439999999,0,3.258096538021482,0.0,1,25.0,1,17943712.0,20342128111.9406,0,1,0,0
AGO,2004,8.13849032857338,8.13849032857338,24.019027807416165,8.997088502924388,11.4198633904585,90.3860384706403,43.5421067519687,22.354127976740063,-1.5316839,0,3.258096538021482,0.0,1,25.0,1,18600423.0,26997977896.2907,0,1,0,0
AGO,2005,-3.14962046169894,-3.14962046169894,24.446465467709423,9.093010852827188,14.1547775343954,95.3414592878024,22.953513851394,22.439980742844835,-1.5412074,0,0.0,1.0,0,0.0,0,19291161.0,41396636383.8231,0,1,0,0
AGO,2006,-0.0643009490169062,-0.0643009490169062,24.79491581384226,9.1680772792849,11.8418178757042,84.6246041187373,13.3052101780032,22.529321916159983,-1.4924701,0,0.0,2.0,0,0.0,0,20015279.0,58653659979.5501,0,1,0,0
AGO,2007,-1.22312266225493,-1.22312266225493,25.014243252504613,9.252892905604174,13.0026889457976,97.2256307002466,12.2514974459487,22.66137129138043,-1.41301869999999,0,3.258096538021482,0.0,1,25.0,1,20778561.0,73037821926.4655,0,1,0,0
AGO,2008,1.69952793929117,1.69952793929117,25.31626660491968,9.317545975720115,10.7866360496581,108.680408742706,12.4758291326398,22.763002094074867,-1.3238188,0,0.0,1.0,0,0.0,0,21578655.0,98790432989.3077,0,1,0,0
AGO,2009,2.69909240016183,2.69909240016183,25.126383183304,9.299289739193425,1.99558909788963,102.263183257504,13.7302839288408,22.698297213386702,-1.0974384,0,3.258096538021482,0.0,1,25.0,1,22414773.0,81705175408.8809,0,1,0,0
AGO,2010,-3.37761927935431,-3.37761927935431,25.28288327010928,9.312361833518173,5.29366572819954,90.9940631357987,14.4696564932577,22.7884709714527,-0.9515013,0,0.0,1.0,0,0.0,0,23294825.0,95546919754.2873,0,1,0,0
AGO,2011,-2.40838836781619,-2.40838836781619,25.55598294281523,9.308790341911273,3.59386960240222,89.0369443426985,13.4824679218511,22.89714321863699,-1.0097747,0,0.0,2.0,0,0.0,0,24218352.0,125551634704.941,0,1,0,0
AGO,2012,-1.02012839058611,-1.02012839058611,25.6901088095211,9.351563274859837,8.50312283866612,81.939478548327,10.2779049218839,22.909618851901826,-1.0191994,0,0.0,3.0,0,0.0,0,25177394.0,143572907527.976,0,1,0,0
AGO,2013,-4.78350487026264,-4.78350487026264,25.72617268133774,9.36073930957082,4.88306129688392,77.3498013719917,8.77781429332624,22.940501115000888,-1.0286328,0,0.0,4.0,0,0.0,0,26165620.0,148845200696.335,0,1,0,0
AGO,2014,2.3835242701895,2.3835242701895,25.756639708894543,9.368917982746522,4.65572356315585,69.5801424480502,7.28038730361121,22.96569201236546,-0.940011399999999,0,0.0,5.0,0,0.0,0,27160769.0,153449860495.966,0,1,0,0
AGO,2015,9.7795154502365,9.7795154502365,25.353548721333244,9.3404700689469,0.763177710914789,54.9793808780995,9.35597215533784,22.886836640528987,-0.937823699999999,0,0.0,6.0,0,0.0,0,28157798.0,102543067840.819,0,1,0,0
AGO,2016,-0.295404758867636,-0.295404758867636,24.830362901710803,9.302372164529285,-0.233076954805284,46.3256130571521,30.6944150806719,22.895708956133667,-0.9493847,0,3.258096538021482,0.0,1,25.0,1,29183070.0,60770049747.3832,0,1,0,0
AGO,2017,-8.6387131616293,-5.087275859003976,25.17329683899689,9.2653177982026,-0.164688656961076,44.9963253203189,29.8444799015679,22.959898855523004,-0.968115699999999,0,3.258096538021482,0.0,1,25.0,1,30234839.0,85629598654.1906,0,1,0,0
AGO,2018,-7.13330828809519,-5.087275859003976,25.228682667478445,9.225705612027582,-0.506697543616156,58.2698953890633,19.6289379701521,23.020358059744783,-0.9784602,0,0.0,1.0,0,0.0,0,31297155.0,90506061877.2765,0,1,0,0
AGO,2019,-5.04777218289971,-5.04777218289971,25.12010489658177,9.181218357604012,-1.05523414494337,60.3713068739603,17.080954143438,23.03907788800163,-0.911696499999999,0,3.258096538021482,0.0,1,25.0,1,32375632.0,81193813808.0382,0,1,0,0
AGO,2020,-3.18988760374688,-3.18988760374688,24.79249827611336,9.09436246923928,-5.27349128300007,54.6604030683749,22.271539247051,23.00100196804484,-1.0163604,0,3.258096538021482,0.0,1,25.0,1,33451132.0,58512033805.8981,0,1,0,0
AGO,2021,-5.56323234141154,-5.087275859003976,25.08360810013728,9.07339604045823,1.09058369944815,62.5287705320674,25.7542948841891,23.13509988299977,-0.9347008,0,0.0,1.0,0,0.0,0,34532429.0,78283923543.8237,0,1,0,0
AGO,2022,-5.14579186855198,-5.087275859003976,25.5771222397502,9.076922530655663,3.55749206675667,56.5380722280743,21.3552901320822,23.1772711636498,-0.8325718,0,3.258096538021482,0.0,1,25.0,1,35635029.0,128233959333.275,0,1,0,0
AGO,2023,-1.9988544144521,-1.9988544144521,25.387104375489766,9.05923125382582,1.32016587081031,53.6070126498686,13.6441017767715,23.21639022685478,-0.8287026,0,0.0,1.0,0,0.0,0,36749906.0,106042349567.303,0,1,0,0
AGO,2024,-1.07650107199669,-1.07650107199669,25.358776442391555,9.07712863922452,4.95267860425956,49.8489506740963,28.2404948915772,23.25181016612392,-0.785190899999999,0,3.258096538021482,0.0,1,25.0,1,37885849.0,103080538044.058,0,1,0,0
ALB,1996,2.78560468452093,2.78560468452093,21.8971359368444,8.62403122902088,7.33632894771891,44.4117820054663,12.7254778087102,23.124851090382982,-0.9700687,0,0.0,5.0,0,0.0,0,3168033.0,3234486232.04392,0,1,1,0
ALB,1997,2.07092049927343,2.07092049927343,21.55341726091969,8.505724375284002,-11.7115732812278,44.7293780649181,33.1802743753956,23.08675396611653,,0,0.0,6.0,0,0.0,0,3148281.0,2293666029.99318,0,0,0,0
ALB,1998,1.73091617857629,1.73091617857629,21.67891457993503,8.591845251769655,8.3100252038309,47.1306266993222,20.6428588670596,23.101271119554,-0.9760298,0,3.4011973816621555,0.0,1,29.0,1,3128530.0,2600356999.20614,0,1,1,0
ALB,1999,1.25458994529204,1.25458994529204,21.912310217933296,8.713743602399795,12.2507281968475,49.8954184095195,0.389437653561628,23.105015324422933,,0,0.0,1.0,0,0.0,0,3108778.0,3283941510.49964,0,0,0,0
ALB,2000,3.9893207113692,3.9893207113692,21.99990440558144,8.792092272319975,7.46285871776054,61.6092610436407,0.0500181363468103,23.077478193328368,-1.1093724,0,0.0,2.0,0,0.0,0,3089027.0,3584570164.85195,0,1,1,0
ALB,2001,5.10708868615592,5.10708868615592,22.124218250272182,8.886403713287699,8.8637306604876,64.2474462587009,3.10758827031435,23.0811603457914,,1,0.0,0.0,1,0.0,2,3060173.0,4059064033.13379,0,0,0,0
ALB,2002,2.99003115858884,2.99003115858884,22.23067171410977,8.9346472801299,4.62839587394552,65.9914650336802,7.77052583431551,23.1514147805756,-0.6571054,0,0.0,1.0,0,0.0,0,3051010.0,4515003116.68036,0,1,1,0
ALB,2003,3.06868730168473,3.06868730168473,22.48141889033582,8.99034785499476,5.33326426009945,64.8232150960777,0.484002611818503,23.32150194732567,-0.6637265,1,0.0,0.0,1,0.0,2,3039616.0,5801712040.48463,0,1,1,0
ALB,2004,4.60782278585291,4.60782278585291,22.72564351431845,9.045849949243625,5.26626173860785,65.0379383187697,2.28001916938099,23.46120416293854,-0.449955899999999,0,0.0,1.0,0,0.0,0,3026939.0,7406645793.44038,0,1,1,0
ALB,2005,3.17899814544722,3.17899814544722,22.8342857723781,9.101003162207329,5.13082193056189,69.1162926602322,2.36658195679795,23.5276016937438,-0.697942699999999,0,0.0,2.0,0,0.0,0,3011487.0,8256658249.8128,0,1,1,0
ALB,2006,3.55321913781567,3.55321913781567,22.93707743393168,9.165760235054538,6.0189812403864,72.2019089483674,2.37072831904284,23.605731704519936,-0.6153929,0,0.0,3.0,0,0.0,0,2992547.0,9150528132.17633,0,1,1,0
ALB,2007,5.86740351847628,5.86740351847628,23.13173571643142,9.236293091362068,6.50009261158209,79.9119008919954,2.93268248162317,23.747253110807662,-0.5171955,0,0.0,4.0,0,0.0,0,2970017.0,11116937869.8568,0,1,1,0
ALB,2008,9.40665320050491,9.40665320050491,23.30790517399097,9.3107562154273,6.90706230713707,75.2485472798728,3.32087090389275,23.848759306390765,-0.4824716,0,0.0,5.0,0,0.0,0,2947314.0,13258506375.4518,0,1,1,0
ALB,2009,10.9068201480963,10.9068201480963,23.23575041702519,9.344047029459151,2.69075152362146,73.3213575646169,2.26692209450826,23.758708970795688,-0.290001399999999,0,0.0,6.0,0,0.0,0,2927519.0,12335540656.1006,0,1,1,0
ALB,2010,9.01744998049889,9.01744998049889,23.21535874042462,9.378309780730058,2.97315442681247,75.5325329687378,3.6271009151748,23.800671741748623,-0.2964483,0,0.0,7.0,0,0.0,0,2913021.0,12086545641.299,0,1,1,1
ALB,2011,8.08329285826067,8.08329285826067,23.286194375045405,9.405336570002271,2.46351683915714,80.6989985298954,3.42807130141501,23.897662136505726,-0.249067699999999,0,0.0,8.0,0,0.0,0,2905195.0,12973755874.5365,0,1,1,1
ALB,2012,7.49597513325321,7.49597513325321,23.228505998247687,9.430561125663502,0.984129880204108,76.9683583166821,2.03159268395296,23.87719196636017,-0.3393566,0,0.0,9.0,0,0.0,0,2860708.0,12246499747.9714,0,1,1,1
ALB,2013,9.80035898039468,9.80035898039468,23.272475502498065,9.462920762242858,1.7072283175406,75.7506185619748,1.93762080205223,23.911992798681887,-0.356418399999999,0,0.0,10.0,0,0.0,0,2816902.0,12796985886.1478,0,1,1,1
ALB,2014,8.64846635716115,8.64846635716115,23.310753336811544,9.500507162069882,2.24022695382642,75.0212023084129,1.62586504402614,23.933077227500338,0.0801175,0,0.0,11.0,0,0.0,0,2773767.0,13296322588.1684,0,1,1,1
ALB,2015,8.62740636982337,8.62740636982337,23.163015748529755,9.537970894855157,2.2277040745779,71.2794476606014,1.89617402592356,23.825454664032,0.1835585,0,0.0,12.0,0,0.0,0,2731293.0,11470171826.9575,0,1,1,1
ALB,2016,8.71147225448456,8.71147225448456,23.20722777268782,9.591746951454136,3.90893551362245,74.0144504546815,1.27543168367423,23.83688401451394,0.1974461,0,0.0,13.0,0,0.0,0,2689469.0,11988668784.6628,0,1,1,1
ALB,2017,7.71411336285186,7.71411336285186,23.307887227626928,9.639482777918063,3.28317593330073,76.7873817898989,1.98666133171194,23.893139877235093,0.256049,0,0.0,14.0,0,0.0,0,2648285.0,13258268435.6048,0,1,1,1
ALB,2018,7.83109146132114,7.83109146132114,23.45630183235666,9.690970058703629,3.67141928098908,75.6940783717425,2.02805963071135,23.95822918312562,0.2684643,0,0.0,15.0,0,0.0,0,2607733.0,15379508329.7568,0,1,1,1
ALB,2019,7.70621465029911,7.70621465029911,23.46958191177225,9.726817377630674,2.06257790176122,75.382128932689,1.41109078954242,23.958307431631354,0.0266494,0,6.212606095751519,16.0,0,498.0,0,2567801.0,15585111614.0376,0,1,1,1
ALB,2020,7.01865154497786,7.01865154497786,23.44728510077335,9.7085498847069,-3.31375636888916,59.5206994391875,1.62088661717021,23.92624049159132,0.0187103,0,0.0,17.0,0,0.0,0,2528480.0,15241458744.5927,0,1,1,1
ALB,2021,6.75791457973236,6.75791457973236,23.61541321599552,9.80987963257091,8.96957619074095,75.5904040905009,2.04147163139545,24.059387421073183,0.1116368,0,0.0,18.0,0,0.0,0,2489762.0,18031989573.0294,0,1,1,1
ALB,2022,7.57934042905775,7.57934042905775,23.668612141941,9.87245048368536,4.8268006234359,84.6980435944865,6.72520271530059,24.079693052407286,0.1929668,0,0.0,19.0,0,0.0,0,2451636.0,19017247013.8821,0,1,1,1
ALB,2023,6.90036950940795,6.90036950940795,23.879893538747773,9.928260506907504,4.01541716935742,82.3524933990723,4.75834555150038,24.142544101987266,0.293429,0,0.0,20.0,0,0.0,0,2411658.0,23491242727.4082,0,1,1,1
ALB,2024,6.32558905401363,6.32558905401363,24.020489676336005,9.982344183744848,4.04592845095348,79.4546360752224,2.21587375089992,24.18923869415641,0.3123437,0,0.0,0.0,1,0.0,1,2377128.0,27037474263.2977,0,1,1,1
ARE,1996,0.40847495897905,0.40847495897905,25.02151971794321,11.548809296827372,5.79855087420329,,,22.35395721306988,0.4726212,0,0.0,30.0,0,0.0,0,2597564.0,73571217376.7336,0,0,0,0
ARE,1997,0.294816440529383,0.294816440529383,25.090672200183484,11.546286538699682,8.19026264308846,,,22.34092793085371,,0,0.0,30.0,0,0.0,0,2817410.0,78838886862.1575,0,0,0,0
ARE,1998,0.340485096387173,0.340485096387173,25.04970555445428,11.473026572668296,0.292226494694063,,,22.32769965634369,0.7389343,0,0.0,30.0,0,0.0,0,3040421.0,75674384204.7668,0,0,0,0
ARE,1999,-1.16683680551302,-1.16683680551302,25.159371000737835,11.430061227232466,2.90205341564509,,,22.35642566641447,,0,0.0,30.0,0,0.0,0,3266009.0,84445399334.7235,0,0,0,0
ARE,2000,-0.485281107953177,-0.485281107953177,25.370896326502905,11.46573776147583,10.852837927302,,,22.3866954308536,0.7403877,0,0.0,30.0,0,0.0,0,3493575.0,104337463730.167,0,0,0,0
ARE,2001,1.14589226731254,1.14589226731254,25.36101580883673,11.415867342122256,1.39892161061073,89.8645875613427,,22.38098651691548,,0,0.0,30.0,0,0.0,0,3723590.0,103311631797.329,0,0,0,0
ARE,2002,0.0867814534864356,0.0867814534864356,25.42207290427004,11.379155810078776,2.43337487237925,93.0717523974279,,22.430687879874384,0.8507318,0,0.0,30.0,0,0.0,0,3956826.0,109816091078.603,0,0,0,0
ARE,2003,3.42265945986557,3.42265945986557,25.546337668880827,11.405657502394684,8.80057809996346,102.300072318295,,22.56878388152296,0.8458791,0,0.0,30.0,0,0.0,0,4192457.0,124346476180.46,0,0,0,0
ARE,2004,6.76715762322028,6.76715762322028,25.71928990478949,11.442139811191652,9.56652626277928,116.622707480689,,22.70777107810986,0.5800975,0,0.0,30.0,0,0.0,0,4428967.0,147824249957.985,0,0,0,0
ARE,2005,6.03481604158141,6.03481604158141,25.919647195036266,11.437672927958744,4.85513657996815,119.55287164912,,22.80436701942053,0.6201962,0,0.0,30.0,0,0.0,0,4664790.0,180617467954.23,0,0,0,0
ARE,2006,5.76543776330766,5.76543776330766,26.126468004351548,11.460289291776594,9.83727922860218,119.47067436604,,22.9028974628497,0.87732,0,0.0,30.0,0,0.0,0,5009100.0,222116532963.026,0,0,0,0
ARE,2007,5.50043939000967,5.50043939000967,26.27590036426515,11.375737109954908,3.18441281459761,136.798144727699,,23.04982143924021,0.9034445,0,0.0,30.0,0,0.0,0,5624635.0,257916148767.436,0,0,0,0
ARE,2008,1.60487460713893,1.60487460713893,26.477344058452225,11.293340092151729,3.19181235452885,148.513544024487,12.2504202448139,23.17199042529877,0.8286183,0,0.0,30.0,0,0.0,0,6302664.0,315474615741.223,0,1,1,0
ARE,2009,0.447367365846913,0.447367365846913,26.258816462043075,11.177298446560387,-5.2429219073683,153.461944358762,1.5618131744907,23.103377396153284,0.8843205,0,0.0,30.0,0,0.0,0,6707058.0,253547358746.804,0,1,1,0
ARE,2010,2.85854098227163,2.85854098227163,26.452509242058216,11.169219726522678,1.60285004336325,135.485740301669,0.877983288285867,23.20753249631566,0.8322561,0,0.0,30.0,0,0.0,0,6869838.0,307736348527.33,0,1,1,1
ARE,2011,1.93886244385384,1.93886244385384,26.63374002781905,11.2008196207305,6.73651167897515,144.176829734392,0.87734659568512,23.338668788299856,0.9928203,0,0.0,30.0,0,0.0,0,7104538.0,368881033962.57,0,1,1,1
ARE,2012,2.43554180804761,2.43554180804761,26.696550015763723,11.20699869891638,4.68325642918792,156.637656972961,0.662268900269009,23.36562892409052,1.1560961,0,0.0,30.0,0,0.0,0,7391448.0,392793559050.783,0,1,1,1
ARE,2013,2.3838227555723,2.3838227555723,26.73852643559232,11.215020702419295,4.9184505919085,157.398122639247,1.1011183637571,23.39161799748134,1.1923106,0,0.0,30.0,0,0.0,0,7693031.0,409632574702.715,0,1,1,1
ARE,2014,2.60546090290076,2.60546090290076,26.775204015894047,11.213779499746035,4.63291785879667,159.515630313713,2.34626865671643,23.41588342707992,1.4160016,0,0.0,30.0,0,0.0,0,8059440.0,424935834104.193,0,1,1,1
ARE,2015,2.23861341413826,2.23861341413826,26.668616117197978,11.228419107072748,7.08766622657654,164.286142899252,4.06996608361593,23.33483796798416,1.4040254,0,0.0,30.0,0,0.0,0,8505237.0,381973135513.065,0,1,1,1
ARE,2016,2.51620120421066,2.51620120421066,26.66794587983372,11.234150762004958,5.65790147196586,165.394966240337,1.61748808904198,23.351262212693342,1.4113666,0,0.0,30.0,0,0.0,0,8935095.0,381717208620.964,0,1,1,1
ARE,2017,2.5669608321193,2.5669608321193,26.723107835211383,11.19174234478534,-1.06137114472548,165.476523652994,1.96682557818842,23.41941865022431,1.3782191,0,0.0,30.0,0,0.0,0,9223225.0,403365056078.846,0,1,1,1
ARE,2018,2.35729206588897,2.35729206588897,26.811312489076133,11.193698767712377,1.53720634021511,154.747042166299,3.06863379251997,23.4840251748578,1.4114572,0,0.0,30.0,0,0.0,0,9346701.0,440560003161.236,0,1,1,1
ARE,2019,4.11928554446951,4.11928554446951,26.796140353567264,11.195786385671695,1.27129120536284,163.822149025614,-1.93108114782173,23.49370379793968,1.3982083,0,0.0,30.0,0,0.0,0,9445785.0,433926218686.108,0,1,1,1
ARE,2020,5.56735667729859,5.56735667729859,26.60145467090405,11.109587406970254,-8.69343363776639,181.291940227998,-2.07940317940944,23.450136562381854,1.0036502,0,0.0,30.0,0,0.0,0,9401038.0,357161776271.328,0,1,1,1
ARE,2021,4.89230595097426,4.89230595097426,26.76931629760324,11.135758140440094,4.55280140106356,182.909401076776,0.179935336174431,23.59900407578093,1.0744083,0,0.0,30.0,0,0.0,0,9575152.0,422441282436.237,0,1,1,1
ARE,2022,4.44591398367961,4.44591398367961,26.96042455727483,11.15733048585878,7.51452414254605,185.741660631894,5.29122604376849,23.654392535865647,1.133184,0,0.0,30.0,0,0.0,0,10074977.0,511403404642.173,0,1,1,1
ARE,2023,5.87183983564899,5.87183983564899,26.98212479991945,11.159670848376251,4.30113648499413,199.044950127107,1.62670837213248,23.683424136893613,1.3100836,0,0.0,30.0,0,0.0,0,10483751.0,522622268401.125,0,1,1,1
ARE,2024,8.26261604873876,8.26261604873876,27.037402331604284,11.151981218163929,3.99181200361831,,1.66336510224894,23.725130772094246,1.2599659,0,0.0,30.0,0,0.0,0,10986400.0,552324919095.872,0,0,0,0
ARG,1996,2.55320340608332,2.55320340608332,26.32961830321514,9.98486452129673,5.52668982715234,21.5064684057215,,21.88646993891332,0.1994574,0,0.0,30.0,0,0.0,0,35513793.0,272149750000.0,0,0,0,0
ARG,1997,3.12787793868196,3.12787793868196,26.40295710146686,10.050706765433036,8.1110467707457,23.3361788437439,,21.90084454394251,,0,0.0,30.0,0,0.0,0,35947791.0,292859000000.0,0,0,0,0
ARG,1998,2.43876896154487,2.43876896154487,26.423536318434483,10.076730595655953,3.85017885156228,23.3500279730689,,21.90744535332833,0.0657575,0,0.0,30.0,0,0.0,0,36372860.0,298948250000.0,0,0,0,0
ARG,1999,8.46058217133802,8.46058217133802,26.37055908557125,10.030759256071969,-3.38545704063269,21.3827449624898,,21.90214269723025,,0,0.0,30.0,0,0.0,0,36794682.0,283523000000.0,0,0,0,0
ARG,2000,3.66579059535379,3.66579059535379,26.372957247455503,10.011506695260747,-0.78899893905691,22.6224447777343,,21.93845095344486,0.0107824,0,0.0,30.0,0,0.0,0,37213984.0,284203750000.0,0,0,0,0
ARG,2001,0.806164134759348,0.806164134759348,26.31684925722117,9.955437392480029,-4.40883968258557,21.8522554515453,,21.93103369720781,,0,0.0,30.0,0,0.0,0,37624825.0,268696750000.0,0,0,0,0
ARG,2002,2.19895819502207,2.19895819502207,25.305413059285826,9.829394305888538,-10.8944848285903,41.7527243585642,,21.96101330434336,-0.225255899999999,0,0.0,30.0,0,0.0,0,38029349.0,97724004251.8602,0,0,0,0
ARG,2003,1.29481086883944,1.29481086883944,25.5720641140264,9.903744445103731,8.83704079576924,40.6447480311085,,22.06518848565344,-0.1358752,0,0.0,30.0,0,0.0,0,38424282.0,127586973492.177,0,0,0,0
ARG,2004,2.5050175164097,2.5050175164097,25.82713601012837,9.980052654026135,9.02957330068152,40.692646108947,,22.18614478481126,-0.0238339999999999,0,0.0,30.0,0,0.0,0,38815916.0,164657930452.787,0,0,0,0
ARG,2005,2.64935441452167,2.64935441452167,26.015248657616947,10.054593927993944,8.85165992013437,40.5512709706238,,22.28166908343308,0.013348,0,0.0,30.0,0,0.0,0,39216789.0,198737095012.282,0,0,0,0
ARG,2006,2.38106854489628,2.38106854489628,26.17240231473632,10.12170898576677,8.04715150043027,40.4334798719151,,22.3753071839525,0.0518902,0,0.0,30.0,0,0.0,0,39622115.0,232557260817.308,0,0,0,0
ARG,2007,2.25129423568361,2.25129423568361,26.38459480783412,10.198045851708043,9.00765087504757,40.945170618571,,22.49779562451918,0.0008548999999999,0,0.0,30.0,0,0.0,0,40016763.0,287530508430.568,0,0,0,0
ARG,2008,2.68990096507093,2.68990096507093,26.613688410916257,10.227687843946534,4.05723310346406,40.4026733790382,,22.59326812109867,-0.0710406,0,0.0,30.0,0,0.0,0,40424148.0,361558037110.419,0,0,0,0
ARG,2009,1.20643922647566,1.20643922647566,26.531337707549337,10.156081072247344,-5.91852507634947,34.0571269054879,,22.54065295663744,-0.0584798999999999,0,0.0,30.0,0,0.0,0,40854831.0,332976484577.619,0,0,0,0
ARG,2010,2.67516171886535,2.67516171886535,26.77212018439636,10.24196695278583,10.1253981561002,34.9710132635696,,22.64836286054277,0.0072362999999999,0,0.0,30.0,0,0.0,0,41288694.0,423627422092.49,0,0,0,0
ARG,2011,2.04465997872008,2.04465997872008,26.99644114241296,10.28962573936075,6.00395169280579,35.2061549999644,,22.75320293210916,0.0717304,0,0.0,30.0,0,0.0,0,41730660.0,530158122010.442,0,0,0,0
ARG,2012,2.80667189982932,2.80667189982932,27.02585253323468,10.269031880968202,-1.0264204544321,30.5265423717108,,22.766834314846392,0.0013935,0,0.0,30.0,0,0.0,0,42161721.0,545982375701.128,0,0,0,0
ARG,2013,1.77920553648531,1.77920553648531,27.03685942612164,10.282870806384087,2.40532378079436,29.3339290021037,,22.794239157391704,-0.0162574999999999,0,0.0,30.0,0,0.0,0,42582455.0,552025140252.246,0,0,0,0
ARG,2014,0.962406650325519,0.962406650325519,26.989174609819035,10.247106166335692,-2.51261532081394,28.4067936452275,,22.81372437486712,0.1781782,0,0.0,30.0,0,0.0,0,43024071.0,526319673731.638,0,0,0,0
ARG,2015,1.97713461784426,1.97713461784426,27.11140578463773,10.263578868702613,2.73115982828944,22.4862260889792,,22.731079576844124,0.1187015,0,0.0,30.0,0,0.0,0,43477012.0,594749285413.212,0,0,0,0
ARG,2016,0.584748941173009,0.584748941173009,27.04678631288357,10.232867042139326,-2.08032784377811,26.0938878488799,,22.742204770878647,0.3427634,0,0.0,30.0,0,0.0,0,43900313.0,557532320662.955,0,0,0,0
ARG,2017,1.78936504083806,1.78936504083806,27.19038736743921,10.251849687081927,2.81850297775918,25.2896011376779,,22.81102644240766,0.2956525,0,0.0,30.0,0,0.0,0,44288894.0,643628393281.364,0,0,0,0
ARG,2018,2.23253157689253,2.23253157689253,26.986320978507653,10.217097392537358,-2.61739646282038,30.7625359549926,34.2772237131003,22.859051788833938,0.257748,0,0.0,30.0,0,0.0,0,44654882.0,524819892360.176,0,1,0,0
ARG,2019,1.48500687570697,1.48500687570697,26.82751133816804,10.18977689090702,-2.00086100285785,32.6306150458499,53.5483043492339,22.87161550312432,0.2629574,0,0.0,30.0,0,0.0,0,44973465.0,447754683615.225,0,1,0,0
ARG,2020,1.26616924308721,1.26616924308721,26.67843072240923,10.080674832311749,-9.9004848136464,30.203698807416,42.0150947376509,22.82150566396798,0.148927,0,0.0,30.0,0,0.0,0,45191965.0,385740508436.965,0,1,0,0
ARG,2021,1.36838083162438,1.36838083162438,26.91063445750257,10.177334646293042,10.4418119882506,33.078689567466,48.4093786255199,22.950956403962948,0.1125651,0,0.0,30.0,0,0.0,0,45312281.0,486564085480.036,0,1,0,0
ARG,2022,2.3984601182853,2.3984601182853,27.17530494322959,10.23369115904557,6.02074537534855,31.5801792606256,72.430757531824,23.007834504360364,0.1085858,0,0.0,30.0,0,0.0,0,45407904.0,633993756301.08,0,1,0,0
ARG,2023,3.81190879856952,3.81190879856952,27.1994096843414,10.212089159548686,-1.85578803046339,26.6769512482215,133.488935594175,23.064862596603017,0.0614731,0,0.0,30.0,0,0.0,0,45538401.0,649461687959.174,0,1,0,0
ARG,2024,1.82409522925391,1.82409522925391,27.18217677030848,10.195110565460457,-1.34293072157739,27.929760849367,219.883929014578,23.10266573083083,0.1837479,0,0.0,30.0,0,0.0,0,45696159.0,638365455340.04,0,1,0,0
ARM,1996,1.10020924585916,1.10020924585916,21.19137326092892,8.220762498535969,5.86540074943565,79.2295601199241,18.681185640036,22.62115493487456,-0.2734013,0,0.0,30.0,0,0.0,0,3278735.0,1596968946.23708,0,1,1,0
ARM,1997,3.16805363549908,3.16805363549908,21.21765254598067,8.263378910272989,3.32107970046953,78.5477450545048,13.960764121791,22.60325691309296,,0,0.0,30.0,0,0.0,0,3246289.0,1639492444.76152,0,0,0,0
ARM,1998,12.2707797402698,12.2707797402698,21.36181238477603,8.345577189399398,7.29999998770998,71.8424518815414,8.67248632385158,22.599573665694965,-0.6388345,0,0.0,30.0,0,0.0,0,3208401.0,1893726437.26462,0,1,1,0
ARM,1999,6.61258080861414,6.61258080861414,21.33600642068966,8.390941991972264,3.30000000058166,70.5604791440404,0.648245760470385,22.61590554828712,,0,0.0,30.0,0,0.0,0,3167286.0,1845482173.02732,0,0,0,0
ARM,2000,5.45043315573561,5.45043315573561,21.37118741886414,8.431419212257627,5.90000000312092,72.2333302273367,-0.790883768934757,22.629003652927864,-0.644940699999999,0,0.0,30.0,0,0.0,0,3221100.0,1911563668.85006,0,1,1,0
ARM,2001,3.29806741743693,3.29806741743693,21.473958982001022,8.525977789257652,9.59999999927597,69.8642663925336,3.1459046468502,22.623869586071585,,0,0.0,30.0,0,0.0,0,3211800.0,2118467913.37873,0,0,0,0
ARM,2002,4.65949974895044,4.65949974895044,21.588825242141585,8.653706988813186,13.1999999979356,73.9845018432309,1.06004929341667,22.68045647061107,-0.2957267,0,0.0,30.0,0,0.0,0,3199800.0,2376335048.39976,0,1,1,0
ARM,2003,4.37657009672654,4.37657009672654,21.75540386857192,8.790156507636237,14.0000000015501,80.0513676022426,4.7215533660534,22.827539775861734,-0.3023479,0,0.0,30.0,0,0.0,0,3182500.0,2807061008.69084,0,1,1,0
ARM,2004,6.90990201303095,6.90990201303095,21.99768272655552,8.895547434524332,10.4999999988202,73.0706339919371,6.96126135875795,22.97000641688692,-0.195625699999999,0,0.0,30.0,0,0.0,0,3164900.0,3576615240.41616,0,1,1,0
ARM,2005,5.96010687349519,5.96010687349519,22.31259685606491,9.031560636366498,13.8999999991133,70.1397385835334,0.638928002410097,23.06034568308588,-0.2233106,0,0.0,30.0,0,0.0,0,3146400.0,4900469511.10191,0,1,1,0
ARM,2006,7.30731450469503,7.30731450469503,22.577131507010805,9.161699500780768,13.1999999994661,61.0301379818566,2.89235662459004,23.15511746095372,-0.239964999999999,0,0.0,30.0,0,0.0,0,3127100.0,6384452066.5146,0,1,1,0
ARM,2007,7.25233231640274,7.25233231640274,22.94315400717985,9.296412409384471,13.7000000015467,56.9750470853147,4.40736089644516,23.305395212387097,-0.3655469,0,0.0,30.0,0,0.0,0,3107400.0,9206301269.79164,0,1,1,0
ARM,2008,8.09234920917782,8.09234920917782,23.179605020897483,9.36969026620187,6.90000000042959,54.5423279613666,8.94995335353387,23.42356483082169,-0.2999247,0,0.0,30.0,0,0.0,0,3087100.0,11662040713.8753,0,1,1,0
ARM,2009,8.78869421378729,8.78869421378729,22.88058664173144,9.224562267651514,-14.1000000006998,57.2742357441995,3.40676682683801,23.340416647350786,-0.0404606,0,0.0,30.0,0,0.0,0,3066000.0,8647937081.2562,0,1,1,0
ARM,2010,5.7160373406455,5.7160373406455,22.949000744267053,9.253262322325009,2.2000000002151,64.642975973633,8.17636138473952,23.42844896551555,-0.1432718,0,0.0,30.0,0,0.0,0,3044800.0,9260285755.62424,0,1,1,1
ARM,2011,6.44066805582743,6.44066805582743,23.03996208014916,9.304757161829704,4.69999999867412,69.4355736620453,7.65000807859294,23.55235554277585,-0.0113660999999999,0,0.0,30.0,0,0.0,0,3027900.0,10142111824.5835,0,1,1,1
ARM,2012,4.67672759828402,4.67672759828402,23.085940884890142,9.375539007864504,7.20000000096486,75.9616759606704,2.55802007757907,23.56670333858596,0.0313392,0,0.0,30.0,0,0.0,0,3024100.0,10619320682.9474,0,1,1,1
ARM,2013,3.11193185351156,3.11193185351156,23.13214281107651,9.408700860705055,3.3,77.5550481598824,5.78966778544651,23.594208728476136,0.0697532,0,0.0,30.0,0,0.0,0,3022000.0,11121464437.0415,0,1,1,1
ARM,2014,3.50211415457343,3.50211415457343,23.17509070643673,9.44678512739667,3.60000000058993,75.778866962639,2.98130868933672,23.610624580246743,-0.132629399999999,0,0.0,30.0,0,0.0,0,3013800.0,11609513246.7958,0,1,1,1
ARM,2015,1.74473701796819,1.74473701796819,23.079707999295906,9.481341087801754,3.19999999896625,71.6820743427575,3.73169119261693,23.513814841840045,-0.1424065,0,0.0,30.0,0,0.0,0,3004600.0,10553337518.414,0,1,1,1
ARM,2016,3.16536727816995,3.16536727816995,23.079025396188765,9.487441215643404,0.199999999825991,76.0779674593548,-1.403607559009,23.52641289845113,-0.1056077,0,0.0,30.0,0,0.0,0,2992300.0,10546136235.5219,0,1,1,1
ARM,2017,2.19257337687685,2.19257337687685,23.16799774008389,9.56408226174042,7.50000000164144,87.202376539837,0.969553268816138,23.59006819975758,-0.010591,0,0.0,30.0,0,0.0,0,2979400.0,11527458709.0158,0,1,1,1
ARM,2018,2.14204783415544,2.14204783415544,23.2456240633512,9.618272118234373,5.19999999965324,92.473107021212,2.52023382001638,23.6494096849334,-0.173061599999999,0,0.0,30.0,0,0.0,0,2969000.0,12457940694.7395,0,1,1,1
ARM,2019,0.736345856475298,0.736345856475298,23.334753046679023,9.69371426928076,7.59999999853918,97.847004865327,1.44344660770698,23.65716957112808,-0.2531827,0,0.0,30.0,0,0.0,0,2962500.0,13619290539.2116,0,1,1,1
ARM,2020,0.463408850763634,0.463408850763634,23.26026659822021,9.619328332819745,-7.19999999920631,70.1213571368789,1.21143577838465,23.61702221049388,-0.3375702,0,0.0,30.0,0,0.0,0,2961500.0,12641698583.2152,0,1,1,1
ARM,2021,2.64014282794454,2.64014282794454,23.35363615989458,9.675438569363154,5.80000000065645,79.2489057647112,7.18483629443371,23.762009787472707,-0.3553578,0,0.0,30.0,0,0.0,0,2962300.0,13878908628.9378,0,1,1,1
ARM,2022,4.99991586140552,4.99991586140552,23.694372706499145,9.791783536451202,12.5999999997766,103.878629213508,8.64091108973855,23.81093466713264,-0.3306901,0,0.0,30.0,0,0.0,0,2969200.0,19513506553.1251,0,1,1,1
ARM,2023,2.39959276465582,2.39959276465582,23.90903905499352,9.873170143840682,8.29999999959539,123.418750077627,1.98041877615554,23.851190395885546,-0.163441,0,0.0,30.0,0,0.0,0,2964300.0,24185982215.6543,0,1,1,1
ARM,2024,0.506878336560983,0.506878336560983,23.979640716072307,9.907419058950993,5.90000000046228,150.064726588742,0.269511978259125,23.89873667394879,-0.3640294,0,0.0,30.0,0,0.0,0,3033500.0,25955275380.0321,0,1,1,1
AUS,1996,1.13541742026476,1.13541742026476,26.719624681116617,10.588178120853216,3.86567479160071,38.1740208800895,2.61537902431631,21.67675022948976,1.6011521,0,0.0,30.0,0,0.0,0,18224767.0,401962517479.122,0,1,1,0
AUS,1997,1.85369309475488,1.85369309475488,26.80164611697892,10.615789259529365,3.91795814771731,37.9217014956962,0.224895027032537,21.664338953904373,,0,0.0,30.0,0,0.0,0,18423037.0,436321902767.408,0,0,0,0
AUS,1998,1.89768756641747,1.89768756641747,26.7156337946176,10.651529365415175,4.67681373479508,39.9240664596368,0.860129922016289,21.63564746088248,1.6647152,0,0.0,30.0,0,0.0,0,18607584.0,400361527504.578,0,1,1,0
AUS,1999,0.566396956795571,0.566396956795571,26.690303942642167,10.68964850076336,5.02822035850596,38.9602467102359,1.48313946657267,21.68369734396648,,0,0.0,30.0,0,0.0,0,18812264.0,390347787943.351,0,0,0,0
AUS,2000,3.57229745403377,3.57229745403377,26.756116928378763,10.71661701995256,3.9160574881715,40.8631257691954,4.45743705920869,21.72762301167241,1.7893043,0,0.0,30.0,0,0.0,0,19028802.0,416901962163.479,0,1,1,0
AUS,2001,2.81762721403267,2.81762721403267,26.664384595539232,10.723888338416687,2.03145880248898,44.1337313971929,4.40712998561533,21.71132557579376,,0,0.0,30.0,0,0.0,0,19274701.0,380360222861.197,0,0,0,0
AUS,2002,3.69701188608667,3.69701188608667,26.705782892527708,10.751250906908409,3.94980535772942,41.3813128146921,2.98157117047457,21.74457612243394,1.9223958,0,0.0,30.0,0,0.0,0,19495210.0,396436967262.563,0,1,1,0
AUS,2003,1.9178050221833,1.9178050221833,26.872838610588275,10.770193603922682,3.0912800997751,40.1348011794482,2.73259754838937,21.85531849706312,1.9394757,0,0.0,30.0,0,0.0,0,19720737.0,468517181129.878,0,1,1,0
AUS,2004,6.96956991636737,6.96956991636737,27.145933168598088,10.800825329508264,4.21894147547516,36.9505159618289,2.34325687131265,21.97112708589077,1.7890482,0,0.0,30.0,0,0.0,0,19932722.0,615643050220.515,0,1,1,0
AUS,2005,-3.60113772652235,-3.60113772652235,27.26978075146015,10.819719612597009,3.15548121323168,39.0978822564811,2.69182949622197,22.049773594065247,1.8033736,0,0.0,30.0,0,0.0,0,20176844.0,696811489612.816,0,1,0,0
AUS,2006,4.0750646338694,4.0750646338694,27.34295012830305,10.833557411997642,2.7709261737475,41.4878923489153,3.55528696972984,22.12938183560492,1.7583757,0,0.0,30.0,0,0.0,0,20450966.0,749708370332.989,0,1,1,0
AUS,2007,5.18803286061474,5.18803286061474,27.476241099904527,10.85250179010637,3.78947119882653,41.9297451276561,2.32761442623159,22.2496463995447,1.7472507,0,0.0,30.0,0,0.0,0,20827622.0,856603595823.192,0,1,1,0
AUS,2008,4.26757732505596,4.26757732505596,27.68782503077916,10.868061308883778,3.62398503565633,42.7522207880308,4.35029726664093,22.349392811364524,1.734412,0,0.0,30.0,0,0.0,0,21249199.0,1058448244063.77,0,1,1,0
AUS,2009,3.10519028312049,3.10519028312049,27.56034292126501,10.86681284245918,1.95484826298522,45.5936120867789,1.77112025681656,22.31453382555324,1.65062,0,0.0,30.0,0,0.0,0,21691653.0,931761689770.843,0,1,1,0
AUS,2010,3.08482804330762,3.08482804330762,27.773012425349563,10.873115583353156,2.21004795300735,40.3905070860606,2.9183370211222,22.422299770187585,1.7130228,0,0.0,30.0,0,0.0,0,22031750.0,1152566632022.13,0,1,1,1
AUS,2011,4.67434620832808,4.67434620832808,27.96959105700951,10.882885418923138,2.39473494330615,41.7219860149689,3.30384784681081,22.535832211869725,1.7037267,0,0.0,30.0,0,0.0,0,22340024.0,1402939868653.4,0,1,1,1
AUS,2012,3.70774989384992,3.70774989384992,28.07103475838831,10.904190821660558,3.95247138119184,43.0198495527558,1.76278299052228,22.56616693524535,1.7045531,0,0.0,30.0,0,0.0,0,22733465.0,1552728401401.58,0,1,1,1
AUS,2013,3.43950309398958,3.43950309398958,28.0908086518498,10.913177644468051,2.65445302592404,41.100511881056,2.44988248109259,22.589186625548923,1.6221252,0,0.0,30.0,0,0.0,0,23128129.0,1583737461925.39,0,1,1,1
AUS,2014,4.28599049307814,4.28599049307814,28.019460103819565,10.923941322572665,2.60118978187332,42.2993095385282,2.48792932080492,22.61856912233044,1.7947484,0,0.0,30.0,0,0.0,0,23475686.0,1474677007565.64,0,1,1,1
AUS,2015,3.456117831131,3.456117831131,27.936154406172825,10.930961739672082,2.16434780647852,41.4947506939901,1.50836803138463,22.57325957909396,1.6762148,0,0.0,30.0,0,0.0,0,23815995.0,1356805839935.9,0,1,1,1
AUS,2016,3.54660341826144,3.54660341826144,27.822953117782763,10.942525897461064,2.75564065529868,40.813402217321,1.27699365720306,22.59898645447754,1.6248454,0,0.0,30.0,0,0.0,0,24190907.0,1211588128417.61,0,1,1,1
AUS,2017,3.62158795648508,3.62158795648508,27.91686942402229,10.948731711375824,2.29331030192918,42.0354135251854,1.94864309065653,22.663710314223096,1.6442984,0,0.0,30.0,0,0.0,0,24592588.0,1330890554614.09,0,1,1,1
AUS,2018,4.23450805251819,4.23450805251819,27.990892431158606,10.962108153044138,2.87417039499501,43.5732253645218,1.91140002818579,22.72735334724096,1.7247815,0,0.0,30.0,0,0.0,0,24963258.0,1433144978761.67,0,1,1,1
AUS,2019,2.77077560426989,2.77077560426989,27.96631380212242,10.969036194286282,2.19401703622717,46.0016827052171,1.610770929127,22.747030243819776,1.6666492,0,0.0,30.0,0,0.0,0,25334826.0,1398349602956.35,0,1,1,1
AUS,2020,1.34826011276187,1.34826011276187,27.918705534613643,10.955365700397168,-0.133531904304775,44.499564103879,0.846900734607273,22.723551899545395,1.6054566,0,0.0,30.0,0,0.0,0,25649248.0,1333336461648.09,0,1,1,1
AUS,2021,2.01542405903096,2.01542405903096,28.07610268784645,10.973827496533854,2.00694844335034,40.2022359390595,2.86391284709318,22.85722989590602,1.7024874,0,0.0,30.0,0,0.0,0,25685412.0,1560617493202.69,0,1,1,1
AUS,2022,4.05215286724898,4.05215286724898,28.15907401566305,11.002585272014857,4.25304559238732,45.6946418805752,6.59409658717841,22.889099725093786,1.7675146,0,0.0,30.0,0,0.0,0,26018721.0,1695627535475.8,0,1,1,1
AUS,2023,2.03614704389564,2.03614704389564,28.18171220532849,11.013451164144977,3.58382100798981,49.044339318428,5.59701792296707,22.923544968646087,1.7818134,0,0.0,30.0,0,0.0,0,26659922.0,1734451264655.6,0,1,1,1
AUS,2024,3.05761029844929,3.05761029844929,28.19464170345416,11.007246295083624,1.37340773365975,47.1453811065195,3.16656665428797,22.9595305811861,1.8090452,0,0.0,30.0,0,0.0,0,27194286.0,1757022451652.83,0,1,1,1
AUT,1996,1.83236524365315,1.83236524365315,26.186896694800986,10.770767946226536,2.21576713087359,70.4693162982812,1.86097115760437,23.46478657438277,1.7877178,0,0.0,30.0,0,0.0,0,7959017.0,235952581232.129,0,1,1,0
AUT,1997,1.26058669809025,1.26058669809025,26.0785532130726,10.790866141756135,2.1458350552646,75.2444760305554,1.30597857227691,23.412941737306824,,0,0.0,30.0,0,0.0,0,7968041.0,211724812267.448,0,0,0,0
AUT,1998,2.1061851136777,2.1061851136777,26.103476900795005,10.824101490441864,3.49288002962309,77.3495216604118,0.922467196680849,23.431682703832028,1.7780737,0,0.0,30.0,0,0.0,0,7976789.0,217068085815.918,0,1,1,0
AUT,1999,1.37439937408037,1.37439937408037,26.10049516038367,10.859084758939916,3.76192435190464,78.5629329772961,0.568993765885531,23.43316955726007,,0,0.0,30.0,0,0.0,0,7992324.0,216421809125.916,0,0,0,0
AUT,2000,4.33323688730786,4.33323688730786,26.002306596964647,10.888077232323903,3.18952292988787,85.8426077336549,2.34486285357281,23.390328031580648,1.9747909,0,0.0,30.0,0,0.0,0,8011566.0,196181599831.287,0,1,1,0
AUT,2001,2.89572243102078,2.89572243102078,26.00381226574821,10.897333144509528,1.31698749571339,87.9962567186047,2.65000077279529,23.39887729814313,,0,0.0,30.0,0,0.0,0,8042293.0,196477206829.33,0,0,0,0
AUT,2002,0.0650010498093938,0.0650010498093938,26.083793504035555,10.907147938294798,1.48436877605324,87.5844937054619,1.81035787764129,23.47280832913857,1.9624974,0,0.0,30.0,0,0.0,0,8081957.0,212837224022.813,0,1,1,0
AUT,2003,2.37557550248335,2.37557550248335,26.28694234169381,10.91362758294066,1.14156504542775,86.8822263228608,1.35555370896445,23.64493362823581,1.8622422,0,0.0,30.0,0,0.0,0,8121423.0,260779834340.097,0,1,1,0
AUT,2004,1.0640170021225,1.0640170021225,26.42441288008444,10.93275249916006,2.56525534067859,91.4742201880009,2.0612061803287,23.7822717253415,1.8071699,0,0.0,30.0,0,0.0,0,8171966.0,299210411454.823,0,1,1,0
AUT,2005,25.8307026071969,25.8307026071969,26.47250695568896,10.94887836658755,2.32036514266782,94.6747547827805,2.29913785639286,23.841313750053818,1.881578,0,0.0,30.0,0,0.0,0,8227829.0,313952317330.776,0,1,1,0
AUT,2006,3.14473468828869,3.14473468828869,26.53412529129028,10.97610069090969,3.26933601506059,98.7857253161241,1.44154851119017,23.91485632744653,1.7737449,0,0.0,30.0,0,0.0,0,8268641.0,333905979332.481,0,1,1,0
AUT,2007,17.8058113461032,17.8058113461032,26.681070641734,11.009916298644429,3.77522468729185,101.36495843546,2.16855528800757,24.05675092122941,1.7741679,0,0.0,30.0,0,0.0,0,8295487.0,386760177589.497,0,1,1,0
AUT,2008,1.46799597032563,1.46799597032563,26.785268991500143,11.021214347770544,1.45330562142114,102.7437043613,3.2159503323988,24.156415134692264,1.729943,0,0.0,30.0,0,0.0,0,8321496.0,429234399096.173,0,1,1,0
AUT,2009,3.58137196898673,3.58137196898673,26.71295410435935,10.982073303450766,-3.58626472551299,87.6004931021953,0.506308827696504,24.06079286334824,1.628888,0,0.0,30.0,0,0.0,0,8343323.0,399290118782.429,0,1,1,0
AUT,2010,-5.64539670207833,-5.087275859003976,26.68897091244245,10.997597510746887,1.80898243043663,99.6448825546716,1.81353438995062,24.094163599804844,1.7509901,0,0.0,30.0,0,0.0,0,8363404.0,389827789217.634,0,1,0,0
AUT,2011,5.35812778038962,5.35812778038962,26.784617242298875,11.023081062350611,2.92746800169145,105.775098372378,3.2865791487538,24.1925432749301,1.5645026,0,0.0,30.0,0,0.0,0,8391643.0,428954737064.057,0,1,1,1
AUT,2012,1.2830027920872,1.2830027920872,26.731465781824408,11.024784497622708,0.628246239479637,105.840791389706,2.48567562177015,24.16248455809617,1.5204181,0,0.0,30.0,0,0.0,0,8429991.0,406750487603.59,0,1,1,1
AUT,2013,-0.302633479129545,-0.302633479129545,26.77906693816382,11.01638021239186,-0.250726423318454,104.985374015367,2.00015616900597,24.200476821924,1.5738779,0,0.0,30.0,0,0.0,0,8479823.0,426580502769.417,0,1,0,0
AUT,2014,0.389557041234778,0.389557041234778,26.8067533967628,11.016094366075937,0.755798850316665,104.49673998926,1.60581182954474,24.22591330015257,1.6929112,0,0.0,30.0,0,0.0,0,8546356.0,438556021078.034,0,1,1,1
AUT,2015,-1.80409511056007,-1.80409511056007,26.66224189491826,11.01783544674318,1.30352331826198,103.11758174626,0.89656333526032,24.113463849129666,1.6009157,0,0.0,30.0,0,0.0,0,8642699.0,379546097300.633,0,1,0,0
AUT,2016,-7.23989904197038,-5.087275859003976,26.69882292813297,11.027972663418538,2.11721964494312,101.573494597172,0.891591752655362,24.1248048746414,1.658232,0,0.0,30.0,0,0.0,0,8736668.0,393687359770.273,0,1,0,0
AUT,2017,3.38180275607348,3.38180275607348,26.751366360933563,11.0434946407785,2.27224992038207,105.556066755438,2.08126911385587,24.183058524742265,1.6138342,0,0.0,30.0,0,0.0,0,8797566.0,414926138132.691,0,1,1,1
AUT,2018,-6.15119207172195,-5.087275859003976,26.83823545089368,11.063162582181436,2.48422114080024,108.377969971828,1.99837981429549,24.25360943067124,1.6043579,0,0.0,30.0,0,0.0,0,8840521.0,452582294972.775,0,1,0,0
AUT,2019,-2.85255617561831,-2.85255617561831,26.816798681641288,11.076113389038175,1.75497619649288,108.207284904426,1.53089564152644,24.25045783658137,1.7527565,0,0.0,30.0,0,0.0,0,8879920.0,442983642371.842,0,1,0,0
AUT,2020,-2.76332070661681,-2.76332070661681,26.79722608427487,11.006694781108967,-6.31825509209936,99.9482141095975,1.38191063351854,24.22544280730917,1.9079985,0,0.0,30.0,0,0.0,0,8916864.0,434397601557.696,0,1,0,0
AUT,2021,3.95409878611296,3.95409878611296,26.89802305911201,11.050395500221684,4.92309171717903,111.032932124165,2.7666666666667,24.355343464928414,1.8163061,0,0.0,30.0,0,0.0,0,8955797.0,480466363176.806,0,1,1,1
AUT,2022,3.0221599256451,3.0221599256451,26.88282897853689,11.09276986530205,5.33096379400371,123.579578652902,8.54686993188458,24.36400996353657,1.7373291,0,0.0,30.0,0,0.0,0,9041851.0,473221298968.216,0,1,1,1
AUT,2023,0.566112370322707,0.566112370322707,26.970671196155305,11.074981703897407,-0.786244288594673,115.152914822732,7.81413417002831,24.433790908608582,1.5790569,0,0.0,30.0,0,0.0,0,9131761.0,516670509628.876,0,1,1,1
AUT,2024,2.55351579610657,2.55351579610657,27.005141330615327,11.06332019416424,-0.659089573171372,108.825777834405,2.93791574279376,24.47841460489436,1.5145106,0,0.0,30.0,0,0.0,0,9177982.0,534790720466.822,0,1,1,1
AZE,1996,19.7473805562834,19.7473805562834,21.87904812082096,8.348424886037666,1.29999940463827,80.8497401741931,19.7948028061899,22.56910682351636,-1.36183379999999,0,0.0,1.0,0,0.0,0,7763000.0,3176507376.31836,0,1,1,0
AZE,1997,28.1356900500269,28.1356900500269,22.100106246834887,8.3951584831352,5.80000014795783,82.0789665326283,3.67434809684727,22.55097655757322,,0,3.4011973816621555,0.0,1,29.0,1,7838250.0,3962362387.47922,0,0,0,0
AZE,1998,23.0067972039761,23.0067972039761,22.215353548442938,8.480977277941571,9.99999961153691,77.2278091030634,-0.772697886033166,22.54402594595728,-1.3532658,0,3.555348061489413,0.0,1,34.0,1,7913000.0,4446368570.6901,0,1,1,0
AZE,1999,11.1392558729835,11.1392558729835,22.245237410693665,8.543591299130101,7.40000129958564,69.8259648751026,-8.52517000536063,22.56325891445147,,0,0.0,1.0,0,0.0,0,7982750.0,4581248566.50158,0,0,0,0
AZE,2000,2.46437455007312,2.46437455007312,22.385792418482016,8.640636602440992,11.0999991434346,78.5485682796041,1.80500303704356,22.579091030906177,-1.38496169999999,0,0.0,2.0,0,0.0,0,8048600.0,5272615722.96892,0,1,1,0
AZE,2001,14.3593922707314,14.3593922707314,22.46506729598928,8.727289617243281,9.89999986533643,78.8151854917601,1.5471959015228,22.57577646619288,,0,0.0,3.0,0,0.0,0,8111200.0,5707616203.72011,0,0,0,0
AZE,2002,32.4654989629361,30.0341103550906,22.553618857684217,8.810024246741039,9.43891626906561,92.8181443298969,2.7711647199827,22.63059351876988,-1.18446609999999,0,0.0,4.0,0,0.0,0,8171950.0,6236087738.28284,0,1,1,0
AZE,2003,55.0728766554257,30.0341103550906,22.70790386882124,8.899649757243816,10.2082994004776,107.551948506262,2.23386492967049,22.77531896208063,-1.18944349999999,0,0.0,5.0,0,0.0,0,8234100.0,7276413079.11451,0,1,1,0
AZE,2004,54.3650509070362,30.0341103550906,22.884334108874256,8.979398930880981,9.25380179728907,121.507115894117,6.70893042797786,22.916916172282424,-1.0690396,0,0.0,6.0,0,0.0,0,8306500.0,8680405740.94125,0,1,1,0
AZE,2005,33.7957978256418,30.0341103550906,23.30691781124577,9.21573582420472,27.9615381082131,115.841884607706,9.6795073191705,23.00723172600168,-0.9041952,0,3.258096538021482,0.0,1,25.0,1,8391850.0,13245421880.834,0,1,1,0
AZE,2006,21.380140470442,21.380140470442,23.76692740411369,9.500892710379745,34.4662096226792,105.262399846369,8.32892482863209,23.101919589652656,-0.8634636,0,0.0,1.0,0,0.0,0,8484550.0,20981929497.6188,0,1,1,0
AZE,2007,13.9011034961161,13.9011034961161,24.22126983671233,9.716396583597769,25.4632157314482,96.6418081486575,16.6997549618244,23.25092941758137,-0.809425499999999,0,0.0,2.0,0,0.0,0,8581300.0,33049419431.2244,0,1,1,0
AZE,2008,8.1611083168233,8.1611083168233,24.61204669994525,9.796070524410029,10.591437462476,89.2428968637573,20.8490871772712,23.36742808950872,-0.8223916,0,3.4339872044851463,0.0,1,30.0,1,8763400.0,48851293785.4483,0,1,1,0
AZE,2009,6.54746236391725,6.54746236391725,24.514079555478588,9.864870937280564,9.36950260277183,74.7440416836369,1.45704835970321,23.28800122857585,-0.7260011,0,0.0,1.0,0,0.0,0,8947243.0,44292427184.9492,0,1,1,0
AZE,2010,6.337255132933,6.337255132933,24.691844865327703,9.899750080190191,4.78883248761557,74.9859884610856,5.72687224669605,23.378931132995504,-0.8597442,0,0.0,2.0,0,0.0,0,9054332.0,52909294791.9262,0,1,1,1
AZE,2011,6.80050011965746,6.80050011965746,24.91220511745411,9.870865069229549,-1.5729973511111,80.5080450059522,7.8583333333334,23.505289353719377,-0.795864399999999,0,0.0,3.0,0,0.0,0,9173082.0,65952796427.9473,0,1,1,1
AZE,2012,7.59651867931835,7.59651867931835,24.9671783730523,9.879367678851462,2.20293891708398,78.263069540422,1.06621339720303,23.52206598312547,-0.8083243,0,3.258096538021482,0.0,1,25.0,1,9295784.0,69679944504.1972,0,1,1,1
AZE,2013,3.53211598676051,3.53211598676051,25.02949831108393,9.923223816112388,5.84341590483928,74.6758447629851,2.41571745279419,23.54616700822897,-0.6064243,0,0.0,1.0,0,0.0,0,9416801.0,74160560123.6902,0,1,1,1
AZE,2014,5.88846176710651,5.88846176710651,25.04394598986138,9.93833340276444,2.79758521448559,69.4832251953347,1.37344181533176,23.56300901317632,-0.4254637,0,3.8501476017100575,0.0,1,46.0,1,9535079.0,75239785452.1022,0,1,1,1
AZE,2015,7.62606837682972,7.62606837682972,24.69499511990774,9.936862073288554,1.04954641215085,72.6015079073189,4.02768573742726,23.47165439457527,-0.353725199999999,0,4.290459441148391,0.0,1,72.0,1,9649341.0,53076235354.746,0,1,1,1
AZE,2016,11.8828171505465,11.8828171505465,24.357345775026864,9.894568424827092,-3.06359842251706,90.0773187345677,12.4433748584372,23.48842453420398,-0.1263081,0,4.955827057601261,0.0,1,141.0,1,9757812.0,37866996882.9157,0,1,1,1
AZE,2017,7.01669598350389,7.01669598350389,24.433579609756663,9.886290774733205,0.153614661745507,90.4023156823216,12.9359184187335,23.55369131291274,-0.135534799999999,0,3.610917912644224,0.0,1,36.0,1,9854033.0,40866627351.9817,0,1,1,1
AZE,2018,2.97797589143235,2.97797589143235,24.57580355986465,9.8925201754118,1.50040167167313,91.6725765369825,2.26854690373999,23.611430175168337,-0.1558709,0,0.0,1.0,0,0.0,0,9939771.0,47112470051.7701,0,1,1,1
AZE,2019,3.12183056112494,3.12183056112494,24.59809017762044,9.908549313936932,2.47980879185565,85.8181454084561,2.61057182799215,23.619040599974788,-0.0555998,0,0.0,2.0,0,0.0,0,10024283.0,48174235294.1176,0,1,1,1
AZE,2020,1.18790387182911,1.18790387182911,24.477300809316045,9.858809008743052,-4.19896065333343,72.0178676487811,2.75980947008127,23.579041312329693,-0.0570332999999999,1,8.927844826211702,0.0,1,7538.0,2,10093121.0,42693000000.0,0,1,1,1
AZE,2021,-3.11473447263613,-3.11473447263613,24.72741964175031,9.90904088894066,5.61644027150554,76.286865687015,6.65029912708779,23.72493100958457,-0.0569922999999999,0,3.713572066704308,0.0,1,40.0,1,10137750.0,54825411764.7059,0,1,0,0
AZE,2022,-5.67773710614177,-5.087275859003976,25.09027363373582,9.954714945637392,4.71468033247649,86.9822732541779,13.8522590144267,23.77151942654282,-0.0543532,0,5.733341276897746,0.0,1,308.0,1,10141756.0,78807470588.2353,0,1,0,0
AZE,2023,0.349083720733803,0.349083720733803,25.005865299208427,9.966966388569878,1.35447749115767,83.5358861156321,8.78543049849081,23.810703113671742,0.0656316,0,6.137727054086234,0.0,1,462.0,1,10153958.0,72428470588.2353,0,1,1,1
AZE,2024,0.310746244591944,0.310746244591944,25.0330711801033,10.002904279951494,4.15806800428062,82.5675246316515,2.21217188919901,23.8568564570377,0.1661183,0,0.0,1.0,0,0.0,0,10202830.0,74426000000.0,0,1,1,1
BDI,1996,,,20.582892642559457,6.989769422547231,-7.99999999794093,,26.4367816091951,22.079992191392414,-1.82232369999999,0,6.895682697747868,0.0,1,987.0,1,6070506.0,869033856.317093,0,0,0,0
BDI,1997,,,20.69578802389701,6.97381809956723,-1.58999999685828,,31.1115898319695,22.07037310535488,,1,7.05617528410041,0.0,1,1159.0,2,6070042.0,972896267.915425,0,0,0,0
BDI,1998,,,20.61095985752972,7.001122224304628,4.74999999509613,,12.5004107653378,22.06773231243235,-1.83145119999999,0,6.738152494595957,0.0,1,843.0,1,6187108.0,893770740.207416,0,0,0,0
BDI,1999,-0.0588051848971754,-0.0588051848971754,20.51016818539097,6.967008716070477,-1.00999999649815,,3.38542427340455,22.078460648465025,,0,6.661854740545311,0.0,1,781.0,1,6337155.0,808077223.365746,0,0,0,0
BDI,2000,1.34215244308902,1.34215244308902,20.584562310017564,6.937626990579103,-0.856864058424151,,24.4320242102151,22.097320934793853,-1.8282942,1,7.333023014386481,0.0,1,1529.0,2,6470194.0,870486065.883137,0,0,0,0
BDI,2001,-0.001304856473564,-0.001304856473564,20.59178345574186,6.932919730768281,2.05580710835243,,9.29618771341889,22.092313764615103,,1,7.1284959456800365,0.0,1,1246.0,2,6634365.0,876794723.068586,0,0,0,0
BDI,2002,,,20.531372035357304,6.9482225143352,4.44651941224797,,-1.3656800532806,22.140384438111088,-1.94450529999999,1,7.227662498728654,0.0,1,1376.0,2,6824132.0,825394519.423728,0,0,0,0
BDI,2003,,,20.48075395413205,6.904318815006083,-1.22372796023444,,10.6474645658306,22.277852649380744,-1.95374999999999,0,6.816735880594968,0.0,1,912.0,1,7043154.0,784654423.620476,0,0,0,0
BDI,2004,0.0048828571441574,0.0048828571441574,20.634715811457983,6.91424658264188,4.83365776809453,,8.17642937482053,22.41165767370029,-1.5282262,0,6.073044534100405,0.0,1,433.0,1,7310656.0,915257323.3961,0,0,0,0
BDI,2005,0.0523404213217611,0.0523404213217611,20.834013587125696,6.886063668743976,0.900000000901912,,13.2520699188224,22.49927554127348,-1.3694248,0,5.700443573390687,0.0,1,298.0,1,7587299.0,1117113079.73645,0,0,0,0
BDI,2006,0.0024811054278952,0.0024811054278952,20.964936754481208,6.9027706902341945,5.41380714491444,,2.74542000214241,22.590459360955705,-1.3396498,0,4.955827057601261,0.0,1,141.0,1,7865547.0,1273375078.44844,0,0,0,0
BDI,2007,0.036885807330262,0.036885807330262,21.02795205652764,6.899653963079013,3.44449364663615,,8.41206285772544,22.72646726606861,-1.3584566,0,0.0,1.0,0,0.0,0,8161874.0,1356199387.42308,0,0,0,0
BDI,2008,0.23781629691625,0.23781629691625,21.200639650192343,6.906319303965323,4.90874190813545,,24.4069510353914,22.83337627049721,-1.25128329999999,0,5.424950017481403,0.0,1,226.0,1,8505637.0,1611835857.04588,0,0,0,0
BDI,2009,0.0196229518082158,0.0196229518082158,21.29734511249726,6.892829209884053,3.7870758305051,,10.5554355299529,22.77184087776675,-1.0910389,0,0.0,1.0,0,0.0,0,8947646.0,1775495032.424,0,0,0,0
BDI,2010,0.0384119130803941,0.0384119130803941,21.43235289595173,6.895701603152461,5.09373697323055,,6.49326591473993,22.86299496505025,-1.2006202,0,0.0,2.0,0,0.0,0,9376444.0,2032135192.01248,0,0,0,0
BDI,2011,0.150057243665302,0.150057243665302,21.527870703391784,6.899380187271614,4.02442793864228,,9.5921660597967,22.975196496836364,-1.1611384,0,0.0,3.0,0,0.0,0,9717978.0,2235812879.56709,0,0,0,0
BDI,2012,0.0259911934949934,0.0259911934949934,21.568018616854605,6.906975042840226,4.42303118490126,,18.1610453065451,22.991978404221296,-1.1869228,0,0.0,4.0,0,0.0,0,10071028.0,2327402362.81574,0,0,0,0
BDI,2013,4.7612156740524,4.7612156740524,21.620016759154808,6.9191217482529845,4.92392485117456,,7.93795807492418,23.023179300542,-0.8972943,0,0.0,5.0,0,0.0,0,10439341.0,2451624637.67157,0,0,0,0
BDI,2014,3.38973967159169,3.38973967159169,21.71867330263637,6.926749809254546,4.24490803087248,,4.40535234185293,23.049945739803064,-0.8758081,0,4.04305126783455,0.0,1,56.0,1,10799785.0,2705826648.21019,0,0,0,0
BDI,2015,0.264702987630016,0.264702987630016,21.75663995088747,6.900011176192558,-0.404525595204191,,5.54468891259779,22.973299844102325,-0.9257032,0,5.225746673713202,0.0,1,185.0,1,11047580.0,2810532912.49975,0,0,0,0
BDI,2016,0.0021047272647444,0.0021047272647444,21.685712074904185,6.914292935717169,3.20017470408993,,5.55768961400965,22.98265315029477,-1.07213089999999,0,0.0,1.0,0,0.0,0,11239451.0,2618093125.14687,0,0,0,0
BDI,2017,2.30701019619549,2.30701019619549,21.7640237784952,6.9283907236757925,3.83185757061784,,16.0525353030392,23.04893738467325,-0.921758299999999,0,0.0,2.0,0,0.0,0,11506762.0,2831362208.34039,0,0,0,0
BDI,2018,0.228727114717487,0.228727114717487,21.79259053682504,6.950245242634886,5.34224473186408,,-2.81469807668465,23.11116175437993,-1.0293582,0,0.0,3.0,0,0.0,0,11859446.0,2913411408.44783,0,0,0,0
BDI,2019,1.05451097508345,1.05451097508345,21.77811964547298,6.961036227656991,4.45934202358784,,-0.686772170797359,23.12805118090327,-0.9766193,0,4.127134385045092,0.0,1,61.0,1,12255336.0,2871555326.31029,0,0,0,0
BDI,2020,0.66481142584294,0.66481142584294,21.882771242719382,6.9350094497037045,0.306443811651718,,7.32110643415521,23.092117254719888,-1.0934389,0,4.941642422609304,0.0,1,139.0,1,12617036.0,3188355943.63513,0,0,0,0
BDI,2021,0.652577753652764,0.652577753652764,21.95440467751133,6.9396247501727455,3.23707479372925,,8.40453845076341,23.22828766644873,-1.1242343,0,3.295836866004329,0.0,1,26.0,1,12965481.0,3425127990.70519,0,0,0,0
BDI,2022,0.627981649090288,0.627981649090288,22.11473099558159,6.935478753770032,2.31770122350822,,18.8008786664945,23.274051927603903,-1.1809945,0,0.0,0.0,1,0.0,1,13321097.0,4020736756.64256,0,0,0,0
BDI,2023,0.9942604776831,0.9942604776831,21.95277725931987,6.940231543055004,3.25476897326196,,26.9414835762453,23.310588455734905,-1.108269,0,4.543294782270004,0.0,1,93.0,1,13689450.0,3419558408.35408,0,0,0,0
BDI,2024,1.0970222856868,1.0970222856868,21.83432693609264,6.954691889221289,4.11227376394912,,20.2124925027847,23.349350807175856,-1.0060869,0,4.110873864173311,0.0,1,60.0,1,14047786.0,3037579858.38142,0,0,0,0
BEL,1996,5.03718760952012,5.03718760952012,26.355199341147944,10.710153676151924,1.32143214432601,119.212775757383,2.07702107350675,23.813235589988444,1.6779564,0,0.0,30.0,0,0.0,0,10156637.0,279201433224.756,0,1,1,0
BEL,1997,4.74788988025515,4.74788988025515,26.2555007124113,10.7449685734764,3.79367165541437,125.68894005618,1.62816049512954,23.764531677751364,,0,0.0,30.0,0,0.0,0,10181245.0,252708051420.839,0,0,0,0
BEL,1998,8.77679407696031,8.77679407696031,26.27827115595366,10.762261662126337,1.96183240455609,124.709122626318,0.94925028835061,23.790810184085743,1.6348533,0,0.0,30.0,0,0.0,0,10203008.0,258528339631.029,0,1,1,0
BEL,1999,46.3484571485071,30.0341103550906,26.27717742291797,10.794783846847931,3.54271798823922,125.169990540949,1.12084823417847,23.79719384082017,,0,0.0,30.0,0,0.0,0,10226419.0,258245733221.468,0,0,0,0
BEL,2000,37.4753122979087,30.0341103550906,26.190449899552704,10.828851674270348,3.71670510672588,142.230135067034,2.544517761909,23.74811486031703,1.7838968,0,0.0,30.0,0,0.0,0,10251250.0,236792460312.471,0,1,1,0
BEL,2001,37.2564694834172,30.0341103550906,26.19025427153817,10.836348182093666,1.09960362419645,139.576839834619,2.46925823086083,23.755340294992862,,0,0.0,30.0,0,0.0,0,10286570.0,236746141604.37,0,0,0,0
BEL,2002,7.01242443993657,7.01242443993657,26.27771113693025,10.848790398509042,1.70689430349601,136.085149488081,1.64521436175361,23.829737946845786,1.9363037,0,0.0,30.0,0,0.0,0,10332785.0,258383599375.177,0,1,1,0
BEL,2003,10.8648744877518,10.8648744877518,26.485576709661785,10.854930037566133,1.03795518162204,132.715552833888,1.58896399970372,24.00223124429653,1.7075541,0,0.0,30.0,0,0.0,0,10376133.0,318082528506.588,0,1,1,0
BEL,2004,12.0521106747569,12.0521106747569,26.63464418830228,10.885691332874456,3.57120671942319,136.918405348432,2.09728311239316,24.137888581206784,1.6404506,0,0.0,30.0,0,0.0,0,10421137.0,369214712443.206,0,1,1,0
BEL,2005,8.72717720186463,8.72717720186463,26.67836397529397,10.903142732165572,2.32173792911834,144.529050669983,2.78143263670029,24.187523724582523,1.6989455,0,0.0,30.0,0,0.0,0,10478617.0,385714762230.039,0,1,1,0
BEL,2006,14.4078713936675,14.4078713936675,26.735169673512768,10.921750274938145,2.55234087322462,149.567509299511,1.79120770070454,24.25616797536688,1.5280568,0,0.0,30.0,0,0.0,0,10547958.0,408259840868.823,0,1,1,0
BEL,2007,20.5026740062328,20.5026740062328,26.877958644075367,10.950516350626238,3.67692462515802,152.468446875303,1.8230563002681,24.393023664906835,1.5124984,0,0.0,30.0,0,0.0,0,10625700.0,470922156309.453,0,1,1,0
BEL,2008,36.8029204549975,30.0341103550906,26.97194310964032,10.947075676922136,0.446905130727231,161.088447790447,4.48944420508404,24.47216117914853,1.5519592,0,0.0,30.0,0,0.0,0,10709973.0,517328087920.078,0,1,1,0
BEL,2009,15.948905674901,15.948905674901,26.907444677935302,10.919781201569007,-1.90644105515335,135.13840572229,-0.0531456741254177,24.37240552962908,1.7446252,0,0.0,30.0,0,0.0,0,10796493.0,485014525992.461,0,1,1,0
BEL,2010,26.0596407490286,26.0596407490286,26.900289410666257,10.937387137673332,2.71031150254662,150.162563621427,2.18929920422458,24.39275433435714,1.659156,0,0.0,30.0,0,0.0,0,10895586.0,481556503720.001,0,1,1,1
BEL,2011,31.0366884311298,30.0341103550906,26.99083946398522,10.94350455732669,1.93115502411325,160.765516888126,3.5320821072274,24.48445739643905,1.7960063,0,0.0,30.0,0,0.0,0,11038264.0,527196649048.639,0,1,1,1
BEL,2012,2.36956900950954,2.36956900950954,26.93469762612501,10.939458632438928,0.215803612089744,160.383301425059,2.83966343445899,24.452191886898063,1.8013661,0,0.0,30.0,0,0.0,0,11106932.0,498414364944.961,0,1,1,1
BEL,2013,-5.65561784857252,-5.087275859003976,26.98494266939089,10.937795519625888,0.305494549070232,157.573622782434,1.1130959402754,24.492243349979823,1.8156516,0,0.0,30.0,0,0.0,0,11159407.0,524097026598.55,0,1,0,0
BEL,2014,-2.82643623555084,-2.82643623555084,27.011101012381896,10.95085758443566,1.76554038149924,158.571610953523,0.340002833356922,24.52628396313828,1.5482903,0,0.0,30.0,0,0.0,0,11209057.0,537987419164.351,0,1,0,0
BEL,2015,-4.23261410354123,-4.23261410354123,26.85676098486929,10.95969716356362,1.47416433731927,155.068682045926,0.561429152790158,24.416223118454496,1.5255063,0,0.0,30.0,0,0.0,0,11274196.0,461044767544.531,0,1,0,0
BEL,2016,12.1319420227113,12.1319420227113,26.885045920193512,10.966498530071364,1.19350273007754,159.057696611945,1.97385264653163,24.420164525329326,1.3520474,0,0.0,30.0,0,0.0,0,11331422.0,474271566739.729,0,1,1,1
BEL,2017,-7.4442379017663,-5.087275859003976,26.939689820354108,10.9772832801517,1.47446761556785,166.904078237791,2.12597086002616,24.47126292570472,1.1503596,0,0.0,30.0,0,0.0,0,11375158.0,500908767351.53,0,1,0,0
BEL,2018,-7.66649538713467,-5.087275859003976,27.019709951201133,10.991336956740849,1.87796847383565,168.277692877218,2.05316499865178,24.54313204887109,1.2308189,0,0.0,30.0,0,0.0,0,11427054.0,542638913427.921,0,1,0,0
BEL,2019,-1.97252997818915,-1.97252997818915,27.00875420083004,11.010067630488708,2.4428900448156,165.46547893199,1.43681956996438,24.537252586263467,1.1205719,0,0.0,30.0,0,0.0,0,11488980.0,536726344405.489,0,1,0,0
BEL,2020,-5.69020542304612,-5.087275859003976,26.99556621218173,10.956641113873024,-4.7929839083518,156.950121282783,0.740791812220344,24.515315119853422,1.1695968,0,0.0,30.0,0,0.0,0,11538604.0,529694473501.791,0,1,0,0
BEL,2021,5.6774240968721,5.6774240968721,27.11772982530592,11.01319166180595,6.25445686466593,177.381912201075,2.44024851144084,24.64384229110305,1.2282716,0,0.0,30.0,0,0.0,0,11586195.0,598522422241.851,0,1,1,1
BEL,2022,2.22097062697703,2.22097062697703,27.10588434712285,11.044567313933994,4.02460852835887,191.053418131592,9.597511728725,24.64388190874454,1.3103839,0,0.0,30.0,0,0.0,0,11680210.0,591474463578.602,0,1,1,1
BEL,2023,-0.652733821591808,-0.652733821591808,27.20143650368124,11.051556608345022,1.56125539542029,165.987440736442,4.04901077613941,24.712106288356736,1.1646047,0,0.0,30.0,0,0.0,0,11779946.0,650779364363.737,0,1,0,0
BEL,2024,-6.1637514992582,-5.087275859003976,27.232009832944577,11.055818739054605,1.09775383828703,159.023481148927,3.14349136500041,24.75994581300205,1.1947395,0,0.0,30.0,0,0.0,0,11858610.0,670983130618.828,0,1,0,0
BEN,1996,-0.620945814843515,-0.620945814843515,21.582400415897485,7.756893006224154,4.32428403131786,56.5177914456367,4.91423972637201,22.317610914553622,-0.7897088,0,0.0,30.0,0,0.0,0,6391858.0,2361116449.39308,0,1,0,0
BEN,1997,0.537109663360586,0.537109663360586,21.54229721505583,7.783134817055216,5.73468837521307,58.7116296113966,3.46629590564776,22.31052317698292,,0,0.0,30.0,0,0.0,0,6583365.0,2268301646.46707,0,0,0,0
BEN,1998,0.46002921041369,0.46002921041369,21.621430351593105,7.791150908424263,3.96101213832645,59.5936252981433,5.75331458417064,22.32501508188264,-0.798836299999999,0,0.0,30.0,0,0.0,0,6789489.0,2455092686.34712,0,1,1,0
BEN,1999,0.253298446675962,0.253298446675962,22.02547018575384,7.81225073692001,5.34144937204417,54.3917891538957,0.326722893396866,22.27356083681943,,0,0.0,30.0,0,0.0,0,7002818.0,3677393998.74486,0,0,0,0
BEN,2000,-0.363490759310418,-0.363490759310418,21.9817243948714,7.838409897989893,5.85771420543269,47.3481515012844,4.16540442290283,22.28391748625685,-0.7956793,0,0.0,30.0,0,0.0,0,7221619.0,3519991440.47913,0,1,0,0
BEN,2001,0.456588183737808,0.456588183737808,22.02242771423592,7.859824210045427,5.33313570603937,48.2571706392197,3.98429547767893,22.28609894155293,,0,0.0,30.0,0,0.0,0,7445596.0,3666222635.13875,0,0,0,0
BEN,2002,-0.462423415216639,-0.462423415216639,22.15700247477148,7.874807795930372,4.64303087074482,43.7684225364311,2.48916235491541,22.34350393642721,-0.6357049,0,0.0,30.0,0,0.0,0,7675426.0,4194342686.2178,0,1,0,0
BEN,2003,0.198870349303422,0.198870349303422,22.40022371430968,7.87817189610339,3.44357677591658,41.6162305574334,1.48724246145442,22.48237643979052,-0.6449496,0,0.0,30.0,0,0.0,0,7913070.0,5349258094.48239,0,1,1,0
BEN,2004,-0.658688596039682,-0.658688596039682,22.546244602898746,7.890898369345708,4.42968455385082,39.9029743365096,0.8738908308685,22.61808232538951,-0.4463045,0,0.0,30.0,0,0.0,0,8159094.0,6190270380.49856,0,1,0,0
BEN,2005,-0.133820369489742,-0.133820369489742,22.605422673366537,7.875678803134358,1.71316456361184,39.0959311879142,5.36452085832342,22.705846705742843,-0.6133987,0,0.0,30.0,0,0.0,0,8426144.0,6567654954.38903,0,1,0,0
BEN,2006,-0.175764667500161,-0.175764667500161,22.674037196134304,7.883151708273145,3.94373882815798,39.7746987128551,3.78217696540375,22.804421804169728,-0.6931451,0,0.0,30.0,0,0.0,0,8693242.0,7034111314.88812,0,1,0,0
BEN,2007,1.70386973478894,1.70386973478894,22.82361826202563,7.91174087264825,5.98634932177609,49.1137841529705,1.29806813334152,22.93804053600854,-0.6041193,0,0.0,30.0,0,0.0,0,8953969.0,8169048382.83875,0,1,1,0
BEN,2008,0.492562990177947,0.492562990177947,23.004395859788733,7.929349631409977,4.89657708429647,47.7753592695169,7.94729876067854,23.04382731075348,-0.5327602,0,0.0,30.0,0,0.0,0,9228466.0,9787734526.23965,0,1,1,0
BEN,2009,-0.193121764606275,-0.193121764606275,22.99936592997595,7.922287320338522,2.31929213912838,44.7026290629806,0.896072355749069,22.968269752021897,-0.4612493,0,0.0,30.0,0,0.0,0,9509423.0,9738626517.00319,0,1,0,0
BEN,2010,0.561144747750256,0.561144747750256,22.97827125948507,7.913365188175909,2.11406472648392,51.4308599492924,2.20783532536524,23.05272204462017,-0.4821387,0,0.0,30.0,0,0.0,0,9797484.0,9535345015.78355,0,1,1,1
BEN,2011,1.50844050539908,1.50844050539908,23.092885211917267,7.912793794794264,2.96375291904201,47.2170288118403,2.7042390774728,23.158882828810825,-0.446753199999999,0,0.0,30.0,0,0.0,0,10093623.0,10693321363.6574,0,1,1,1
BEN,2012,2.52705777310103,2.52705777310103,23.13392997747064,7.930107813661946,4.811223315688,50.7367367791134,6.74468253340712,23.172109383337983,-0.5014158,0,0.0,30.0,0,0.0,0,10397657.0,11141358115.8991,0,1,1,1
BEN,2013,2.87863747120321,2.87863747120321,23.25042107310297,7.97006544778922,7.19143372144946,59.2001918331875,0.428888888888884,23.21390891834268,-0.5198363,0,0.0,30.0,0,0.0,0,10708834.0,12517845123.9315,0,1,1,1
BEN,2014,3.054209933397,3.054209933397,23.30986587521108,8.002152819150366,6.35767909791932,65.2682749404551,-0.548757550948181,23.243672139012965,-0.447104399999999,0,0.0,30.0,0,0.0,0,11030004.0,13284527846.9081,0,1,1,1
BEN,2015,1.31501182124746,1.31501182124746,23.155840143667767,7.990238925349849,1.77815106030278,56.7563131849476,0.218785923536245,23.15330497690028,-0.5410404,0,0.0,30.0,0,0.0,0,11360681.0,11388160996.7738,0,1,1,1
BEN,2016,1.11488130998834,1.11488130998834,23.19314901858009,7.993844080361058,3.33967342629693,58.9869283378276,-0.793310145785624,23.14888886611908,-0.4948066,0,0.0,30.0,0,0.0,0,11697842.0,11821065853.3838,0,1,1,1
BEN,2017,1.58170495191393,1.58170495191393,23.264998202774056,8.020197919184621,5.67156195150444,61.4765969588474,0.0432648555103608,23.202666043911204,-0.46663,0,0.0,30.0,0,0.0,0,12039780.0,12701655836.9467,0,1,1,1
BEN,2018,1.36073573251591,1.36073573251591,23.38089310793688,8.056886733080468,6.69725362180888,61.7951944903448,0.919170717886054,23.26772219715562,-0.362429,0,0.0,30.0,0,0.0,0,12383347.0,14262408089.9261,0,1,1,1
BEN,2019,1.51620780888962,1.51620780888962,23.389916537461065,8.095935443611552,6.86568662848335,63.68133231423,0.732849371241066,23.313161598485173,-0.3133743,0,0.0,30.0,0,0.0,0,12726755.0,14391686313.4641,0,1,1,1
BEN,2020,1.10934414138144,1.10934414138144,23.47608172654694,8.107075192055483,3.84879240030133,44.8332333768726,3.02272119663759,23.271673393071584,-0.1887935,0,0.0,30.0,0,0.0,0,13070169.0,15686741883.934,0,1,1,1
BEN,2021,1.95608661099463,1.95608661099463,23.596130996372715,8.150262588576828,7.1554516457574,48.0548608324409,1.73353962694036,23.39567335085119,-0.2018892,0,0.0,30.0,0,0.0,0,13413417.0,17687623530.3355,0,1,1,1
BEN,2022,2.15770537478617,2.15770537478617,23.58119504100496,8.185440854350675,6.25294705373625,44.3815928877424,1.35077863583527,23.43608022990502,-0.214913499999999,0,3.4339872044851463,0.0,1,30.0,1,13759501.0,17425405090.862,0,1,1,1
BEN,2023,2.25158090881957,2.25158090881957,23.702527766188496,8.221804847959039,6.3527773854442,44.6631308180211,2.73870078406075,23.46192443136253,-0.216367999999999,0,3.367295829986474,0.0,1,28.0,1,14111034.0,19673291004.1444,0,1,1,1
BEN,2024,2.5276563137227,2.5276563137227,23.790511176593952,8.269071744839303,7.45311566226201,40.6398022401523,1.16093089640415,23.47387726366413,-0.1854211,0,4.356708826689592,0.0,1,77.0,1,14462724.0,21482643706.4249,0,1,1,1
BFA,1996,0.627288328664118,0.627288328664118,21.673591008558155,7.155159025769972,11.014743869558,38.1802977691941,6.09780439121741,22.334913189214905,-0.9700687,0,0.0,2.0,0,0.0,0,10655942.0,2586550595.41013,0,1,1,0
BFA,1997,0.398984078044402,0.398984078044402,21.61840202168877,7.190632558104259,6.31683473483768,37.4164187803511,2.31869062176683,22.32247824701873,,0,0.0,3.0,0,0.0,0,10934223.0,2447669101.95178,0,0,0,0
BFA,1998,0.157122759480677,0.157122759480677,21.75463456859405,7.233522641481751,7.30771963496896,40.9397835752562,5.08433344145324,22.335312867233007,-0.9760298,0,0.0,4.0,0,0.0,0,11240664.0,2804902367.14687,0,1,1,0
BFA,1999,0.233833721885331,0.233833721885331,21.943967936795424,7.27556483361686,7.39523780111931,35.2548157814824,-1.07261362759534,22.322413369783632,,0,0.0,5.0,0,0.0,0,11574928.0,3389566712.66037,0,0,0,0
BFA,2000,0.778458188099508,0.778458188099508,21.81127884706486,7.264432027238914,1.88847388906525,35.1229419704263,-0.304212168486803,22.328425248789475,-0.973968,0,0.0,6.0,0,0.0,0,11925546.0,2968370087.59759,0,1,1,0
BFA,2001,0.196436710369704,0.196436710369704,21.88340307329367,7.297961167425015,6.61340574539679,31.6581708148511,5.00743290822373,22.33074818164136,,0,0.0,7.0,0,0.0,0,12295001.0,3190371080.94768,0,0,0,0
BFA,2002,0.414815789165315,0.414815789165315,22.010388840815416,7.309666086504828,4.35296382988099,31.3125228527966,2.17569480664608,22.384954044497448,-1.0826304,0,0.0,8.0,0,0.0,0,12680897.0,3622350062.96053,0,1,1,0
BFA,2003,0.614299394603336,0.614299394603336,22.279465014940488,7.353615475682643,7.80249388870359,30.3682364077323,2.03456574053815,22.52540560036457,-1.0893194,0,0.0,9.0,0,0.0,0,13082532.0,4740768142.67494,0,1,1,0
BFA,2004,0.263190384062024,0.263190384062024,22.41919122105081,7.365974879318991,4.47845213670386,35.4809436017462,-0.400228702115452,22.657737668239616,-0.7835675,0,0.0,10.0,0,0.0,0,13500533.0,5451688537.60959,0,1,1,0
BFA,2005,0.848145874654018,0.848145874654018,22.53912476293949,7.417577658747255,8.66187322841225,34.1721697681049,6.41504018369684,22.738654353242488,-0.7423131,0,5.438079308923196,11.0,0,229.0,0,13932123.0,6146353173.34929,0,1,1,0
BFA,2006,1.28064578676022,1.28064578676022,22.60233688843399,7.447028611669625,6.25316468817478,35.1065423554549,2.3331085637222,22.828069740256304,-0.8342122,0,0.0,12.0,0,0.0,0,14373707.0,6547419820.38113,0,1,1,0
BFA,2007,0.284717939080865,0.284717939080865,22.75479295321153,7.4569919401355715,4.11137901761516,33.7797172895073,-0.230627306273049,22.96015091695888,-0.7284371,0,3.688879454113936,0.0,1,39.0,1,14816307.0,7625722836.76847,0,1,1,0
BFA,2008,0.351169723487995,0.351169723487995,22.9694324706317,7.483990543228632,5.79999174105387,35.3853169801502,10.6597978997424,23.0600490475566,-0.588079799999999,0,4.727387818712341,0.0,1,112.0,1,15258093.0,9451435490.11467,0,1,1,0
BFA,2009,0.599468939611006,0.599468939611006,22.96935431894409,7.483988265490844,2.96195085866692,40.2959836735924,2.60817666368314,22.98595041601788,-0.550792,0,4.844187086458591,0.0,1,126.0,1,15710066.0,9450696873.34326,0,1,1,0
BFA,2010,0.384492219825665,0.384492219825665,23.036753257075528,7.535815234458447,8.44628157707625,49.0732385398039,-0.764230734676768,23.06049048608363,-0.518394,0,3.4011973816621555,1.0,0,29.0,0,16176498.0,10109619740.6994,0,1,1,1
BFA,2011,1.19074493368624,1.19074493368624,23.21484153060684,7.570374486751888,6.62256261306693,57.4972531038508,2.75976724854534,23.163421136280213,-0.5279818,0,0.0,2.0,0,0.0,0,16661908.0,12080295977.5632,0,1,1,1
BFA,2012,2.62145990530181,2.62145990530181,23.25386381928788,7.6027330888545555,6.45267237953146,61.2386079818398,3.8181524025238,23.169484036663512,-0.6191411,0,5.389071729816501,0.0,1,218.0,1,17172287.0,12561015156.5683,0,1,1,1
BFA,2013,3.64766773141753,3.64766773141753,23.3218210974849,7.629034969376735,5.79258484509867,64.0358513024234,0.533738507090536,23.20625727689137,-0.625200099999999,0,6.729824070489475,0.0,1,836.0,1,17695409.0,13444300485.8412,0,1,1,1
BFA,2014,2.56255154786841,2.56255154786841,23.35824458019195,7.641659706518119,4.32684561452976,58.8235624937426,-0.258089517535291,23.233179170718863,-0.5627279,0,5.247024072160486,0.0,1,189.0,1,18229461.0,13943016076.7436,0,1,1,1
BFA,2015,1.95992715697747,1.95992715697747,23.19408702707408,7.650503086588339,3.9212287937935,59.0891813101662,0.724838981070517,23.14613148133701,-0.653111099999999,0,5.153291594497779,0.0,1,172.0,1,18777487.0,11832159315.6298,0,1,1,1
BFA,2016,3.04380349897538,3.04380349897538,23.2753141047904,7.679124644813637,5.95797670754024,57.8931727994406,0.441041448058809,23.150788152505616,-0.524935199999999,0,4.584967478670572,0.0,1,97.0,1,19334856.0,12833363045.3367,0,1,1,1
BFA,2017,0.0182370342122821,0.0182370342122821,23.369933818747885,7.710782264520137,6.20348941121868,59.2687802020168,1.48299897161326,23.20872214460396,-0.510937499999999,0,5.886104031450156,0.0,1,359.0,1,19894407.0,14106955615.3442,0,1,1,1
BFA,2018,1.68919942943091,1.68919942943091,23.488959984968304,7.747767083609054,6.60456906812341,60.5956256236488,1.95594302672532,23.271711590806287,-0.482296399999999,0,6.257667587882639,0.0,1,521.0,1,20438288.0,15890066221.2882,0,1,1,1
BFA,2019,1.0164787373679,1.0164787373679,23.497903303037223,7.779691228568742,5.88920497068135,60.4086928753226,-3.23338933983322,23.295869751141865,-0.627609,0,6.403574197934815,0.0,1,603.0,1,20961952.0,16032813503.3707,0,1,1,1
BFA,2020,-0.557279533533573,-0.557279533533573,23.598242503583144,7.775247168320814,2.01077262406221,60.7397786403239,1.88470066518847,23.25851885166142,-0.6308904,0,6.369900982828227,0.0,1,583.0,1,21478690.0,17725010532.5268,0,1,0,0
BFA,2021,-0.405926078113797,-0.405926078113797,23.703758387806896,7.818603600362044,6.94252492572348,62.4203586607795,3.65326761825509,23.38752486310458,-0.746447899999999,0,6.588926477533519,0.0,1,726.0,1,21995243.0,19697516284.3787,0,1,0,0
BFA,2022,3.59640793567206,3.59640793567206,23.647632143015773,7.811649316136358,1.62673258211919,67.5202901331655,14.2902354303358,23.425964196291584,-0.871408499999999,1,7.273092595999522,0.0,1,1440.0,2,22509038.0,18622421394.6133,0,1,1,1
BFA,2023,0.54430723483886,0.54430723483886,23.72428724690789,7.818513413477029,3.00027415814125,63.1530435873964,0.742910428668918,23.467689246337528,-0.864281,0,7.122059881629142,0.0,1,1238.0,1,23025776.0,20106062971.6533,0,1,1,1
BFA,2024,-0.874048616893636,-0.874048616893636,23.864677936122803,7.84326120173373,4.83395810163883,60.492898852298,4.19081721344523,23.49841759322089,-0.8748674,0,6.919683849847411,0.0,1,1011.0,1,23548781.0,23136514855.7646,0,1,0,0
BGD,1996,0.0291349551912919,0.0291349551912919,24.56139435128769,7.788851063939297,4.52291921684423,26.0760877233809,2.37712902953223,22.291227478968253,-0.81117,0,0.0,5.0,0,0.0,0,124862179.0,46438484107.5795,0,1,1,0
BGD,1997,0.288896567530213,0.288896567530213,24.59954371235539,7.814236351502481,4.4898964976265,26.3255133900833,5.30560105668802,22.274926027908297,,0,0.0,6.0,0,0.0,0,127198069.0,48244309133.4895,0,0,0,0
BGD,1998,0.380236166897954,0.380236166897954,24.634979984110064,7.845831452324715,5.1770268731498,27.8800634028394,8.40223795613228,22.24261789558286,-0.5448568,0,0.0,7.0,0,0.0,0,129622332.0,49984559471.3656,0,1,1,0
BGD,1999,0.350304290993083,0.350304290993083,24.66038273802113,7.8724801261150255,4.67015636882111,28.3879405571158,6.10669589841958,22.291862027612247,,0,0.0,8.0,0,0.0,0,132108065.0,51270569883.5275,0,0,0,0
BGD,2000,0.525362089236087,0.525362089236087,24.700510642248247,7.905786398682339,5.29329471892532,29.3217143619038,2.20825620937535,22.33330503803471,-0.8710785,0,0.0,9.0,0,0.0,0,134544304.0,53369787318.6245,0,1,1,0
BGD,2001,0.145443904569924,0.145443904569924,24.712088571321484,7.938643433657343,5.07728777526728,32.0980170730117,2.0071737421384,22.32072166127052,,0,0.0,10.0,0,0.0,0,136805810.0,53991289844.3291,0,0,0,0
BGD,2002,0.0955793676464671,0.0955793676464671,24.725569696121475,7.9608242170230525,3.83312393993225,28.9673807211649,3.33256493271913,22.36526331386807,-0.8543124,0,0.0,11.0,0,0.0,0,138933658.0,54724081490.5102,0,1,1,0
BGD,2003,0.44596078329809,0.44596078329809,24.82025571703224,7.99257793659634,4.73956739963045,27.657884900158,5.66870773441476,22.48998945755386,-1.0668967,0,0.0,12.0,0,0.0,0,140970351.0,60158929188.2556,0,1,1,0
BGD,2004,0.689472335587339,0.689472335587339,24.899321625629188,8.030031289372793,5.23953291029852,26.8582341492431,7.5875363850469,22.618388508647467,-0.906057,0,0.0,13.0,0,0.0,0,142902856.0,65108544250.0425,0,1,1,0
BGD,2005,1.17065167448603,1.17065167448603,24.964247223977704,8.080736891126731,6.53594493875502,34.396934864465,7.04661816222039,22.70636669545964,-0.894647,0,4.143134726391533,0.0,1,62.0,1,144715786.0,69476001239.419,0,1,1,0
BGD,2006,0.635863899506714,0.635863899506714,24.99709092644833,8.133712842790475,6.67190498576788,38.1119244325921,6.76526117054757,22.79910635389478,-0.943966099999999,0,4.060443010546419,0.0,1,57.0,1,146405973.0,71795736172.1561,0,1,1,0
BGD,2007,0.817756922700044,0.817756922700044,25.10042621274709,8.191162573554758,7.05859935449848,39.9423826531735,9.10698496905383,22.944018590564863,-0.8728241,0,0.0,1.0,0,0.0,0,147989278.0,79611644974.5571,0,1,1,0
BGD,2008,1.4496579161576,1.4496579161576,25.24110092851016,8.23957715960761,6.01378975738535,42.6209140325589,8.90194489465154,23.055652402694363,-0.844899,0,0.0,2.0,0,0.0,0,149474264.0,91636997370.9772,0,1,1,0
BGD,2009,0.879517142536145,0.879517142536145,25.352886247038946,8.279478066534402,5.04512479919337,40.092796223023,5.42347236174679,23.0292684365226,-0.8145983,0,0.0,3.0,0,0.0,0,150873714.0,102475158190.998,0,1,1,0
BGD,2010,1.06896766308322,1.06896766308322,25.470591099923126,8.324933753447219,5.57178818533122,37.8028426708321,8.12667639169917,23.15152850288295,-0.807076799999999,0,0.0,4.0,0,0.0,0,152201981.0,115275540051.262,0,1,1,1
BGD,2011,0.983399364184761,0.983399364184761,25.58003082987508,8.37848876939571,6.46437912497728,47.4208498356898,11.3951651552399,23.27848211749805,-0.8372577,0,0.0,5.0,0,0.0,0,153591076.0,128607482310.357,0,1,1,1
BGD,2012,1.18850391920183,1.18850391920183,25.6159486880638,8.432081480016596,6.52145877906443,48.1109227490467,6.21750422069284,23.315212653965848,-0.7988014,0,0.0,6.0,0,0.0,0,155070101.0,133310747603.483,0,1,1,1
BGD,2013,1.73532012481503,1.73532012481503,25.73389418057976,8.481094651669922,6.01360565834344,46.2964027228174,7.53040640913172,23.34761316317029,-0.773905699999999,0,0.0,7.0,0,0.0,0,156532141.0,149998957434.186,0,1,1,1
BGD,2014,1.46870305074204,1.46870305074204,25.87590179259345,8.530827748300487,6.0610593588495,44.5140801968096,6.99163889220849,23.38456333652334,-0.6851605,0,0.0,8.0,0,0.0,0,157964929.0,172886611653.786,0,1,1,1
BGD,2015,1.4507824552936,1.4507824552936,25.997016953932853,8.585358502728898,6.55263987816197,42.0859963070382,6.19428022984984,23.34786903695322,-0.6547007,0,0.0,9.0,0,0.0,0,159383179.0,195146608978.131,0,1,1,1
BGD,2016,0.879528340271998,0.879528340271998,26.303842533199152,8.645152809106717,7.11347821270093,31.3341501346142,5.51352572692995,23.374075806434025,-0.5337691,0,3.737669618283368,0.0,1,41.0,1,160811932.0,265224515675.034,0,1,1,1
BGD,2017,0.616341784631384,0.616341784631384,26.40593514444772,8.700465494076488,6.59024999794057,29.9997306724343,5.70207015717239,23.448988931708254,-0.573203,0,3.871201010907891,0.0,1,47.0,1,162186147.0,293732446624.596,0,1,1,1
BGD,2018,0.75354913412869,0.75354913412869,26.49583639194016,8.762895308582543,7.31941263014136,32.5146317240884,5.54362139486476,23.51874569522804,-0.6193938,0,0.0,1.0,0,0.0,0,163523103.0,321362752441.78,0,1,1,1
BGD,2019,0.543244141585063,0.543244141585063,26.584711827344105,8.830298260796813,7.88191515117722,31.5780544912404,5.59199639930629,23.53915178986283,-0.5970582,0,0.0,2.0,0,0.0,0,164913055.0,351231654603.692,0,1,1,1
BGD,2020,0.407859894856915,0.407859894856915,26.6474666659042,8.855834207102255,3.44801755122445,26.271447376215,5.69107474746211,23.517254980632494,-0.7213698,0,5.14166355650266,3.0,0,170.0,0,166298024.0,373979442362.193,0,1,1,1
BGD,2021,0.414118154040593,0.414118154040593,26.754603883882176,8.914769819063883,6.93867912442445,27.7240047036631,5.54565430773473,23.66094076601832,-0.563899399999999,0,0.0,4.0,0,0.0,0,167658854.0,416271647911.014,0,1,1,1
BGD,2022,0.347960024540439,0.347960024540439,26.854778566074472,8.97311867332107,7.09982877575158,33.7799672705735,7.69695437176898,23.686757540369417,-0.62345,0,4.90527477843843,5.0,0,134.0,0,169384897.0,460131689083.083,0,1,1,1
BGD,2023,0.335721505298968,0.335721505298968,26.80414899948617,9.017046598742208,5.77511237007889,30.9829714104596,9.8835030377921,23.716902262205338,-0.5574534,0,0.0,6.0,0,0.0,0,171466990.0,437415333018.291,0,1,1,1
BGD,2024,0.283870773350074,0.283870773350074,26.832778789094657,9.046265521673549,4.22325911250161,26.7780758040478,10.4657482763412,23.75681996856144,-0.618974599999999,0,6.246106765481563,7.0,0,515.0,0,173562364.0,450119432068.852,0,1,1,1
BGR,1996,0.886496780882187,0.886496780882187,23.232506410922543,9.573090828356932,5.20547920578709,85.8207260168869,121.60754244925,23.01946945201489,-0.603166499999999,0,0.0,30.0,0,0.0,0,8362826.0,12295588923.8007,0,1,1,0
BGR,1997,4.46066180037385,4.46066180037385,23.149545914421424,9.42701341654373,-14.1153771596692,86.4637363337509,1058.37355921973,22.98616840303396,,0,0.0,30.0,0,0.0,0,8312068.0,11316706412.4362,0,0,0,0
BGR,1998,3.57453184133774,3.57453184133774,23.43343524348956,9.470877352798746,3.7891144939896,77.0452015666429,18.6722044420641,22.99717110194541,-0.3071658,0,0.0,30.0,0,0.0,0,8256786.0,15031821788.158,0,1,1,0
BGR,1999,6.00381677294921,6.00381677294921,23.336110735367,9.388787630085584,-8.39608774026568,90.0749813655593,2.57304281890212,23.00181035130317,,0,0.0,30.0,0,0.0,0,8210624.0,13637793853.9432,0,0,0,0
BGR,2000,7.56041990720244,7.56041990720244,23.30701200336648,9.438577825594695,4.58722553234129,77.7456854212701,10.3162621289989,22.983394146889985,-0.3193332,0,0.0,30.0,0,0.0,0,8170172.0,13246669553.9701,0,1,1,0
BGR,2001,5.73133418235157,5.73133418235157,23.37539241346849,9.49600825145723,3.82370222571771,79.0813824014922,7.36093927231841,22.982267795593646,,0,0.0,30.0,0,0.0,0,8009142.0,14184170318.951,0,0,0,0
BGR,2002,5.51491322727398,5.51491322727398,23.520783776892905,9.574775222086537,5.87193134676191,75.269621415721,5.81014365721826,23.05115724734665,-0.0419982,0,0.0,30.0,0,0.0,0,7837161.0,16403880782.9964,0,1,1,0
BGR,2003,9.91575177653408,9.91575177653408,23.77471842557028,9.633742574165868,5.23715282493174,79.0138894271643,2.34864169582758,23.217266365315027,-0.0474568,0,0.0,30.0,0,0.0,0,7775327.0,21146038619.2612,0,1,1,0
BGR,2004,11.7456390264716,11.7456390264716,23.987462146673163,9.704363217289304,6.5104241389717,93.0639046910296,6.14713074246267,23.35900904867317,-0.0150204,0,0.0,30.0,0,0.0,0,7716860.0,26159078743.1056,0,1,1,0
BGR,2005,13.7197787160527,13.7197787160527,24.12012657645116,9.780078129286052,7.05634916258309,99.714224874021,5.0388380711191,23.432300083047547,-0.0613292999999999,0,0.0,30.0,0,0.0,0,7658972.0,29870182424.913,0,1,1,0
BGR,2006,22.9027065931613,22.9027065931613,24.260807602770647,9.853485204193415,6.80259262432862,111.047459756649,7.26159462769947,23.51392892770655,-0.1664398,0,0.0,30.0,0,0.0,0,7601022.0,34382295487.2238,0,1,1,0
BGR,2007,31.2270329208635,30.0341103550906,24.51726001532262,9.925261402076416,6.65438512368812,123.532578691039,8.40253419005893,23.6582377407661,-0.1576116,0,0.0,30.0,0,0.0,0,7545338.0,44433521724.8301,0,1,1,0
BGR,2008,18.8987994198003,18.8987994198003,24.721163085113428,9.991771044689036,6.12955885899744,124.68876138203,12.3487195994021,23.76307814303724,-0.2498712,0,0.0,30.0,0,0.0,0,7492561.0,54483464293.1671,0,1,1,0
BGR,2009,7.48977436208207,7.48977436208207,24.67501829705196,9.964169436933275,-3.34714308501542,92.6926410550003,2.75320223914819,23.67033587679373,-0.0587278,0,0.0,30.0,0,0.0,0,7444443.0,52026461289.6618,0,1,1,0
BGR,2010,3.63551033232729,3.63551033232729,24.649026945621426,9.986186100146838,1.55536266288017,103.380518426721,2.43899060504117,23.724072544638062,-0.2958077,0,0.0,30.0,0,0.0,0,7395599.0,50691645231.0083,0,1,1,1
BGR,2011,3.64711376075685,3.64711376075685,24.77824990524104,10.01328470434953,2.09017598337418,117.418101416931,4.21990346601872,23.82526220400624,-0.280549799999999,0,0.0,30.0,0,0.0,0,7348328.0,57684243980.4624,0,1,1,1
BGR,2012,3.29303083433452,3.29303083433452,24.71778685209596,10.02653715889254,0.748814556346105,123.97132336227,2.95456829831012,23.81340465795483,-0.202198,0,0.0,30.0,0,0.0,0,7305888.0,54299825600.0647,0,1,1,1
BGR,2013,3.56317557891608,3.56317557891608,24.7454359694094,10.041264761406437,-0.542753400392826,129.688685003845,0.890093540913096,23.849121643888893,-0.1532468,0,0.0,30.0,0,0.0,0,7160005.0,55822115861.1854,0,1,1,1
BGR,2014,1.91577938000482,1.91577938000482,24.76778650257853,10.062859563256891,0.949449772002041,130.248372124871,-1.4181838026484,23.868198257658022,-0.1542943,0,0.0,30.0,0,0.0,0,7073572.0,57083817239.8145,0,1,1,1
BGR,2015,4.37552708346678,4.37552708346678,24.65054216023576,10.108982229903337,3.39755351999294,126.736652288689,-0.104633261008479,23.76335037945322,-0.109724499999999,0,0.0,30.0,0,0.0,0,6984225.0,50768512172.9373,0,1,1,1
BGR,2016,2.759819403762,2.759819403762,24.71099265192515,10.151781929117352,3.02662820096305,122.805519071127,-0.798649886453617,23.77428336651881,-0.0689038999999999,0,0.0,30.0,0,0.0,0,6894139.0,53932152153.5457,0,1,1,1
BGR,2017,3.39237322223916,3.39237322223916,24.80369183456242,10.192110107666725,2.74592737750996,129.634433774038,2.06159619443141,23.831349235102174,-0.0494362,0,0.0,30.0,0,0.0,0,6803468.0,59170671046.4798,0,1,1,1
BGR,2018,2.73803840992463,2.73803840992463,24.914443761926144,10.22885888920887,2.33015054210419,129.166502231244,2.81454473824838,23.89361387695009,-0.0244659,0,0.0,30.0,0,0.0,0,6710798.0,66100606676.6544,0,1,1,1
BGR,2019,3.24216894514095,3.24216894514095,24.950263590071,10.280207499149832,3.79331964589196,125.260415075086,3.10372944796771,23.89614115883165,0.0359426,0,0.0,30.0,0,0.0,0,6616726.0,68511235459.4907,0,1,1,1
BGR,2020,3.97413959442467,3.97413959442467,24.978743475063283,10.258403168453594,-3.13323543125917,110.423903082333,1.67244096855756,23.86403325759982,-0.0577385999999999,0,0.0,30.0,0,0.0,0,6550696.0,70490478088.1395,0,1,1,1
BGR,2021,2.52871196630769,2.52871196630769,25.15858351598754,10.340418479096751,7.82817310703665,121.214091012604,3.29774435299506,23.998865985492262,-0.0148069999999999,0,0.0,30.0,0,0.0,0,6507301.0,84378926047.3002,0,1,1,1
BGR,2022,5.24634717472155,5.24634717472155,25.22873484936595,10.386952013072175,4.08386398118941,138.844872770267,15.3252589264367,24.02488731068124,-0.0737381,0,0.0,30.0,0,0.0,0,6465097.0,90510784777.6397,0,1,1,1
BGR,2023,5.05862477510411,5.05862477510411,25.35024112760862,10.406493088242923,1.68151075832925,119.899505851916,9.44284140088564,24.08556986321011,0.1061571,0,0.0,30.0,0,0.0,0,6446596.0,102204457334.822,0,1,1,1
BGR,2024,2.69152439380972,2.69152439380972,25.45373870762381,10.44060606953679,3.38708962009333,110.226317731322,2.44651943006079,24.13530546549272,0.0428203,0,0.0,30.0,0,0.0,0,6441421.0,113349149166.793,0,1,1,1
BHR,1996,29.5200728353759,29.5200728353759,22.660303420275635,10.902084975750526,4.11000631738246,144.333450490306,-0.452227382530348,22.442518775671672,0.4726212,0,0.0,30.0,0,0.0,0,573792.0,6938166755.31915,0,1,1,0
BHR,1997,4.56109666228573,4.56109666228573,22.700038752243213,10.906191826336432,3.09299923370425,130.672449001883,2.43155133955926,22.433871217425363,,0,0.0,30.0,0,0.0,0,589115.0,7219407712.76596,0,0,0,0
BHR,1998,2.55221911292717,2.55221911292717,22.67363873347897,10.926634166000197,4.79000359326143,113.001418957352,-0.366533864541774,22.42002286816428,0.4684191,0,0.0,30.0,0,0.0,0,604842.0,7031309042.55319,0,1,1,0
BHR,1999,6.02696018271828,6.02696018271828,22.74195755781583,10.942389223672867,4.29999824426375,124.735737154328,-1.2875879718491,22.45156795917857,,0,0.0,30.0,0,0.0,0,620989.0,7528469148.93617,0,0,0,0
BHR,2000,4.01154558234918,4.01154558234918,22.927454876701248,10.967663588122155,5.30006940305884,135.809135327865,-0.70485295309079,22.490504305411665,0.4698725,0,0.0,30.0,0,0.0,0,637582.0,9062898936.17021,0,1,1,0
BHR,2001,0.895243944446186,0.895243944446186,22.917842111568223,10.95571899902434,2.49094875338352,127.026266277537,-1.20757180156659,22.48382317892686,,0,0.0,30.0,0,0.0,0,661316.0,8976196808.51064,0,0,0,0
BHR,2002,2.26180894388216,2.26180894388216,22.984352731668665,10.916844324608714,3.34855067103268,131.133634216392,-0.495540138751154,22.53530585612168,0.3820288,0,0.0,30.0,0,0.0,0,710553.0,9593510638.29787,0,1,1,0
BHR,2003,4.66554367760963,4.66554367760963,23.127939342784828,10.904705223660928,6.29644129075703,128.091582155216,1.59362549800787,22.67581543657494,0.3777992,0,0.0,30.0,0,0.0,0,764517.0,11074813829.7872,0,1,1,0
BHR,2004,6.58021002500264,6.58021002500264,23.29969973043709,10.897574030580587,6.98096175867695,140.737310039923,2.35294117647062,22.820940818715293,0.3772643,0,0.0,30.0,0,0.0,0,823741.0,13150159574.4681,0,1,1,0
BHR,2005,6.56659445840223,6.56659445840223,23.493897858862056,10.887030611871198,6.76899737789502,148.313525108923,2.58620689655173,22.92941542190668,0.2695948,0,0.0,30.0,0,0.0,0,888822.0,15968723404.2553,0,1,1,0
BHR,2006,15.7508650085886,15.7508650085886,23.64129386772643,10.87221763622009,6.4669995195042,147.104181068989,2.00746965452849,23.039536971193943,0.2778683,0,0.0,30.0,0,0.0,0,960424.0,18504760638.2979,0,1,1,0
BHR,2007,8.08243218951671,8.08243218951671,23.80195963121475,10.872973819568072,8.29396129093843,137.785050572304,3.25666666666703,23.189859831099987,0.3484973,0,0.0,30.0,0,0.0,0,1039295.0,21730000000.0,0,1,1,0
BHR,2008,6.97757782740497,6.97757782740497,23.97018102895224,10.873610761309184,6.24501094995797,145.882511145821,3.52600316363721,23.327426684456626,0.3002283,0,0.0,30.0,0,0.0,0,1103496.0,25710904255.3191,0,1,1,0
BHR,2009,1.12105291032725,1.12105291032725,23.85607026843385,10.833005433672998,2.53988570158225,117.963725409489,2.79551283550412,23.24112414606392,0.3685138,0,0.0,30.0,0,0.0,0,1178415.0,22938218085.1064,0,1,1,0
BHR,2010,0.581105356633959,0.581105356633959,24.011890984708693,10.833776805678164,4.3342989754845,115.561486449616,1.96188468334623,23.35275327149077,0.3995029,0,0.0,30.0,0,0.0,0,1228543.0,26805984042.5532,0,1,1,1
BHR,2011,2.61026038592024,2.61026038592024,24.121615195206136,10.880540843371984,1.92815791170796,167.529641035854,-0.40004069748808,23.49723360323432,0.4333329,0,0.0,30.0,0,0.0,0,1195020.0,29914680851.0638,0,1,1,1
BHR,2012,4.83265436536461,4.83265436536461,24.187857468295924,10.90626493584598,3.80302899043062,178.824020821684,2.75739669962979,23.53016953320715,0.3354941,0,0.0,30.0,0,0.0,0,1208964.0,31963404255.3191,0,1,1,1
BHR,2013,11.0211306090707,11.0211306090707,24.24441647446475,10.921908798491078,5.29262224906203,184.58950884485,3.30001156888442,23.55790618917776,0.3589139,0,0.0,30.0,0,0.0,0,1253191.0,33823324468.0851,0,1,1,1
BHR,2014,4.36728984042946,4.36728984042946,24.27209344629521,10.916284456861336,4.30885692657077,168.57585814186,2.64755321246189,23.58064252419226,0.4256973,0,0.0,30.0,0,0.0,0,1314562.0,34772526595.7447,0,1,1,1
BHR,2015,0.199529633421541,0.199529633421541,24.205222527072888,10.899511648595388,2.50787205267615,147.916060172904,1.84862742374977,23.48184382247991,0.44791,0,0.0,30.0,0,0.0,0,1370322.0,32523297872.3404,0,1,1,1
BHR,2016,0.718174283238518,0.718174283238518,24.24622885689972,10.898720236757532,3.81499327422425,132.822997902774,2.78679347602044,23.491764348095128,0.4226535,0,0.0,30.0,0,0.0,0,1423726.0,33884680851.0638,0,1,1,1
BHR,2017,3.83300891199591,3.83300891199591,24.33970399388007,10.894139188097672,4.95383534123657,136.429239810394,1.38671830576406,23.55729371601951,0.4227562,0,0.0,30.0,0,0.0,0,1501116.0,37204813829.7872,0,1,1,1
BHR,2018,4.18079308703845,4.18079308703845,24.40128601000304,10.913142434492574,2.05258864979861,144.075372574535,2.08766938046978,23.627938531070228,0.4181683,0,0.0,30.0,0,0.0,0,1503091.0,39567978723.4043,0,1,1,1
BHR,2019,2.32837980010521,2.32837980010521,24.423253577724783,10.946410280489888,2.05287774418655,135.417543398211,1.00582004702137,23.633361671289546,0.4361988,0,0.0,30.0,0,0.0,0,1483756.0,40446808510.6383,0,1,1,1
BHR,2020,2.84973228101032,2.84973228101032,24.30226437875169,10.893293492871551,-5.9113629524152,135.460985012931,-2.31770629331379,23.572326395584483,0.4205912,0,0.0,30.0,0,0.0,0,1472204.0,35837632978.7234,0,1,1,1
BHR,2021,4.3566259787756,4.3566259787756,24.43293303997361,10.914264047923288,4.35004091668986,153.799316485108,-0.60631938514085,23.72803036609089,0.7183116,0,0.0,30.0,0,0.0,0,1504365.0,40840212765.9574,0,1,1,1
BHR,2022,4.20018456310523,4.20018456310523,24.56181863734424,10.960808951718148,6.18016125475185,167.141241152535,3.62574104304482,23.8053646648754,0.7297568,0,0.0,30.0,0,0.0,0,1524693.0,46458191489.3617,0,1,1,1
BHR,2023,15.6428756083644,15.6428756083644,24.556078102349726,10.965088375706042,3.87811614845566,157.447854682297,0.0746206782192256,23.82630394374863,0.7325207,0,0.0,30.0,0,0.0,0,1577059.0,46192260638.2979,0,1,1,1
BHR,2024,5.72467195311559,5.72467195311559,24.577887091671524,10.986312234133646,2.89710543153512,157.480869430187,0.919635459817651,23.867042953605605,0.6002525,0,0.0,30.0,0,0.0,0,1588670.0,47210732712.766,0,1,1,1
BIH,1996,,,21.747888979808977,8.427045846158142,54.199300436288,107.500043530726,,23.292803920957965,-1.36183379999999,0,0.0,30.0,0,0.0,0,3875246.0,2786045321.63743,0,0,0,0
BIH,1997,,,22.02397771055788,8.703002033444207,36.6411285333574,100.630964756317,,23.24806181493492,,0,0.0,30.0,0,0.0,0,4018227.0,3671909673.04401,0,0,0,0
BIH,1998,1.62108640132628,1.62108640132628,22.13833575690685,8.839174809817159,16.6163750921985,125.666609057011,,23.26491640677277,-1.36739599999999,0,0.0,30.0,0,0.0,0,4089356.0,4116774300.60671,0,0,0,0
BIH,1999,3.7723201862043,3.7723201862043,22.2678998838256,8.920162385903037,9.52156995576404,121.820541564193,,23.267186917168107,,0,0.0,30.0,0,0.0,0,4130305.0,4686256363.04707,0,0,0,0
BIH,2000,2.62359146003392,2.62359146003392,22.440260948946754,8.965781881557339,5.41431598814764,85.3577431341788,,23.23118079147737,-1.4050976,0,0.0,30.0,0,0.0,0,4159771.0,5567772768.81188,0,0,0,0
BIH,2001,2.04280429156892,2.04280429156892,22.481229847967388,8.985009286491554,2.42331312996704,86.0357340130948,,23.23777494270088,,0,0.0,30.0,0,0.0,0,4179438.0,5800615374.76094,0,0,0,0
BIH,2002,3.97979747748747,3.97979747748747,22.629576604333906,9.032013811273847,5.027444647203,78.7274783626,,23.310588856319256,-1.34734279999999,0,0.0,30.0,0,0.0,0,4188002.0,6728220982.88398,0,0,0,0
BIH,2003,4.49216828974651,4.49216828974651,22.86320191661583,9.072222100348778,3.86713552011777,80.5694572639365,,23.48323662059201,-1.35360939999999,0,0.0,30.0,0,0.0,0,4178523.0,8498894359.38629,0,0,0,0
BIH,2004,8.75886067110945,8.75886067110945,23.041383790130105,9.142578545178964,6.32526794858342,81.8126861817184,,23.622101937026173,-0.7838016,0,0.0,30.0,0,0.0,0,4140987.0,10156541220.9704,0,0,0,0
BIH,2005,5.55844401745043,5.55844401745043,23.141212933844702,9.191613069695348,3.89718320544974,84.3554628217984,,23.68455824491444,-0.7211271,0,0.0,30.0,0,0.0,0,4096493.0,11222796336.5426,0,0,0,0
BIH,2006,6.57577358932059,6.57577358932059,23.277763993910813,9.252481048191155,5.41400299607282,79.8299477752016,6.12556615620285,23.759472595381432,-0.6810722,0,0.0,30.0,0,0.0,0,4063272.0,12864841905.9543,0,1,1,0
BIH,2007,11.6737641903938,11.6737641903938,23.481928937764188,9.321763804444622,5.85911689412598,83.551858889163,1.50077710611542,23.900957819861613,-0.7722494,0,0.0,30.0,0,0.0,0,4013424.0,15778734264.3787,0,1,1,0
BIH,2008,5.25748627826673,5.25748627826673,23.673623927930343,9.391304337928384,5.44184730165964,86.1628798430504,7.42704310332953,24.00109137646152,-0.688449099999999,0,0.0,30.0,0,0.0,0,3947544.0,19112796623.1175,0,1,1,0
BIH,2009,0.786371182353603,0.786371182353603,23.591956987080778,9.37811074993636,-3.0044555389081,73.7474942255023,-0.381464282453057,23.908756505640657,-0.680474199999999,0,0.0,30.0,0,0.0,0,3879794.0,17613949091.2294,0,1,1,0
BIH,2010,2.58402449142469,2.58402449142469,23.566797283691184,9.404496761366689,0.865667236280544,80.9682159626823,1.99621236745887,23.944492302797794,-0.708598699999999,0,0.0,30.0,0,0.0,0,3811472.0,17176315803.7298,0,1,1,1
BIH,2011,2.52952738058176,2.52952738058176,23.64880274150532,9.43249535935033,0.959511709726897,87.8363477136556,3.67125,24.042004182987405,-0.7322155,0,0.0,30.0,0,0.0,0,3741798.0,18644233537.1093,0,1,1,1
BIH,2012,2.27539881306156,2.27539881306156,23.56972843226219,9.443586822605416,-0.821837252962993,88.1451088628529,2.05267452001717,24.015876958318422,-0.5915425,0,0.0,30.0,0,0.0,0,3670113.0,17226735995.6905,0,1,1,1
BIH,2013,1.72337931811156,1.72337931811156,23.62353892611185,9.483090326082266,2.34985873172397,87.9312380280562,-0.0930456838317588,24.05205092008904,-0.5381602,0,0.0,30.0,0,0.0,0,3610859.0,18179109209.3892,0,1,1,1
BIH,2014,2.93590253684149,2.93590253684149,23.64420635654452,9.507392352641368,1.15384793371298,90.5522780395662,-0.897194054194333,24.07465613680162,-0.237929199999999,0,0.0,30.0,0,0.0,0,3564829.0,18558734107.1478,0,1,1,1
BIH,2015,2.33529310215055,2.33529310215055,23.520812280601174,9.562411032718614,4.28413016137854,88.291992587588,-1.03602303425474,23.96333966524616,-0.4626996,0,0.0,30.0,0,0.0,0,3518541.0,16404348361.0926,0,1,1,1
BIH,2016,1.82975695066218,1.82975695066218,23.563333667820057,9.607345872344196,3.24225822231566,88.2440340022738,-1.58400833333336,23.97526499132304,-0.4139216,0,0.0,30.0,0,0.0,0,3473003.0,17116926553.8513,0,1,1,1
BIH,2017,2.77975922538249,2.77975922538249,23.631607014278,9.652115470362478,3.24409895306594,96.6458803566861,0.810039425333895,24.032288524705464,-0.4707049,0,0.0,30.0,0,0.0,0,3428682.0,18326373135.6099,0,1,1,1
BIH,2018,2.93781298692857,2.93781298692857,23.742912763637527,9.70192199491473,3.82900399349064,98.4320694182631,1.41710814018034,24.100192780969724,-0.6666,0,0.0,30.0,0,0.0,0,3387000.0,20484058033.1144,0,1,1,1
BIH,2019,2.18661375097898,2.18661375097898,23.742842020817136,9.742690504339771,2.88585242083978,94.516125154246,0.56278215406123,24.09810837928761,-0.7937191,0,0.0,30.0,0,0.0,0,3345533.0,20482608984.3316,0,1,1,1
BIH,2020,2.38939027026416,2.38939027026416,23.730236639483778,9.725976530058183,-3.01509335460439,82.5216467994007,-1.0512960076349,24.06829504013256,-0.7051218,0,0.0,30.0,0,0.0,0,3299349.0,20226038369.9191,0,1,1,1
BIH,2021,3.24230818475028,3.24230818475028,23.88758883444361,9.81392719316126,7.39164256472846,96.7391144408744,1.98163900587622,24.20003656161512,-0.8403621,0,0.0,30.0,0,0.0,0,3244907.0,23672712121.2671,0,1,1,1
BIH,2022,3.78827280691079,3.78827280691079,23.923352796843773,9.86776280932724,4.22681333390325,110.205283719751,14.0208440826771,24.214033405013907,-0.7459726,0,0.0,30.0,0,0.0,0,3204802.0,24534663636.1778,0,1,1,1
BIH,2023,4.0920266922729,4.0920266922729,24.040804814061005,9.89368557707921,1.99439414850893,99.6330317954442,6.1059011284828,24.281336479911424,-0.6453703,0,0.0,30.0,0,0.0,0,3185073.0,27592361498.4057,0,1,1,1
BIH,2024,3.3761353835982,3.3761353835982,24.115670109052463,9.932002098308402,3.22679979810856,94.7601778509961,,24.32698350375208,-0.6353163,0,0.0,30.0,0,0.0,0,3164253.0,29737363103.0492,0,0,0,0
BLR,1996,0.720667909896663,0.720667909896663,23.39744465969881,9.025799141550436,2.80000456599095,96.7748997857579,52.7120767531954,23.02530732725392,-0.7897088,0,0.0,30.0,0,0.0,0,10159569.0,14500437519.8258,0,1,1,0
BLR,1997,2.48860300411635,2.48860300411635,23.37145339925357,9.13791237597028,11.4000054007553,125.516179156558,63.937366335748,22.99049739407232,,0,0.0,30.0,0,0.0,0,10117433.0,14128408565.7064,0,0,0,0
BLR,1998,1.33490888841733,1.33490888841733,23.44600841851004,9.223074551745151,8.3999913697987,122.957697735989,72.8697170535353,22.99790542590701,-0.9760298,0,0.0,30.0,0,0.0,0,10071963.0,15222012660.4232,0,1,1,0
BLR,1999,3.65778714528179,3.65778714528179,23.21964694693296,9.261009618568105,3.3999992040046,120.835117829629,293.678750889773,23.00447841583828,,0,0.0,30.0,0,0.0,0,10026738.0,12138486532.0203,0,0,0,0
BLR,2000,0.932726194574,0.932726194574,23.267765739852145,9.322101296303924,5.80000327485702,141.609165955024,168.620235850933,22.987830354382783,-1.3091068,0,0.0,30.0,0,0.0,0,9979610.0,12736856827.9847,0,1,1,0
BLR,2001,0.775405864952368,0.775405864952368,23.237312118926504,9.373401566454543,4.72530605111095,137.044930473063,61.1349331618477,22.992892899527032,,0,0.0,30.0,0,0.0,0,9928549.0,12354820143.8849,0,0,0,0
BLR,2002,1.69305705420781,1.69305705420781,23.403938054300085,9.428988414222085,5.04526758311702,131.002058282291,42.5375481348794,23.05938285254821,-1.4137281,0,0.0,30.0,0,0.0,0,9865548.0,14594900944.7658,0,1,1,0
BLR,2003,0.963790820679998,0.963790820679998,23.60389275241592,9.504048741058394,7.04319246586394,134.141852273225,28.3978399133474,23.219372345186923,-1.4203492,0,0.0,30.0,0,0.0,0,9796749.0,17825444724.4878,0,1,1,0
BLR,2004,0.707817258030317,0.707817258030317,23.86489624410257,9.6192740055288,11.4497432088167,142.136510387704,18.1082424937646,23.35873670446948,-1.25997309999999,0,0.0,30.0,0,0.0,0,9730146.0,23141566292.9462,0,1,1,0
BLR,2005,1.01489264466989,1.01489264466989,24.13144187228838,9.71594477898472,9.40000151584914,118.88435169233,10.3388794457932,23.43184138563696,-1.28767149999999,0,0.0,30.0,0,0.0,0,9663915.0,30210091836.8294,0,1,1,0
BLR,2006,0.966130137383779,0.966130137383779,24.33315333460742,9.817377872862352,9.99999473022963,124.295103889386,6.99712903535591,23.515436583571447,-0.9909852,0,0.0,30.0,0,0.0,0,9604924.0,36961894281.3444,0,1,1,0
BLR,2007,3.99176494489288,3.99176494489288,24.536036566618183,9.904467630486431,8.60000659811426,128.153877979073,8.42675273505306,23.661553228964493,-0.9883947,0,0.0,30.0,0,0.0,0,9560953.0,45275711995.825,0,1,1,0
BLR,2008,3.60135661387402,3.60135661387402,24.83006759094667,10.005048487096746,10.1999994860937,129.599478545475,14.8378764828254,23.76682026268464,-1.04785559999999,0,0.0,30.0,0,0.0,0,9527985.0,60752106347.126,0,1,1,0
BLR,2009,3.68858496262614,3.68858496262614,24.65260145698497,10.009505596584887,0.199995231733979,108.63564482836,12.9456563410402,23.666674545416274,-1.04811489999999,0,0.0,30.0,0,0.0,0,9504583.0,50873167326.0414,0,1,1,0
BLR,2010,2.43465600372626,2.43465600372626,24.770377351563923,10.086334525608992,7.75001707500896,115.917972989303,7.73574804312515,23.724411627738803,-1.0551971,0,0.0,30.0,0,0.0,0,9483836.0,57231904542.8755,0,1,1,1
BLR,2011,6.48031997656593,6.48031997656593,24.846560315881604,10.14269170351515,5.54997471638077,157.974255073313,53.2286983118172,23.834827800307817,-1.0673804,0,0.0,30.0,0,0.0,0,9461643.0,61762382327.9319,0,1,1,1
BLR,2012,2.22818019245943,2.22818019245943,24.908149981974404,10.161192206323944,1.70785253368828,153.085269313372,59.2197360232519,23.82667161619785,-1.0741204,0,0.0,30.0,0,0.0,0,9446836.0,65685890438.8922,0,1,1,1
BLR,2013,2.97388136295762,2.97388136295762,25.04776344602115,10.171513656898007,0.998719299661161,119.815965235724,18.3122610377873,23.862951170092536,-1.0027888,0,0.0,30.0,0,0.0,0,9443211.0,75527558966.4473,0,1,1,1
BLR,2014,2.36255232890544,2.36255232890544,25.09034467184768,10.187328559707192,1.65112470228097,110.651424367582,18.1195543526734,23.88114307905192,-0.4791856,0,0.0,30.0,0,0.0,0,9448515.0,78813069120.9984,0,1,1,1
BLR,2015,2.92676775504253,2.92676775504253,24.75670562077957,10.146951765407586,-3.82957056812593,115.914826201946,13.5344897649734,23.77216061899052,-0.334119699999999,0,0.0,30.0,0,0.0,0,9461076.0,56454769844.7632,0,1,1,1
BLR,2016,2.61275643208459,2.61275643208459,24.58869072565909,10.120485464150413,-2.5264464460425,125.209322899662,11.8365807653497,23.78233020455392,-0.3286362,0,0.0,30.0,0,0.0,0,9469379.0,47723545321.259,0,1,1,1
BLR,2017,2.33218919527708,2.33218919527708,24.72559389469342,10.146589836001548,2.53218349471909,133.367754723012,6.03183725177795,23.8461989778058,-0.201457,0,0.0,30.0,0,0.0,0,9458989.0,54725405751.1559,0,1,1,1
BLR,2018,2.37627120733619,2.37627120733619,24.818127375117747,10.179734352440557,3.14919758275296,139.393736250171,4.87230220550686,23.914097606427703,-0.229958,0,0.0,30.0,0,0.0,0,9438785.0,60031026576.26,0,1,1,1
BLR,2019,1.976861708457,1.976861708457,24.888537386988688,10.196113159553327,1.44645548204305,130.850406102184,5.59815595039848,23.91746763068681,-0.2387162,0,0.0,30.0,0,0.0,0,9419758.0,64410170653.4569,0,1,1,1
BLR,2020,2.27010267778425,2.27010267778425,24.840214219469782,10.193597751713012,-0.672742918585868,118.934176146534,5.54814357456519,23.89002807513862,-0.6167824,0,0.0,30.0,0,0.0,0,9379952.0,61371673344.7424,0,1,1,1
BLR,2021,1.76640687852003,1.76640687852003,24.9670894285506,10.22597604626053,2.43886210234947,136.014167877476,9.46028389623099,24.026574527913507,-0.6825409,0,0.0,30.0,0,0.0,0,9302585.0,69673747131.87,0,1,1,1
BLR,2022,2.17745011943276,2.17745011943276,25.02428819660136,10.186314419084184,-4.65839591328999,120.024207576094,15.209675274081,24.051157884475195,-0.5969261,0,0.0,30.0,0,0.0,0,9228071.0,73775179924.603,0,1,1,1
BLR,2023,2.74854001098901,2.74854001098901,25.00655939547784,10.232159373940483,4.12654007153881,131.584674884961,5.0005990309131,24.104560105478527,-0.596406099999999,0,0.0,30.0,0,0.0,0,9178298.0,72478760370.4258,0,1,1,1
BLR,2024,2.20948690351676,2.20948690351676,25.087533705287857,10.27972796622721,4.34999638140579,128.242832314614,5.78531910428005,24.151770463995405,-0.7015463,0,0.0,30.0,0,0.0,0,9132629.0,78591839299.7087,0,1,1,1
BOL,1996,6.40939922529255,6.40939922529255,22.724333471923632,8.865539386049004,4.36134197138718,49.8562913723023,12.4254866180049,22.040087172220453,-0.296272,0,0.0,30.0,0,0.0,0,8021736.0,7396949126.35685,0,1,1,0
BOL,1997,9.21807040100919,9.21807040100919,22.79338112670341,8.895836367218383,4.95420873383996,50.4696628058748,4.70844436028193,22.05810853647349,,0,0.0,30.0,0,0.0,0,8167900.0,7925736821.45034,0,0,0,0
BOL,1998,11.1715280663643,11.1715280663643,22.86303721018753,8.92724995023605,5.02935475584462,52.2811629581228,7.67322895675083,22.068656649472924,-0.0324037,0,0.0,30.0,0,0.0,0,8313394.0,8497494652.12546,0,1,1,0
BOL,1999,12.196646241927,12.196646241927,22.83772026505097,8.914051425468644,0.426885378297442,44.1682564870165,2.15951626835598,22.06810810730251,,0,0.0,30.0,0,0.0,0,8459806.0,8285064434.56826,0,0,0,0
BOL,2000,8.76830997312938,8.76830997312938,22.85124221076898,8.921648965893093,2.50781081484664,45.5977750218555,4.60822998872598,22.10581330662747,-0.4884996,0,0.0,30.0,0,0.0,0,8606326.0,8397855484.76908,0,1,1,0
BOL,2001,8.66860569359696,8.66860569359696,22.82024235443862,8.921477946869638,1.68379914527159,45.2278224315522,1.58965377879568,22.10215115641744,,0,0.0,30.0,0,0.0,0,8752736.0,8141516928.39489,0,0,0,0
BOL,2002,8.55789350643914,8.55789350643914,22.790822677823773,8.929304901373522,2.48556576601922,49.3502603725957,0.92825885161107,22.11198569969364,-0.4897682,0,0.0,30.0,0,0.0,0,8900355.0,7905485146.44351,0,1,1,0
BOL,2003,2.442343967183,2.442343967183,22.81295465048004,8.939306303832035,2.7113398065361,51.967836443987,3.33727499671534,22.21471290924601,-0.5017882,0,0.0,30.0,0,0.0,0,9050700.0,8082399639.54305,0,1,1,0
BOL,2004,0.745772608696722,0.745772608696722,22.894996152157105,8.963364683002196,4.1732955905708,57.4642660901316,4.43738080101725,22.33355460412258,-0.5545755,0,0.0,30.0,0,0.0,0,9204287.0,8773451751.5121,0,1,1,0
BOL,2005,-2.49886824544741,-2.49886824544741,22.979715144847304,8.989772960605698,4.42143313550196,67.6419413613743,5.39323106890663,22.427362111757684,-0.465225499999999,0,0.0,30.0,0,0.0,0,9360754.0,9549122905.32852,0,1,0,0
BOL,2006,2.45168756123775,2.45168756123775,23.161416680798688,9.01958159798167,4.79700881067477,74.537848431547,4.28239604802561,22.518732169199566,-0.4843923,0,0.0,30.0,0,0.0,0,9521689.0,11451844902.2214,0,1,1,0
BOL,2007,2.79185385749299,2.79185385749299,23.297411852772044,9.04710924564721,4.56438425143126,76.0619114476148,8.70560923578869,22.63883918239292,-0.449504199999999,0,0.0,30.0,0,0.0,0,9685960.0,13120108008.3477,0,1,1,0
BOL,2008,3.07261074755318,3.07261074755318,23.537133026660552,9.089896953080196,6.14849787777658,82.8670208961798,14.0068107702519,22.73354556001804,-0.4878087,0,0.0,30.0,0,0.0,0,9850858.0,16674276285.8956,0,1,1,0
BOL,2009,2.43967814560444,2.43967814560444,23.57628135811025,9.106263065845567,3.35699958346049,68.6270739127592,3.34645420142014,22.67996826714748,-0.361823699999999,0,0.0,30.0,0,0.0,0,10016275.0,17339992193.7322,0,1,1,0
BOL,2010,3.16542867647895,3.16542867647895,23.701329115219,9.130257455510163,4.12672258996274,75.5116262512877,2.50327605844241,22.784537384533056,-0.3055989,0,0.0,30.0,0,0.0,0,10182345.0,19649723722.1034,0,1,1,1
BOL,2011,3.58442251378885,3.58442251378885,23.899783683967023,9.164761772845209,5.20409245282328,82.4803954243518,9.88446419823883,22.88694360294144,-0.2672438,0,0.0,30.0,0,0.0,0,10348929.0,23963164696.592,0,1,1,1
BOL,2012,3.9135501461408,3.9135501461408,24.022227352511823,9.198719271394856,5.12227560125973,84.9487611684942,4.51560291399376,22.90286696947245,-0.2476484,0,0.0,30.0,0,0.0,0,10515807.0,27084497481.9103,0,1,1,1
BOL,2013,5.7066221190291,5.7066221190291,24.14620314739416,9.248732220147668,6.79601141268498,81.2309075267174,5.73640023719607,22.92800063594925,-0.1627207,0,0.0,30.0,0,0.0,0,10682608.0,30659338885.6729,0,1,1,1
BOL,2014,1.98982485629696,1.98982485629696,24.21965787711529,9.286453580540195,5.46056949136766,85.2644695625131,5.76660074579144,22.94691767656112,-0.3868723,0,0.0,30.0,0,0.0,0,10848888.0,32996188017.3661,0,1,1,1
BOL,2015,1.68072787961335,1.68072787961335,24.219779405937715,9.318714084877875,4.85718718508603,67.9328451905248,4.05961041135645,22.8756646188126,-0.4320931,0,0.0,30.0,0,0.0,0,11014705.0,33000198248.9146,0,1,1,1
BOL,2016,0.988080149462259,0.988080149462259,24.247893278108936,9.3455722257785,4.26392086992173,56.4010345026573,3.62321431764138,22.884226366197453,-0.332731799999999,0,0.0,30.0,0,0.0,0,11180020.0,33941126193.9219,0,1,1,1
BOL,2017,1.55130384811576,1.55130384811576,24.55032858791685,9.372055706342884,4.19520633364647,45.5761123650708,2.8227580554717,22.952234998051686,-0.313079,0,0.0,30.0,0,0.0,0,11344587.0,45927439594.7902,0,1,1,1
BOL,2018,0.624547731622922,0.624547731622922,24.603055667334427,9.385999241277208,2.86808404814794,46.9261953417368,2.27205987230155,22.99293417531487,-0.364265,0,0.0,30.0,0,0.0,0,11508368.0,48414038842.2576,0,1,1,1
BOL,2019,-0.44160551411852,-0.44160551411852,24.616241459025485,9.38688828620968,1.50672102666863,45.8209732749024,1.83954504969026,23.00335596754682,-0.4578656,0,0.0,30.0,0,0.0,0,11671386.0,49056643589.0014,0,1,0,0
BOL,2020,-2.66931283946252,-2.66931283946252,24.46837873471629,9.2385058812223,-12.7194690092717,37.5164342446486,0.940742153381849,22.95394077227172,-0.4718419,0,0.0,30.0,0,0.0,0,11816299.0,42313784081.042,0,1,0,0
BOL,2021,1.21888494970059,1.21888494970059,24.591919698336422,9.323886978507227,10.0290488827886,47.6670843158984,0.737383721452275,23.083334070260587,-0.4784584,0,0.0,30.0,0,0.0,0,11937360.0,47877892402.3155,0,1,1,1
BOL,2022,0.0122391923945909,0.0122391923945909,24.65428883301057,9.34903347203149,3.74741781241461,57.5249335789631,1.74632872945969,23.147816909735905,-0.4335715,0,0.0,30.0,0,0.0,0,12077154.0,50959081953.6903,0,1,1,1
BOL,2023,0.458812480265399,0.458812480265399,24.681030687927763,9.3601523009805,2.51636590154891,49.6083255594597,2.57688800489192,23.20446183077743,-0.4093864,0,0.0,30.0,0,0.0,0,12244159.0,52340206946.4544,0,1,1,1
BOL,2024,0.652112801170427,0.652112801170427,24.72843900835443,9.335134488567771,-1.12335595517212,46.9778716148403,5.09976568317427,23.24329492996088,-0.6104172,0,0.0,30.0,0,0.0,0,12413315.0,54881327452.9667,0,1,1,1
BRA,1996,1.47596541135756,1.47596541135756,27.469003746501127,9.52088139637238,2.20886405039022,15.6355914758682,15.7576656002606,21.898635370707545,0.0175673,0,0.0,30.0,0,0.0,0,164202549.0,850426432991.742,0,1,1,0
BRA,1997,2.15045305915354,2.15045305915354,27.506824509422188,9.539401283169411,3.39484598630671,16.5762092613247,6.92671251629154,21.906603594226933,,0,0.0,30.0,0,0.0,0,166661659.0,883206179730.462,0,0,0,0
BRA,1998,3.34088809328503,3.34088809328503,27.484503780323564,9.527899349711769,0.338097901207306,16.4385849312059,3.19507629280052,21.919647576689464,-0.1804286,0,0.0,30.0,0,0.0,0,169159655.0,863710759256.435,0,1,1,0
BRA,1999,4.73377022686194,4.73377022686194,27.119598687976247,9.518002534416958,0.467937566477133,20.9821664782285,4.85844749902667,21.94759904873873,,0,0.0,30.0,0,0.0,0,171641543.0,599642024319.531,0,0,0,0
BRA,2000,5.03391680528314,5.03391680528314,27.208585162177982,9.547194477634926,4.38794944745618,22.6397613567941,7.04414105947266,21.97486354905036,-0.161961,0,0.0,30.0,0,0.0,0,174018282.0,655448231983.527,0,1,1,0
BRA,2001,4.14759377398385,4.14759377398385,27.051173396675345,9.547964186507214,1.38989640095637,26.936285022064,6.84035902487523,21.980879195289663,,0,0.0,30.0,0,0.0,0,176301203.0,559983634798.981,0,0,0,0
BRA,2002,3.25358061271527,3.25358061271527,26.957275058164235,9.56562769500622,3.05346185909312,27.6183574022309,8.45016437708331,22.00547188328381,-0.0536477,0,0.0,30.0,0,0.0,0,178503484.0,509795273806.715,0,1,1,0
BRA,2003,1.81340052439304,1.81340052439304,27.04804361063172,9.565169261630007,1.14082899824888,28.1403847231593,14.7149197228147,22.11881474716431,-0.117771199999999,0,0.0,30.0,0,0.0,0,180622688.0,558233745651.874,0,1,1,0
BRA,2004,2.71353166307823,2.71353166307823,27.229482426549136,9.609871975669014,5.75996463670954,29.6782524787535,6.59718509985963,22.23778923266803,-0.217134399999999,0,0.0,30.0,0,0.0,0,182675143.0,669289424806.307,0,1,1,0
BRA,2005,1.73389354602718,1.73389354602718,27.51632139185877,9.630432240771082,3.20213206130431,27.0867952043315,6.86953720898964,22.317198967366785,-0.3449277,0,0.0,30.0,0,0.0,0,184688101.0,891633839894.183,0,1,1,0
BRA,2006,1.753125703626,1.753125703626,27.733240590970663,9.65870400970118,3.96198871122617,26.04169989179,4.18356812896909,22.398733903401656,-0.378799,0,0.0,30.0,0,0.0,0,186653106.0,1107626541434.92,0,1,1,0
BRA,2007,3.19082601308524,3.19082601308524,27.965430144433693,9.70750817528102,6.06987060678338,25.2926113755394,3.64127299102652,22.5138529298296,-0.3870143,0,0.0,30.0,0,0.0,0,188552320.0,1397114486368.67,0,1,1,0
BRA,2008,2.99060946922903,2.99060946922903,28.15920820359655,9.747615190429553,5.09419544658736,27.257569417356,5.67859390284168,22.60106989378337,-0.1188332,0,0.0,30.0,0,0.0,0,190367302.0,1695855083497.52,0,1,1,0
BRA,2009,1.88848224095724,1.88848224095724,28.142044583271066,9.737399955915738,-0.125812002161169,22.1059756060333,4.88803479876799,22.5395684748126,-0.0252664999999999,0,0.0,30.0,0,0.0,0,192079951.0,1666996438581.43,0,1,1,0
BRA,2010,3.73001288350945,3.73001288350945,28.4234875859262,9.801574316529816,7.52822581815364,22.772178113177,5.03872690108075,22.618589681226087,-0.0076855,0,0.0,30.0,0,0.0,0,193701929.0,2208837745100.55,0,1,1,1
BRA,2011,3.91518011405433,3.91518011405433,28.592727266363383,9.832410928666114,3.97442307944702,23.9344051758721,6.6364496221309,22.71406924918043,-0.0357455,0,0.0,30.0,0,0.0,0,195284734.0,2616156223917.69,0,1,1,1
BRA,2012,3.75496285641218,3.75496285641218,28.53330533408496,9.843324487923365,1.92117598576537,25.1142736107398,5.40349914036997,22.73532902753097,-0.0055523,0,0.0,30.0,0,0.0,0,196876111.0,2465227802806.76,0,1,1,1
BRA,2013,3.04150901624338,3.04150901624338,28.53638012790992,9.864824994626998,3.00482266944432,25.7859573274674,6.20431066640101,22.765071900620526,0.1384625,0,0.0,30.0,0,0.0,0,198478299.0,2472819535557.21,0,1,1,1
BRA,2014,3.57135266957477,3.57135266957477,28.52957293028901,9.861788754185508,0.503955740242247,24.6854058131291,6.32904015516139,22.78902311678426,-0.0203333,0,0.0,30.0,0,0.0,0,200085127.0,2456043727198.85,0,1,1,1
BRA,2015,3.59214931791344,3.59214931791344,28.22003603000956,9.817770014274204,-3.54576339269425,26.95362593736,9.02990102416136,22.737428202429804,-0.1018264,0,0.0,30.0,0,0.0,0,201675532.0,1802212206814.5,0,1,1,1
BRA,2016,4.13737803865892,4.13737803865892,28.216412404680447,9.776842522589863,-3.27591690782192,24.5336820777006,8.73914352329393,22.746897504141828,-0.100539499999999,0,0.0,30.0,0,0.0,0,203218114.0,1795693482853.01,0,1,1,1
BRA,2017,3.33825981739039,3.33825981739039,28.35543194434661,9.78270201149338,1.32286905404399,24.3197343743057,3.44637335032669,22.80805369747608,-0.1049895,0,0.0,30.0,0,0.0,0,204703445.0,2063514977365.65,0,1,1,1
BRA,2018,4.07858821454947,4.07858821454947,28.28174809740014,9.793547076650146,1.783666761634,28.8762033763866,3.66485028376729,22.86311090634172,-0.206420599999999,0,0.0,30.0,0,0.0,0,206107261.0,1916933898010.99,0,1,1,1
BRA,2019,3.692673213156,3.692673213156,28.258716401050087,9.79916099744301,1.22077782360842,28.8902578698964,3.73297621216894,22.877202763187245,0.0428329,0,0.0,30.0,0,0.0,0,207455459.0,1873288205059.69,0,1,1,1
BRA,2020,2.59263795310275,2.59263795310275,28.020429489407302,9.7600510213056,-3.2767587964736,32.3020785437939,3.21176803803376,22.844418473137672,-0.0873994999999999,0,0.0,30.0,0,0.0,0,208660842.0,1476107231310.49,0,1,1,1
BRA,2021,2.77979084938159,2.77979084938159,28.14423233124984,9.802324106010037,4.76260437908608,37.6563307598082,8.30165975585673,22.97530392681158,-0.0686133999999999,0,0.0,30.0,0,0.0,0,209550294.0,1670647398904.9,0,1,1,1
BRA,2022,3.8680317970139,3.8680317970139,28.29983663906367,9.82844316731525,3.01669435393015,38.8160659763397,9.28010608956873,23.02811495549756,-0.2352194,0,0.0,30.0,0,0.0,0,210306415.0,1951923942083.32,0,1,1,1
BRA,2023,2.86383344298207,2.86383344298207,28.415439314251884,9.856386102889,3.24165532906981,33.6662298301438,4.59356282283204,23.0769854961286,-0.2666224,0,0.0,30.0,0,0.0,0,211140729.0,2191131765684.63,0,1,1,1
BRA,2024,3.38960808548439,3.38960808548439,28.413012896995863,9.88595299168932,3.41931516501906,35.5845239386244,4.36746407652337,23.118365889993548,-0.224002999999999,0,0.0,30.0,0,0.0,0,211998573.0,2185821610689.31,0,1,1,1
BWA,1996,1.46835552021692,1.46835552021692,22.30178200561417,9.378642343555397,5.82980001379714,90.955575275056,10.0828580652108,21.93499022388599,0.2349301,0,0.0,30.0,0,0.0,0,1535914.0,4847757217.75815,0,1,1,0
BWA,1997,1.99411258650837,1.99411258650837,22.33674868292844,9.435589883110952,8.32589088396591,108.604415150755,8.71993127147747,21.92989932864328,,0,0.0,30.0,0,0.0,0,1571691.0,5020265626.66489,0,0,0,0
BWA,1998,1.98974016992689,1.98974016992689,22.289896767153543,9.41786258116716,0.443663586075374,101.841039320292,6.66139865665752,21.91938983971749,0.2307281,0,0.0,30.0,0,0.0,0,1606899.0,4790481509.17679,0,1,1,0
BWA,1999,0.668732762510087,0.668732762510087,22.42514861844192,9.488536142395052,9.66724070276106,98.9290812021418,7.74929619202848,21.93060310464161,,0,0.0,30.0,0,0.0,0,1641997.0,5484263346.88105,0,0,0,0
BWA,2000,0.987700169396241,0.987700169396241,22.479109591080675,9.48689707270525,1.98769583378552,91.924729689918,8.60148514851491,21.95281845399504,0.2321815,0,0.0,30.0,0,0.0,0,1677382.0,5788329609.15755,0,1,1,0
BWA,2001,0.558884523880211,0.558884523880211,22.42612274195606,9.468823291488317,0.250573949689084,87.5250655680957,6.55903767014862,21.941631684632704,,0,0.0,30.0,0,0.0,0,1712254.0,5489608299.66445,0,0,0,0
BWA,2002,7.50151858437683,7.50151858437683,22.41683604933174,9.50893983762401,6.06953087648317,91.8357740585774,8.03279662527486,21.98089250653219,0.444301,0,0.0,30.0,0,0.0,0,1744763.0,5438863982.88692,0,1,1,0
BWA,2003,5.56528127484831,5.56528127484831,22.73971195608304,9.53656447731597,4.62589474959299,85.8340425151264,9.18990265632739,22.12600017676355,0.6238241,0,0.0,30.0,0,0.0,0,1775736.0,7511582173.37724,0,1,1,0
BWA,2004,4.36383657370126,4.36383657370126,22.91575340194965,9.545729272805602,2.70582170611173,90.9978228872631,6.94570363654675,22.26451906913027,0.5092061,0,0.0,30.0,0,0.0,0,1807146.0,8957467706.5354,0,1,1,0
BWA,2005,4.24294905100869,4.24294905100869,23.017708581619235,9.572338158712974,4.55664565323181,88.5053520573505,8.6102252854644,22.35369938280536,0.5932223,0,0.0,30.0,0,0.0,0,1839877.0,9918907108.09702,0,1,1,0
BWA,2006,4.90881469396689,4.90881469396689,23.01773392424276,9.634010942468002,8.36387109282306,86.612433913524,11.5552187914379,22.44145776480623,0.3623225,0,0.0,30.0,0,0.0,0,1874516.0,9919158482.41085,0,1,1,0
BWA,2007,4.6808134501234,4.6808134501234,23.08102738735473,9.670939564661303,5.79255577727118,98.4965249407252,7.08099847172693,22.57155289967525,0.5667941,0,0.0,30.0,0,0.0,0,1911201.0,10567270655.5027,0,1,1,0
BWA,2008,4.85440497340622,4.85440497340622,23.096386661471485,9.682860539806445,3.25207295796832,99.008222007989,12.7021883920076,22.667463121715887,0.5227345,0,0.0,30.0,0,0.0,0,1949970.0,10730829116.4105,0,1,1,0
BWA,2009,2.06256005196384,2.06256005196384,23.03762724043193,9.509700310709608,-14.1442346163423,88.4807886337378,8.02729703109582,22.61337961318344,0.5628411,0,0.0,30.0,0,0.0,0,1990673.0,10118459242.3183,0,1,1,0
BWA,2010,1.7280613479871,1.7280613479871,23.259916492676016,9.585003932732617,10.119723322694,94.6390020873926,6.94887658743103,22.71752606184646,0.5312259,0,0.0,30.0,0,0.0,0,2033111.0,12637273429.1339,0,1,1,1
BWA,2011,1.94040749024403,1.94040749024403,23.438665207437936,9.631463509758712,6.83841052493574,98.9614677801469,8.45987233408583,22.82915081802709,0.5431636,0,0.0,30.0,0,0.0,0,2073535.0,15110643612.1729,0,1,1,1
BWA,2012,1.05040106491218,1.05040106491218,23.355691547341628,9.612976075377542,-0.170857099335691,111.875280620952,7.53690261091916,22.842843937130755,0.5525088,0,0.0,30.0,0,0.0,0,2108617.0,13907464500.1489,0,1,1,1
BWA,2013,0.470417841005353,0.470417841005353,23.381547120380507,9.703170562671662,11.1029068737822,125.78303991122,5.88460707056817,22.866578953164066,0.5476863,0,0.0,30.0,0,0.0,0,2140682.0,14271738933.2042,0,1,1,1
BWA,2014,3.33019730942426,3.33019730942426,23.462174222312782,9.744034061573265,5.69714422072884,119.497541791464,4.40225309243427,22.887942905494395,0.5180867,0,0.0,30.0,0,0.0,0,2172044.0,15470088500.7414,0,1,1,1
BWA,2015,2.79773267452093,2.79773267452093,23.32823062456759,9.680029220696856,-4.85132507409779,112.900891016005,3.06203169580558,22.81236945789791,0.5694337,0,0.0,30.0,0,0.0,0,2203273.0,13530748844.505,0,1,1,1
BWA,2016,0.944944816734731,0.944944816734731,23.436810063815457,9.73539954096993,7.20442475914267,100.464689766026,2.81495791361944,22.818180010631924,0.5361603,0,0.0,30.0,0,0.0,0,2234776.0,15082637184.0496,0,1,1,1
BWA,2017,1.61796092921322,1.61796092921322,23.50240529722207,9.761514678948672,4.11437856445083,81.9239513763494,3.30828076768219,22.89383956041324,0.4156169,0,0.0,30.0,0,0.0,0,2266747.0,16105155856.7708,0,1,1,1
BWA,2018,1.67893386448584,1.67893386448584,23.55835642881897,9.788358287033034,4.18869237159223,87.4551039946493,3.23801558947715,22.9516802699192,0.3467776,0,0.0,30.0,0,0.0,0,2299141.0,17031943186.1353,0,1,1,1
BWA,2019,0.559653498041763,0.559653498041763,23.540224740353427,9.803999236555509,3.0317733945467,83.0929813601175,2.77286442863321,22.964312332026427,0.4033395,0,0.0,30.0,0,0.0,0,2332083.0,16725908148.5481,0,1,1,1
BWA,2020,0.212513875084985,0.212513875084985,23.42866262805542,9.69826933799228,-8.72888243996397,80.3250344865506,1.8903591682421,22.92240540466629,0.310377,0,0.0,30.0,0,0.0,0,2365894.0,14960251607.8135,0,1,1,1
BWA,2021,-1.70161470195308,-1.70161470195308,23.65446930858073,9.795937165567416,11.9162724376008,91.0478497403998,7.24097765588442,23.06242289689777,0.4025631,0,0.0,30.0,0,0.0,0,2401441.0,18750182236.2211,0,1,0,0
BWA,2022,3.49204705165089,3.49204705165089,23.734928082027647,9.83346058185017,5.48601706446772,86.0696039867252,11.665567478802,23.103956636360863,0.4593723,0,0.0,30.0,0,0.0,0,2439892.0,20321150599.1523,0,1,1,1
BWA,2023,3.8196512349079,3.8196512349079,23.68924043805225,9.848634258929248,3.20806812224438,70.1128327324509,5.0676154934383,23.13757949547624,0.5409963,0,0.0,30.0,0,0.0,0,2480244.0,19413614554.6944,0,1,1,1
BWA,2024,2.42279666305462,2.42279666305462,23.682658299072227,9.804087816795771,-2.77988981666252,69.4453508747185,2.81835131676251,23.17599642340253,0.4168893,0,0.0,30.0,0,0.0,0,2521139.0,19286251067.5078,0,1,1,1
CAF,1996,1.08411154913108,1.08411154913108,20.731026769944123,7.129272510621366,-4.00009296364789,47.0844050293092,3.72494110325802,22.2076165997214,-1.3060162,0,0.0,30.0,0,0.0,0,3435965.0,1007791127.09913,0,1,1,0
CAF,1997,0.159683663271446,0.159683663271446,20.65898489651512,7.153433612544236,5.29993601826074,55.8185083614851,1.61131347760911,22.19548577325463,,0,0.0,30.0,0,0.0,0,3531700.0,937741513.015352,0,0,0,0
CAF,1998,0.75470901166624,0.75470901166624,20.690058929794773,7.172233790167783,4.70014237879329,51.0495318767161,-1.8852009615791,22.199595552894024,-1.3151438,0,0.0,30.0,0,0.0,0,3628827.0,967338389.650578,0,1,1,0
CAF,1999,0.598007452503247,0.598007452503247,20.722743211087938,7.1802493776281855,3.59997490432274,43.212343897896,-1.41420220082551,22.196757813083952,,0,0.0,30.0,0,0.0,0,3729450.0,999477510.686632,0,0,0,0
CAF,2000,0.096977752043516,0.096977752043516,20.63637512470376,7.1275444070128335,-2.48943244028874,45.6597819937269,3.20340091563112,22.209733790718943,-1.3119868,0,0.0,30.0,0,0.0,0,3833416.0,916777282.691659,0,1,1,0
CAF,2001,0.555825631817538,0.555825631817538,20.653539058449816,7.149019343698582,4.46473902640867,39.7304997372329,3.83486060237362,22.207996330370644,,0,5.278114659230517,0.0,1,195.0,1,3919487.0,932648604.751954,0,0,0,0
CAF,2002,0.566657013276163,0.566657013276163,20.71932623176756,7.162694468116977,3.61654219150596,36.1085647794782,2.33181703516235,22.260186519301524,-1.72748899999999,0,4.882801922586371,0.0,1,131.0,1,4006077.0,996068144.884889,0,1,1,0
CAF,2003,0.989218808380309,0.989218808380309,20.85632319945772,7.083281425860519,-5.39748521855877,36.2312260023474,4.13470905150996,22.40061734623712,-1.73673369999999,0,0.0,1.0,0,0.0,0,4103086.0,1142315522.53864,0,1,1,0
CAF,2004,1.1867705571186,1.1867705571186,20.96413968727587,7.119866474739829,5.99488422798696,33.2439549188203,-2.06640601136303,22.53533006129731,-1.6558153,0,0.0,2.0,0,0.0,0,4192826.0,1272360517.32373,0,1,1,0
CAF,2005,0.754917589946925,0.754917589946925,21.014362855878424,7.106273250004529,0.908210514871953,35.0709368656226,2.88352073359022,22.621269108415213,-1.7555964,0,0.0,3.0,0,0.0,0,4288810.0,1337894378.73743,0,1,1,0
CAF,2006,2.37163652036171,2.37163652036171,21.10297527187744,7.132394368791627,4.77108543044105,36.3958702287378,6.69526465773354,22.712353826875955,-1.67014,0,3.8501476017100575,0.0,1,46.0,1,4377579.0,1461859762.33459,0,1,1,0
CAF,2007,3.33860588929027,3.33860588929027,21.253783078876324,7.158165949146301,4.60753485452025,37.5808990187896,0.95991761945711,22.84770448007072,-1.6327306,0,0.0,1.0,0,0.0,0,4462770.0,1699811294.94935,0,1,1,0
CAF,2008,5.87486387887319,5.87486387887319,21.413111517798107,7.1571689891728,2.05413096200485,34.4375218095517,9.25895099417076,22.95336025550836,-1.6332668,0,0.0,2.0,0,0.0,0,4558984.0,1993407888.49838,0,1,1,0
CAF,2009,2.04509891475672,2.04509891475672,21.44954874755519,7.246141146092598,8.58726042640994,31.4942464896799,3.52126227238643,22.882271549963377,-1.52463979999999,0,5.58724865840025,0.0,1,266.0,1,4529047.0,2067381665.25454,0,1,1,0
CAF,2010,2.8712892233531,2.8712892233531,21.48528193349813,7.299401124465173,4.63081843223307,34.4304819543042,1.49102370047802,22.9661648125208,-1.40942409999999,0,5.099866427824199,0.0,1,163.0,1,4492995.0,2142591540.40068,0,1,1,1
CAF,2011,1.5138934301082,1.5138934301082,21.614436774100483,7.324587793226504,4.19461533741989,34.4756183327299,1.1944757244985,23.07557769242463,-1.40418629999999,0,5.198497031265826,0.0,1,180.0,1,4565021.0,2437982705.12093,0,1,1,1
CAF,2012,2.79010478789883,2.79010478789883,21.64359899209812,7.36390116452524,5.05376125356918,33.0594485943314,5.47829594346117,23.087527314631306,-1.4247717,0,3.828641396489095,0.0,1,45.0,1,4610848.0,2510126512.22831,0,1,1,1
CAF,2013,0.109532467338194,0.109532467338194,21.2489076234007,6.904646808614125,-36.3919770983887,38.3992875721315,6.98879341970198,23.120747959136075,-1.5187178,0,6.1675164908883415,0.0,1,476.0,1,4642419.0,1691544110.18543,0,1,1,1
CAF,2014,0.18339589636816,0.18339589636816,21.36238619538285,6.9096095393133385,0.0810705153264877,53.0950920179825,14.898684179755,23.147224152139284,-1.6249509,0,6.90875477931522,0.0,1,1000.0,1,4623182.0,1894813389.40325,0,1,1,1
CAF,2015,0.176904971713319,0.176904971713319,21.25143560617765,6.950739781887456,4.33712103020231,53.1451477769621,1.40297017136816,23.062648152884897,-1.61794669999999,0,3.332204510175204,0.0,1,27.0,1,4629320.0,1695825714.19282,0,1,1,1
CAF,2016,0.397590019652539,0.397590019652539,21.324855766208675,6.979093855718357,4.75031684122342,50.53064402191,4.94543276106518,23.06827338709982,-1.5617326,0,0.0,1.0,0,0.0,0,4713663.0,1825018144.65595,0,1,1,1
CAF,2017,0.332412482969051,0.332412482969051,21.45194905281513,7.00657392707766,4.52727821346231,57.1435457117119,4.18072331871267,23.129676472355712,-1.56295379999999,0,3.58351893845611,0.0,1,35.0,1,4793511.0,2072349972.6818,0,1,1,1
CAF,2018,0.810612744001372,0.810612744001372,21.521213992401027,7.026161158393099,3.78944359275462,49.6602000024318,1.61215686991555,23.192684200820505,-1.5339025,0,4.6443908991413725,0.0,1,103.0,1,4878657.0,2220979146.11241,0,1,1,1
CAF,2019,1.1525297989583,1.1525297989583,21.521359055427784,7.0432434378955024,3.09999999999999,50.0658000014868,2.68537355266787,23.21313797927936,-1.5816743,0,3.951243718581428,0.0,1,51.0,1,4944703.0,2221301351.43918,0,1,1,1
CAF,2020,0.0746698927110639,0.0746698927110639,21.56772577440003,7.035770700265027,0.899999996857062,49.5210200011921,1.71015659523153,23.175352643328665,-1.61231869999999,0,4.060443010546419,0.0,1,57.0,1,5026628.0,2326720900.38047,0,1,1,1
CAF,2021,0.214980465443776,0.214980465443776,21.64613425332964,7.028691010744967,0.982919996264229,44.159119995104,4.25936417542868,23.30919857247651,-1.5775561,0,6.810142450115136,0.0,1,906.0,1,5112100.0,2516498412.46384,0,1,1,1
CAF,2022,1.00929791484186,1.00929791484186,21.5914659781996,7.035974081945772,0.453901876447787,45.23357000162,5.58316735183247,23.35230362178676,-1.59031909999999,0,6.516193076042964,0.0,1,675.0,1,5098039.0,2382618615.01694,0,1,1,1
CAF,2023,1.51604656547544,1.51604656547544,21.66151063929724,7.032338636567825,0.69996840076054,43.480570208358,2.97913852618937,23.389014800369573,-1.5707645,0,5.568344503761097,0.0,1,261.0,1,5152421.0,2555492085.94725,0,1,1,1
CAF,2024,1.46851186564355,1.46851186564355,21.73540997598432,7.013213264639556,1.49999999847535,46.4318999802251,1.47733600718744,23.42317170247945,-1.57655,0,5.181783550292085,0.0,1,177.0,1,5330690.0,2751494281.06887,0,1,1,1
CAN,1996,1.39828193256897,1.39828193256897,27.16995026100325,10.642576453574549,1.68896122145787,70.2600734560392,1.57053112507138,22.649456557816663,1.7771104,0,0.0,30.0,0,0.0,0,29610218.0,630607994132.747,0,1,1,0
CAN,1997,2.31796717858196,2.31796717858196,27.2078823274988,10.674549570316032,4.28016680422402,74.3365281134772,1.62121638084531,22.67412386796264,,0,0.0,30.0,0,0.0,0,29905948.0,654987722085.801,0,0,0,0
CAN,1998,3.93994240640224,3.93994240640224,27.17531372816294,10.704440722504248,3.89288658501088,78.0812683804376,0.99594245665802,22.702536653267888,1.8073898,0,0.0,30.0,0,0.0,0,30155173.0,633999325918.436,0,1,1,0
CAN,1999,4.04709159373983,4.04709159373983,27.243023875687616,10.746444449894256,5.14100348449622,80.1147908564172,1.73484295105918,22.74598348580336,,0,0.0,30.0,0,0.0,0,30401286.0,678414215521.303,0,0,0,0
CAN,2000,9.1710242867151,9.1710242867151,27.33634586937697,10.787240349714944,5.13853918994158,82.7653578503214,2.71943995691976,22.789146706293568,1.9204677,0,0.0,30.0,0,0.0,0,30685730.0,744773415931.587,0,1,1,0
CAN,2001,3.84192129292476,3.84192129292476,27.328539119371023,10.794955703988816,1.87509813099847,78.3442183943698,2.52512013979906,22.804894675010544,,0,0.0,30.0,0,0.0,0,31020855.0,738981792355.372,0,0,0,0
CAN,2002,3.21914228445942,3.21914228445942,27.35743996789675,10.813659343646288,2.99925533832644,75.7069052324349,2.25839440940855,22.84188894072068,1.9763346,0,0.0,30.0,0,0.0,0,31359199.0,760650608551.583,0,1,1,0
CAN,2003,0.782966307441581,0.782966307441581,27.52069504124592,10.82256971390326,1.8063851195103,69.8399832953973,2.75856321360112,22.92417302979184,1.9080933,0,0.0,30.0,0,0.0,0,31642461.0,895542074084.648,0,1,1,0
CAN,2004,0.141465790138583,0.141465790138583,27.65736213200167,10.843702980698902,3.09236381038156,70.1923674409029,1.85725871857256,23.01826409517711,1.8705174,0,0.0,30.0,0,0.0,0,31938807.0,1026691006917.76,0,1,1,0
CAN,2005,2.17814542268079,2.17814542268079,27.79068670471116,10.86583208240202,3.21045441502793,69.7585441602155,2.21355203439767,23.0892734058599,1.861353,0,0.0,30.0,0,0.0,0,32242732.0,1173118501402.87,0,1,1,0
CAN,2006,4.87400358632515,4.87400358632515,27.908115780518216,10.881733989023008,2.63794375302722,68.0508003453151,2.00202539534161,23.15886406809353,1.7978845,0,0.0,30.0,0,0.0,0,32571193.0,1319291255289.14,0,1,1,0
CAN,2007,8.20055904886214,8.20055904886214,28.015480750904064,10.89231921566678,2.04990459443619,66.2834197482347,2.13838399266837,23.246958199468548,1.820534,0,0.0,30.0,0,0.0,0,32888886.0,1468820407783.26,0,1,1,0
CAN,2008,4.51512624244061,4.51512624244061,28.071205435714084,10.891385352521068,0.995406371264522,67.023446571123,2.37027067444299,23.30813082642713,1.8470855,0,0.0,30.0,0,0.0,0,33247298.0,1552993439550.14,0,1,1,0
CAN,2009,1.52412827089472,1.52412827089472,27.94920409519682,10.850354084522438,-2.91508627059555,58.4742801830543,0.299466803009299,23.26223977293102,1.7892317,0,0.0,30.0,0,0.0,0,33630069.0,1374627766599.6,0,1,1,0
CAN,2010,1.83724977084563,1.83724977084563,28.11180962379177,10.86968059299932,3.09080633744851,60.2079046752442,1.77687154092627,23.32428431326369,1.8008051,0,0.0,30.0,0,0.0,0,34005902.0,1617349192091.46,0,1,1,1
CAN,2011,2.13782226222103,2.13782226222103,28.215098536693937,10.89081642122622,3.1371944343876,62.4984217100546,2.91213508872351,23.39889560486016,1.8561632,0,0.0,30.0,0,0.0,0,34339221.0,1793335727900.85,0,1,1,1
CAN,2012,2.70017935331081,2.70017935331081,28.234440220104343,10.897383232416692,1.75566133205234,62.5957887432013,1.51567823124517,23.42405673202684,1.9358475,0,0.0,30.0,0,0.0,0,34713395.0,1828359477071.97,0,1,1,1
CAN,2013,3.62983069806946,3.62983069806946,28.24435847037876,10.909841209774989,2.32581356612762,62.2315329073432,0.938291897815317,23.45616216084811,1.8530136,0,0.0,30.0,0,0.0,0,35080992.0,1846583831414.43,0,1,1,1
CAN,2014,3.55389980711924,3.55389980711924,28.22199806911657,10.928156550250732,2.87346675579731,64.3785976132125,1.90663590717861,23.48916229202656,1.9138517,0,0.0,30.0,0,0.0,0,35434066.0,1805751688808.98,0,1,1,1
CAN,2015,3.85389066466467,3.85389066466467,28.0734674957427,10.92703222691698,0.64997101491096,66.1648355844224,1.12524136094277,23.46684826929326,1.8766375,0,0.0,30.0,0,0.0,0,35704498.0,1556510380200.23,0,1,1,1
CAN,2016,2.23834791127678,2.23834791127678,28.05497835290084,10.926048779817654,1.03855091989323,65.3636199818813,1.42875954701085,23.48570052577221,1.8665128,0,0.0,30.0,0,0.0,0,36110803.0,1527996250640.92,0,1,1,1
CAN,2017,1.5375171282853,1.5375171282853,28.13135357642237,10.943981664925118,3.03383491841392,65.1009087910845,1.59688412852977,23.53798989669832,1.9509261,0,0.0,30.0,0,0.0,0,36545075.0,1649269496514.62,0,1,1,1
CAN,2018,2.46930986353956,2.46930986353956,28.176439879186088,10.956709585811806,2.74296341402246,66.59982627163,2.26822567248103,23.59508092099316,1.8344901,0,0.0,30.0,0,0.0,0,37072620.0,1725330736237.69,0,1,1,1
CAN,2019,2.80676080429286,2.80676080429286,28.18704701199556,10.960996957827296,1.90843193887251,66.1713422730605,1.94926902411593,23.6210415550679,1.8495246,0,0.0,30.0,0,0.0,0,37618495.0,1743728952156.85,0,1,1,1
CAN,2020,1.75896848026439,1.75896848026439,28.135237124362625,10.898457435584596,-5.03823342794087,61.1566883386797,0.716999632307827,23.599858309985777,1.6877631,0,0.0,30.0,0,0.0,0,38028638.0,1655686966881.99,0,1,1,1
CAN,2021,2.97618405526996,2.97618405526996,28.33529513839528,10.95072049402778,5.95052804984759,62.2468612630348,3.39519318527528,23.71781034354992,1.682819,0,0.0,30.0,0,0.0,0,38239864.0,2022377950896.78,0,1,1,1
CAN,2022,2.30686661821278,2.30686661821278,28.419734254963355,10.978202049920776,4.69541985045903,66.9531620692051,6.80280115341613,23.78113817108674,1.8072447,0,0.0,30.0,0,0.0,0,38950132.0,2200562785046.32,0,1,1,1
CAN,2023,1.99841597173847,1.99841597173847,28.41792902029992,10.96972088509828,1.95308552199025,66.5745425015033,3.87900159788426,23.839156100545257,1.7452669,0,0.0,30.0,0,0.0,0,40049088.0,2196593836347.42,0,1,1,1
CAN,2024,2.77756440541293,2.77756440541293,28.45083451059582,10.960132947066562,2.04626605401701,65.1214987304374,2.38158383281173,23.88506992334314,1.7591249,0,0.0,30.0,0,0.0,0,41262329.0,2270076189683.46,0,1,1,1
CHL,1996,6.1267050997206,6.1267050997206,25.0874352129084,9.664498201763768,7.1148626270751,53.9207522864456,7.35911781788767,21.903416927403548,1.002894,0,0.0,30.0,0,0.0,0,14734046.0,78584098983.6374,0,1,1,0
CHL,1997,6.14802074641292,6.14802074641292,25.17460180468825,9.722436523889714,7.3917392684331,54.099302009374,6.13386464357927,21.920237621584707,,0,0.0,30.0,0,0.0,0,14932434.0,85741415285.165,0,0,0,0
CHL,1998,5.64436806174344,5.64436806174344,25.12986325610773,9.750396601790374,4.18088662700669,53.8361806045338,5.11024954517559,21.929308855575734,0.8947772,0,0.0,30.0,0,0.0,0,15127799.0,81990010704.0602,0,1,1,0
CHL,1999,11.5919139537542,11.5919139537542,25.04844014566552,9.73507626194012,-0.2736313981937,54.6956096251975,3.33687917526023,21.9326518085858,,0,0.0,30.0,0,0.0,0,15319313.0,75578685735.5219,0,0,0,0
CHL,2000,6.20376708218785,6.20376708218785,25.084320983169384,9.771635925444878,4.9716214882971,58.7119233335812,3.84327295706565,21.968396972917127,0.9391959,0,0.0,30.0,0,0.0,0,15503635.0,78339750721.364,0,1,1,0
CHL,2001,5.8676609577396,5.8676609577396,24.994008049243327,9.791132151089542,3.15403492459967,62.144766332768,3.56910053001467,21.96265119796181,,0,0.0,30.0,0,0.0,0,15683849.0,71574739561.4329,0,0,0,0
CHL,2002,3.62905823074114,3.62905823074114,24.97552606737061,9.811620022556982,3.20279913520113,62.4838547414591,2.48939816650705,21.95295983248055,1.1052274,0,0.0,30.0,0,0.0,0,15857925.0,70264045939.2773,0,1,1,0
CHL,2003,4.556949756395,4.556949756395,25.060459574957424,9.847305796147335,4.72324526861041,65.6934161956491,2.8101787574361,22.059970574010663,1.1599142,0,0.0,30.0,0,0.0,0,16024752.0,76492579644.0605,0,1,1,0
CHL,2004,5.01507138064187,5.01507138064187,25.319152925745485,9.901821631189886,6.67425416822923,69.8893603825954,1.05473871403517,22.17975948862229,1.1459329,0,0.0,30.0,0,0.0,0,16187322.0,99075985773.6682,0,1,1,0
CHL,2005,4.89870698303569,4.89870698303569,25.52969500574783,9.948627240684123,5.83704571917758,72.062533372953,3.05257621387849,22.27176701063033,1.3054961,0,0.0,30.0,0,0.0,0,16348778.0,122294145163.192,0,1,1,0
CHL,2006,3.0910197191962,3.0910197191962,25.75920180699082,9.997603305270856,6.04999082563968,73.7116341203328,3.39201733699405,22.36089056391643,1.2768856,0,0.0,30.0,0,0.0,0,16509195.0,153843518170.864,0,1,1,0
CHL,2007,6.11348994449279,6.11348994449279,25.873611338942595,10.038206352264924,5.16823098528431,76.9770240591423,4.40779938398044,22.48222083334112,1.2860486,0,0.0,30.0,0,0.0,0,16671581.0,172491076033.863,0,1,1,0
CHL,2008,10.4571112913238,10.4571112913238,25.91563693006628,10.065408564324374,3.78939280635238,80.676626653784,8.71626873039607,22.5803106347422,1.1968363,0,0.0,30.0,0,0.0,0,16838988.0,179894594475.405,0,1,1,0
CHL,2009,7.42256247898025,7.42256247898025,25.86946820390286,10.044076541744596,-1.11803723642878,66.6860312494996,0.353045178360937,22.525925762962387,1.2743821,0,0.0,30.0,0,0.0,0,17009731.0,171777900623.892,0,1,1,0
CHL,2010,6.84144686828522,6.84144686828522,26.103399149920605,10.090899414733146,5.85165102224047,69.7176802332624,1.41071107954321,22.631085883839727,1.155394,0,0.0,30.0,0,0.0,0,17181464.0,217051209238.534,0,1,1,1
CHL,2011,10.4897738058645,10.4897738058645,26.25024181444657,10.14141228783798,6.22389678509138,72.481642209343,3.34121694259302,22.737901222126748,1.2408511,0,0.0,30.0,0,0.0,0,17351816.0,251382573893.87,0,1,1,1
CHL,2012,11.9097449981544,11.9097449981544,26.31060730934213,10.19154996572677,6.15534001855494,68.1561435339271,3.00744840213047,22.754472553664627,1.2838887,0,0.0,30.0,0,0.0,0,17519119.0,267024782486.855,0,1,1,1
CHL,2013,7.61396398974862,7.61396398974862,26.34870838807766,10.214562070087814,3.30850824710085,65.1432877063737,1.7895555398459,22.77988925982676,1.2255779,0,0.0,30.0,0,0.0,0,17687006.0,277395018842.417,0,1,1,1
CHL,2014,9.83500371419039,9.83500371419039,26.28225749547159,10.222361595421855,1.79264947139259,65.6346274347707,4.71867527854672,22.798917308843173,1.1023819,0,0.0,30.0,0,0.0,0,17864195.0,259560978224.359,0,1,1,1
CHL,2015,7.32780348711267,7.32780348711267,26.214062808143154,10.233437079779824,2.15194249981184,59.3491105681231,4.34877353217044,22.73729760659312,1.0506453,0,0.0,30.0,0,0.0,0,18047625.0,242450355830.884,0,1,1,1
CHL,2016,4.55707488153847,4.55707488153847,26.24210277088577,10.23872142815774,1.753038749071,56.0578603070995,3.78619355893118,22.74391114115819,0.9734877,0,0.0,30.0,0,0.0,0,18267221.0,249344863928.438,0,1,1,1
CHL,2017,1.89647029836548,1.89647029836548,26.344225459504862,10.23636755830425,1.35769537343957,56.0261586393213,2.18271846868519,22.81408779172289,0.9620758,0,0.0,30.0,0,0.0,0,18558868.0,276154259981.097,0,1,1,1
CHL,2018,2.68461345207245,2.68461345207245,26.413143969344564,10.257638537971085,3.99002947789977,58.1770513035882,2.43488981353057,22.84935983457148,1.0356277,0,0.0,30.0,0,0.0,0,18893191.0,295857562991.709,0,1,1,1
CHL,2019,4.87915172452024,4.87915172452024,26.351995826776083,10.248068929976451,0.644223402631923,57.6069157856537,2.55754475703327,22.85745504636061,1.0469727,0,0.0,30.0,0,0.0,0,19197744.0,278308438545.118,0,1,1,1
CHL,2020,4.50500989019161,4.50500989019161,26.26100832961898,10.17574136365319,-6.1396969411886,58.1687693933374,3.04549084804326,22.80941423075096,0.8727629,0,0.0,30.0,0,0.0,0,19370624.0,254103710483.324,0,1,1,1
CHL,2021,4.81031437211446,4.81031437211446,26.47744827073201,10.278721456450263,11.3374032409913,64.8399924791736,4.52456838259144,22.94040456278395,0.8697585,0,0.0,30.0,0,0.0,0,19456334.0,315507493783.262,0,1,1,1
CHL,2022,6.2344860828365,6.2344860828365,26.4307057619826,10.294192644924529,2.06391864254198,75.2334197533759,11.643866711056,23.00850352516077,0.8753581,0,0.0,30.0,0,0.0,0,19553036.0,301099244104.003,0,1,1,1
CHL,2023,5.72340675956374,5.72340675956374,26.53978975715613,10.295543790932191,0.677024831595858,60.6766444736157,7.58168251407962,23.061128330963044,0.9969509,0,0.0,30.0,0,0.0,0,19658835.0,335802745366.38,0,1,1,1
CHL,2024,3.97989457086765,3.97989457086765,26.52011547377941,10.31783456918808,2.80512637106611,63.9577465302563,4.29763891572524,23.098567534520768,0.964461,0,0.0,30.0,0,0.0,0,19764771.0,329260633698.726,0,1,1,1
CHN,1996,4.62623979720429,4.62623979720429,27.49006098301932,8.024773231594326,9.97328781228394,33.6287512313005,8.3131587270211,22.51877355660762,-0.312828899999999,0,0.0,30.0,0,0.0,0,1217550000.0,868523936530.083,0,1,1,0
CHN,1997,4.69530688267996,4.69530688267996,27.59824331581577,8.103442933039796,9.29759460595947,34.3135763220021,2.78646505531882,22.476508896653133,,0,0.0,30.0,0,0.0,0,1230075000.0,967753570434.667,0,0,0,0
CHN,1998,4.40097362165008,4.40097362165008,27.667482392413262,8.17010030600804,7.92354535108497,32.1717399357488,-0.773186011549318,22.40631016485508,-0.438168399999999,0,0.0,30.0,0,0.0,0,1241935000.0,1037134141760.35,0,1,1,0
CHN,1999,3.71556393762674,3.71556393762674,27.72981902795014,8.236004016475556,7.74123827728161,33.2255380760054,-1.40147268276465,22.482107939949262,,0,0.0,30.0,0,0.0,0,1252735000.0,1103843203575.64,0,0,0,0
CHN,2000,3.43984725315719,3.43984725315719,27.832945051188403,8.310382302567918,8.57357328926101,39.0109424774998,0.347811226864587,22.53350803734769,-0.4964127,0,0.0,30.0,0,0.0,0,1262645000.0,1223754919971.05,0,1,1,0
CHN,2001,3.47245235578959,3.47245235578959,27.93484957377128,8.38307547975936,8.32404695347056,38.0826469518334,0.719125609120114,22.48321774456312,,0,0.0,30.0,0,0.0,0,1271850000.0,1355036590251.52,0,0,0,0
CHN,2002,3.56241418263928,3.56241418263928,28.029677552247968,8.464716423263598,9.23604870383861,42.1944423387413,-0.731970902350244,22.50748547241988,-0.517367399999999,0,0.0,30.0,0,0.0,0,1280400000.0,1489821682050.54,0,1,1,0
CHN,2003,3.43849537731211,3.43849537731211,28.15213561314293,8.554832112480714,10.1138119025242,51.0774801301803,1.12760348729637,22.61443836228556,-0.505060899999999,0,0.0,30.0,0,0.0,0,1288400000.0,1683903309843.85,0,1,1,0
CHN,2004,3.43299015092913,3.43299015092913,28.31623518808009,8.64547877891076,10.1404291872206,58.6403340408439,3.82463743108159,22.724386719390942,-0.3548072,0,0.0,30.0,0,0.0,0,1296075000.0,1984196551300.44,0,1,1,0
CHN,2005,4.49218509012467,4.49218509012467,28.47153226922324,8.748034923251074,11.4535130030645,61.3600749408237,1.77641407667571,22.787285622685296,-0.4690918,0,0.0,30.0,0,0.0,0,1303720000.0,2317551298052.05,0,1,1,0
CHN,2006,4.44499743873593,4.44499743873593,28.65759965460885,8.861791084711346,12.6752842281595,63.5695798621627,1.6494309945586,22.84210927124668,-0.3960377,0,0.0,30.0,0,0.0,0,1311020000.0,2791498472804.33,0,1,1,0
CHN,2007,4.33537500236917,4.33537500236917,28.91308094461452,8.988918307726388,14.1507710506103,61.2664640006176,4.81676767378834,22.936596452914,-0.245126899999999,0,0.0,30.0,0,0.0,0,1317885000.0,3604055822571.63,0,1,1,0
CHN,2008,3.67520717506325,3.67520717506325,29.17161180652297,9.07608894912123,9.66877608164454,56.7111330003209,5.92525137041092,23.01151048642932,-0.1403096,0,3.610917912644224,0.0,1,36.0,1,1324655000.0,4667346414521.95,0,1,1,0
CHN,2009,2.52538984334254,2.52538984334254,29.277673325200087,9.161011597551829,9.40610014336416,44.4197644331119,-0.728165250932898,22.96305985819117,-0.148319999999999,0,4.394449154672439,1.0,0,80.0,0,1331260000.0,5189577094997.58,0,1,1,0
CHN,2010,3.93541996731512,3.93541996731512,29.454370474549485,9.25685676883205,10.5916903885704,49.8540722338977,3.17532475269199,23.06297000819351,-0.1269778,0,0.0,2.0,0,0.0,0,1337705000.0,6192564874453.29,0,1,1,1
CHN,2011,3.65069190228423,3.65069190228423,29.66856680648276,9.341799943421629,9.46205248298186,49.9458272253643,5.55389892257493,23.15978514074127,-0.104167,0,0.0,3.0,0,0.0,0,1345035000.0,7671757207851.29,0,1,1,1
CHN,2012,2.78099138181613,2.78099138181613,29.79131250636236,9.410660182538072,7.8578201481217,47.4802130784317,2.61952432645541,23.17341846821169,-0.132009799999999,0,0.0,4.0,0,0.0,0,1354190000.0,8673664713189.24,0,1,1,1
CHN,2013,2.98598708261986,2.98598708261986,29.90758294675552,9.47890680826462,7.77842954757257,45.9160413795571,2.62105001748115,23.155966434512465,-0.1410284,0,0.0,5.0,0,0.0,0,1363240000.0,9743124247267.24,0,1,1,1
CHN,2014,2.51155883670463,2.51155883670463,29.99888194277621,9.544561417896006,7.46100735778161,44.0684564812532,1.92164162788521,23.1662936560856,0.4896286,0,0.0,6.0,0,0.0,0,1371860000.0,10674533168257.4,0,1,1,1
CHN,2015,2.14957284731563,2.14957284731563,30.05412459232143,9.606233738335606,6.98162255562367,38.6971848362625,1.43702380935655,23.09542509556812,0.5336101,0,5.736572297479192,7.0,0,309.0,0,1379860000.0,11280814787468.9,0,1,1,1
CHN,2016,1.52539470315394,1.52539470315394,30.06953682853307,9.666044578850414,6.7736886867727,36.177170692978,2.00000182191943,23.134939987481022,0.543189,0,0.0,8.0,0,0.0,0,1387790000.0,11456024084962.0,0,1,1,1
CHN,2017,1.32468971748482,1.32468971748482,30.159749980055587,9.726633803858132,6.89123916636191,36.95085261586,1.59313600071436,23.18641857791804,0.5787617,0,0.0,9.0,0,0.0,0,1396215000.0,12537559062282.9,0,1,1,1
CHN,2018,1.66361992284408,1.66361992284408,30.280577831647307,9.787349672225645,6.757806142324,36.8943843914718,2.07479039965576,23.235880067715488,0.5311035,0,0.0,10.0,0,0.0,0,1402760000.0,14147765772963.8,0,1,1,1
CHN,2019,1.28549226847992,1.28549226847992,30.309310635367726,9.842706611619988,6.06737806333672,35.4544350281407,2.89923416358227,23.246572714170203,0.6706547,0,0.0,11.0,0,0.0,0,1407745000.0,14560167101283.4,0,1,1,1
CHN,2020,1.68770756292082,1.68770756292082,30.3388322329001,9.863451772259127,2.33950385203023,34.337778473884,2.41942189457782,23.215032916644184,0.5674972,0,0.0,0.0,1,0.0,1,1411100000.0,14996414166715.1,0,1,1,1
CHN,2021,1.8903454142588,1.8903454142588,30.53253604189552,9.944787728776689,8.57038414981781,36.6428789643754,0.981015135544882,23.31570420886852,0.6669456,0,0.0,1.0,0,0.0,0,1412360000.0,18201698719564.0,0,1,1,1
CHN,2022,1.03841365474349,1.03841365474349,30.538837877796663,9.975776239463904,3.13385438394069,37.512555678171,1.97357555739051,23.320177416283705,0.5292387,0,0.0,2.0,0,0.0,0,1412175000.0,18316765021690.2,0,1,1,1
CHN,2023,0.280991103634816,0.280991103634816,30.536301007448845,10.029558457765413,5.41600334492955,36.7391496938394,0.234836828893051,23.357003146866624,0.7776287,0,5.683579767338681,3.0,0,293.0,0,1410710000.0,18270356654533.2,0,1,1,1
CHN,2024,0.227695125306895,0.227695125306895,30.56112992992396,10.07918207035862,4.95830378788091,37.9560601372544,0.218128938439177,23.3895051218479,0.8957842,0,0.0,4.0,0,0.0,0,1408975000.0,18729668435848.0,0,1,1,1
CIV,1996,1.48963672945104,1.48963672945104,23.61758273755705,8.477924124534658,7.72932741916973,52.8042944211567,2.48080669187551,22.235005868236097,0.2677542,0,0.0,30.0,0,0.0,0,15442312.0,18071152830.6101,0,1,1,0
CIV,1997,2.30201825162195,2.30201825162195,23.616276223803062,8.531615598949637,9.6488400474633,54.0062903380367,4.02083333333306,22.22577409235072,,0,0.0,30.0,0,0.0,0,16047170.0,18047558037.7036,0,0,0,0
CIV,1998,3.87417179081598,3.87417179081598,23.699797694378297,8.535655581685507,4.26390594437231,53.6538337944761,4.61144759515372,22.23701696985216,-0.3071658,0,0.0,30.0,0,0.0,0,16663948.0,19619654755.679,0,1,1,0
CIV,1999,1.24714569492904,1.24714569492904,23.66089178930356,8.514668803427124,1.16685998202273,55.8935626908747,0.702375805955961,22.225479233470267,,0,0.0,30.0,0,0.0,0,17215935.0,18870992455.568,0,0,0,0
CIV,2000,1.41578193433815,1.41578193433815,23.531314235655728,8.4843344119357,-0.265789462275947,54.9639916295152,2.53077516737997,22.236077383145908,-1.1469455,0,0.0,30.0,0,0.0,0,17699004.0,16577533891.8785,0,1,1,0
CIV,2001,1.62207726789971,1.62207726789971,23.545271731735298,8.435804983227754,-2.15401249077306,53.1141047180447,4.36152914007256,22.23741146402281,,0,0.0,30.0,0,0.0,0,18178913.0,16810537043.8407,0,0,0,0
CIV,2002,1.17744492416162,1.17744492416162,23.61665433550389,8.382280366515028,-2.73052647441901,55.9019482275388,3.07726485157427,22.28831045001164,-1.31375439999999,0,6.495265555937008,0.0,1,661.0,1,18654771.0,18054383320.8474,0,1,1,0
CIV,2003,0.778244315036861,0.778244315036861,23.77970528610591,8.308945743501942,-4.72586658630681,53.260060681877,3.29680746974208,22.424856523117125,-1.31877009999999,0,4.948759890378168,0.0,1,140.0,1,19125542.0,21251754340.4305,0,1,1,0
CIV,2004,1.20362782194335,1.20362782194335,23.88071618585825,8.31604970914703,3.18503822575397,58.1182963035946,1.45798835600741,22.55615698591016,-1.6168878,0,3.871201010907891,0.0,1,47.0,1,19595000.0,23510575681.3686,0,1,1,0
CIV,2005,1.45218108383072,1.45218108383072,23.90285676465365,8.302086187324209,0.996065564854788,62.8209360402806,3.88583039886482,22.63934716634759,-1.5345441,0,0.0,1.0,0,0.0,0,20068458.0,24036918703.1747,0,1,1,0
CIV,2006,1.38823180058485,1.38823180058485,23.95333530906798,8.306296905975804,2.81557859252327,63.690377061452,2.46719148596915,22.73058672763309,-1.37833769999999,0,0.0,2.0,0,0.0,0,20546802.0,25281413263.3712,0,1,1,0
CIV,2007,1.54311664780089,1.54311664780089,24.082254532287585,8.293979773538243,1.10142976793477,61.4309423484426,1.89200629349598,22.861861304855083,-1.40156179999999,0,0.0,3.0,0,0.0,0,21030558.0,28760090953.3081,0,1,1,0
CIV,2008,1.37441880759786,1.37441880759786,24.25192490298685,8.317950176557925,4.7826659787672,61.9406212969499,6.30852769152578,22.961684329212662,-1.3605844,0,0.0,4.0,0,0.0,0,21514439.0,34078240293.2559,0,1,1,0
CIV,2009,1.17339078576713,1.17339078576713,24.2462917859872,8.331124859844182,3.60332156667053,66.6729037469185,1.01950457731138,22.88998019731748,-1.1486226,0,0.0,5.0,0,0.0,0,21997940.0,33886813250.2036,0,1,1,0
CIV,2010,1.02606239201511,1.02606239201511,24.276792468641048,8.375326488527564,6.84804939907013,67.472940081257,1.2264561213548,22.969702440250064,-1.25140649999999,0,0.0,6.0,0,0.0,0,22488065.0,34936307980.063,0,1,1,1
CIV,2011,0.822954277239134,0.822954277239134,24.325871209512464,8.298399550046684,-5.37044724000579,64.7159030611345,4.9124339505245,23.074159040801103,-1.20852,0,4.59511985013459,0.0,1,98.0,1,22982000.0,36693710801.3976,0,1,1,1
CIV,2012,0.909737108884904,0.909737108884904,24.31514701635092,8.350952492293237,7.62041176451649,70.3010893191249,1.30451119915606,23.08267576024589,-1.06664579999999,0,0.0,1.0,0,0.0,0,23467078.0,36302302877.2977,0,1,1,1
CIV,2013,0.953203642314205,0.953203642314205,24.47887443021179,8.433207130028784,10.7602131311256,58.3526792527234,2.58117037252936,23.119437081234743,-0.9238056,0,0.0,2.0,0,0.0,0,23939775.0,42760235484.6093,0,1,1,1
CIV,2014,0.899528920528967,0.899528920528967,24.61187702429764,8.498542504696621,9.37199994240375,53.6804175610344,0.448682076766141,23.14477735352765,-0.721840199999999,0,0.0,3.0,0,0.0,0,24527395.0,48843005613.7091,0,1,1,1
CIV,2015,1.07914154751206,1.07914154751206,24.54787749819268,8.53913083488156,7.19494942728191,52.7153604615931,1.25149954781468,23.05931105485508,-0.5999604,0,0.0,4.0,0,0.0,0,25246342.0,45815005169.2651,0,1,1,1
CIV,2016,1.19375800859004,1.19375800859004,24.60292598981448,8.579395076367996,7.17275963956332,47.5655783613535,0.723178457513308,23.06442731045468,-0.610353199999999,0,0.0,5.0,0,0.0,0,25989405.0,48407761036.8238,0,1,1,1
CIV,2017,1.85673486381973,1.85673486381973,24.68431410265321,8.622661558625039,7.41076242592504,48.6625074729482,0.685881065304603,23.12378948101928,-0.5958625,0,0.0,6.0,0,0.0,0,26733372.0,52512343996.69,0,1,1,1
CIV,2018,1.05998699614336,1.05998699614336,24.792676753054497,8.642987076130865,4.84314605889178,46.0375087102874,0.401297817263547,23.18523313762515,-0.5079239,0,0.0,7.0,0,0.0,0,27464173.0,58522477786.6889,0,1,1,1
CIV,2019,1.40583048179048,1.40583048179048,24.82397170140348,8.681846641144439,6.72137167584978,44.6604105830795,0.790855512053661,23.209023652754,-0.489134199999999,0,0.0,8.0,0,0.0,0,28193009.0,60382894697.3557,0,1,1,1
CIV,2020,1.13111245703154,1.13111245703154,24.86684257365953,8.663517579324855,0.699728593494228,41.9426318190526,2.41252617189053,23.170878290312853,-0.4875808,0,0.0,9.0,0,0.0,0,28915449.0,63027852805.4204,0,1,1,1
CIV,2021,1.91282655892028,1.91282655892028,25.01090811709692,8.707020642526063,7.06253713446816,45.1140327762435,4.15919657911798,23.30012724973989,-0.5005974,0,0.0,10.0,0,0.0,0,29639736.0,72794636653.7793,0,1,1,1
CIV,2022,2.2547265327193,2.2547265327193,24.984858148350582,8.74389264622127,6.39988362730921,52.8663910413483,5.23352856100843,23.341098855025475,-0.354842,0,0.0,11.0,0,0.0,0,30395002.0,70922824813.9102,0,1,1,1
CIV,2023,3.07641433618414,3.07641433618414,25.11499911646221,8.782767508086865,6.60000045209176,48.8170039103332,4.36972254867474,23.382298616516827,-0.3185096,0,0.0,12.0,0,0.0,0,31165654.0,80780312569.1646,0,1,1,1
CIV,2024,3.58346670744132,3.58346670744132,25.190474019912934,8.816858867967543,6.0195346193922,51.2649845400983,3.45053028131019,23.413209560837736,-0.3157177,0,0.0,13.0,0,0.0,0,31934230.0,87113179149.284,0,1,1,1
CMR,1996,0.941242103821204,0.941242103821204,23.12962868988137,8.182445238948347,4.21507214953058,45.1156121020442,3.92406372749798,22.248339436356183,-0.8080335,0,4.04305126783455,0.0,1,56.0,1,13414757.0,11093538846.4483,0,1,1,0
CMR,1997,1.38667291495375,1.38667291495375,23.101835423357333,8.200207945319606,4.52731376625037,48.4696352704455,4.78623881860376,22.23803149743671,,0,0.0,1.0,0,0.0,0,13775214.0,10789458432.6416,0,0,0,0
CMR,1998,0.488852764808766,0.488852764808766,23.14790438904828,8.21990031641244,4.72553484802563,42.2946538344074,3.17075185386907,22.246384193512075,-1.05306299999999,0,0.0,2.0,0,0.0,0,14144860.0,11298144990.4104,0,1,1,0
CMR,1999,0.302700390243536,0.302700390243536,23.17132059266984,8.237495736314854,4.51130422140731,37.2383798464814,1.87174500672008,22.22359692738658,,0,0.0,3.0,0,0.0,0,14525140.0,11565826464.8921,0,0,0,0
CMR,2000,1.51144473289681,1.51144473289681,23.080961960513765,8.24877615174057,3.83241779430614,47.9279442460149,1.22719012976132,22.23580588546185,-1.0516097,0,0.0,4.0,0,0.0,0,14912631.0,10566579294.9831,0,1,1,0
CMR,2001,-0.10652670822566,-0.10652670822566,23.11692353928596,8.264845584823076,4.32426119221549,51.5722691890366,4.41977245881146,22.23570513949037,,0,0.0,5.0,0,0.0,0,15309490.0,10953485349.1135,0,0,0,0
CMR,2002,4.06898458469026,4.06898458469026,23.24235258062516,8.281830125584047,4.47702683369155,48.4817227279603,2.83442260128067,22.289978383735512,-1.2050191,0,0.0,6.0,0,0.0,0,15725528.0,12417251350.4882,0,1,1,0
CMR,2003,2.09694383064128,2.09694383064128,23.49399752565317,8.307652039686158,5.45315368881347,40.2431925894529,0.623163557374316,22.42982078662025,-1.2859289,0,0.0,7.0,0,0.0,0,16160340.0,15970315034.9903,0,1,1,0
CMR,2004,0.361118040793554,0.361118040793554,23.65851610446983,8.348293095370854,7.04886281858374,41.8377424272557,0.233647380067584,22.56526764939584,-1.048838,0,0.0,8.0,0,0.0,0,16610487.0,18826214135.6419,0,1,1,0
CMR,2005,1.24860831295214,1.24860831295214,23.694185416305896,8.342773780590425,2.22827020924117,44.9976813478478,2.01353950175986,22.652598214167146,-1.0799827,0,0.0,9.0,0,0.0,0,17074594.0,19509852206.9341,0,1,1,0
CMR,2006,0.282739555044298,0.282739555044298,23.76351788260316,8.35267637269641,3.80958327566137,47.1044341803567,5.11757816019469,22.74625705972945,-1.0844884,0,0.0,10.0,0,0.0,0,17550407.0,20910512974.933,0,1,1,0
CMR,2007,0.792290665611713,0.792290665611713,23.898325624327523,8.366979247186629,4.32758900972871,53.2156908605178,0.921402245650095,22.881003492435063,-0.9545798,0,0.0,11.0,0,0.0,0,18049896.0,23928250433.0378,0,1,1,0
CMR,2008,0.0757546676819469,0.0757546676819469,24.04524474457189,8.36643225407062,2.8476778892105,56.9244171562734,5.33780627627498,22.987069132410543,-0.894691,0,0.0,12.0,0,0.0,0,18574056.0,27715142032.913,0,1,1,0
CMR,2009,2.671669501987,2.671669501987,24.053073559875056,8.363243833710019,2.57925177738754,42.1761073594765,3.04361847939999,22.912863508734183,-0.8292826,0,0.0,13.0,0,0.0,0,19113974.0,27932970317.129,0,1,1,0
CMR,2010,1.94952386693621,1.94952386693621,24.03772459790954,8.36324519792393,2.89902472122014,47.2385853965951,1.27538046242338,22.99665993932504,-0.8190524,0,0.0,14.0,0,0.0,0,19668066.0,27507501821.0296,0,1,1,1
CMR,2011,2.13270391251932,2.13270391251932,24.145275482952204,8.368194672687013,3.37921128506045,51.521987603918,2.93969946305091,23.10489693877194,-0.842170299999999,0,0.0,15.0,0,0.0,0,20232304.0,30630910495.217,0,1,1,1
CMR,2012,1.7488404761216,1.7488404761216,24.12961865081065,8.385285898193393,4.62597872209571,50.0360127271229,2.73529677529539,23.117103387536467,-0.8326177,0,0.0,16.0,0,0.0,0,20809529.0,30155062329.2821,0,1,1,1
CMR,2013,1.62296806273401,1.62296806273401,24.241612607044,8.4059425449382,4.99552916130783,49.6745363462134,2.05034718001741,23.15243676895252,-0.795054399999999,0,0.0,17.0,0,0.0,0,21402376.0,33728621180.3231,0,1,1,1
CMR,2014,1.99484327731063,1.99484327731063,24.317464892319503,8.431305509024988,5.71981814509198,50.8323893087648,1.85489850366777,23.180212743113984,-0.575134599999999,0,8.47407690034261,18.0,0,4788.0,0,22059893.0,36386544706.0806,0,1,1,1
CMR,2015,2.15564021048479,2.15564021048479,24.195550034676792,8.455034083295281,5.66695298703932,45.5401468279393,2.676235314199,23.09186768080085,-0.6267228,0,6.903747257584598,0.0,1,995.0,1,22763414.0,32210233020.4569,0,1,1,1
CMR,2016,1.96334943457327,1.96334943457327,24.24415072241004,8.469500116137452,4.53579423678801,40.6386315268268,0.874190383288856,23.092414296354587,-0.612498099999999,0,5.402677381872279,0.0,1,221.0,1,23454161.0,33814337044.3765,0,1,1,1
CMR,2017,2.25620975874553,2.25620975874553,24.30951845308649,8.475949324973753,3.54117654926007,39.1990216052629,0.64040914988195,23.15067212624206,-0.6251,0,4.59511985013459,0.0,1,98.0,1,24128601.0,36098547033.1655,0,1,1,1
CMR,2018,1.91485781286221,1.91485781286221,24.411033477970044,8.487039100162262,3.95551423892049,40.587602877028,1.0688581131292,23.214265907358648,-0.6780214,0,6.626717749249025,0.0,1,754.0,1,24806383.0,39955552189.795,0,1,1,1
CMR,2019,2.58340602489154,2.58340602489154,24.40380454170895,8.493383087359868,3.47505998194981,43.3785132480415,2.45280214062732,23.244596222462008,-0.7379684,0,6.542471960506805,0.0,1,693.0,1,25506095.0,39667757527.6578,0,1,1,1
CMR,2020,1.65595614712353,1.65595614712353,24.431291849686872,8.468734180624411,0.259932915907115,33.7388313623871,2.43760882182236,23.204592350543,-0.8271415,0,6.063785208687608,0.0,1,429.0,1,26210558.0,40773241177.0505,0,1,1,1
CMR,2021,2.14061326900656,2.14061326900656,24.53019356591189,8.475027853764898,3.33885747179505,36.7308347188558,2.27185762503637,23.33458708085628,-0.787710799999999,0,6.366470447731438,0.0,1,581.0,1,26915758.0,45011937346.8384,0,1,1,1
CMR,2022,2.08735032157122,2.08735032157122,24.515315546480867,8.485423926599417,3.7367840056412,41.2866025594679,6.24767713343861,23.376960890103767,-0.7843452,0,6.008813185442595,0.0,1,406.0,1,27632771.0,44347206072.5513,0,1,1,1
CMR,2023,1.68299656289954,1.68299656289954,24.611293268518576,8.491926911884857,3.34756290750219,37.8903321242578,7.38281384280984,23.408937768337235,-0.778701699999999,0,5.886104031450156,0.0,1,359.0,1,28372687.0,48814501547.4313,0,1,1,1
CMR,2024,1.66655391243674,1.66655391243674,24.69914014593607,8.500440350988468,3.52472308052245,34.4031785915423,4.53331349711606,23.433906852629573,-0.800788699999999,0,5.44673737166631,0.0,1,231.0,1,29123744.0,53296694320.2057,0,1,1,1
COD,1996,0.429527590786065,0.429527590786065,22.476190390304915,7.187339743836165,-1.02317264257401,60.3162567434145,492.441850235414,,-1.64445929999999,1,7.846980982138788,0.0,1,2557.0,2,45296124.0,5771456952.1908,0,0,0,0
COD,1997,-0.728142744101784,-0.728142744101784,22.530051625651108,7.113460273448841,-5.61704659890269,33.750000421875,198.516707416463,,,1,9.654064192201435,0.0,1,15584.0,2,46029902.0,6090838693.27145,0,0,0,0
COD,1998,0.986360812284015,0.986360812284015,22.55068291952845,7.069917067984268,-1.62415404433756,62.6793067265869,29.1488069236652,,-2.0341809,1,8.571113033405668,0.0,1,5276.0,2,47297600.0,6217805820.77104,0,0,0,0
COD,1999,0.236879334969256,0.236879334969256,22.27322110355667,6.992694077153288,-4.27014083054951,41.1776608191529,284.894975914087,,,1,8.18757739559151,0.0,1,3595.0,2,48912971.0,4711259427.27273,0,0,0,0
COD,2000,0.493452281553792,0.493452281553792,23.672328128210445,6.889002621901991,-6.91092731714194,27.0144029227569,513.906843747535,,-2.0321191,1,7.516433302915632,0.0,1,1837.0,2,50507442.0,19088046305.7971,0,0,0,0
COD,2001,1.37428477040761,1.37428477040761,22.729893255671872,6.836106554638996,-2.10017302429294,25.0419375138391,359.936614264586,,,0,7.544332108053688,0.0,1,1889.0,1,52132646.0,7438189100.33333,0,0,0,0
COD,2002,2.1493797198493,2.1493797198493,22.88980649943861,6.834596033509853,2.94776518253177,29.3168456429821,31.5225826025495,,-2.1492711,0,7.809135398120538,1.0,0,2462.0,0,53750524.0,8728038525.14034,0,0,0,0
COD,2003,4.37764234247167,4.37764234247167,22.91352924814147,6.859661747511935,5.57782231227127,54.0313561776419,12.8739657187405,,-2.15596,0,0.0,2.0,0,0.0,0,55343867.0,8937567059.87754,0,0,0,0
COD,2004,3.97216281770058,3.97216281770058,23.055165380119107,6.895426511981212,6.73837393320788,49.3364146254994,3.99438400815971,,-1.81297619999999,0,0.0,3.0,0,0.0,0,56997741.0,10297483481.223,0,0,0,0
COD,2005,1.42746926673699,1.42746926673699,23.257734461957494,6.924252341823443,6.1351511550716,51.0276749145565,21.3168167229341,,-1.7346249,0,3.555348061489413,0.0,1,34.0,1,58775724.0,12609728573.1032,0,0,0,0
COD,2006,1.65396062655392,1.65396062655392,23.463075945825224,6.9432510787954325,5.10894433184896,44.7667089929736,13.0526949745101,,-1.596995,0,6.001414877961151,0.0,1,403.0,1,60615908.0,15484044534.5783,0,0,0,0
COD,2007,9.83955871746128,9.83955871746128,23.634246420632383,6.99534556634213,8.58332298445387,72.9983031777719,16.945100654195,,-1.6286105,0,6.450470422144176,0.0,1,632.0,1,62477752.0,18374807772.5429,0,0,0,0
COD,2008,7.59918523525185,7.59918523525185,23.84666497197628,7.036887774640993,7.43333574200602,72.9527093196566,17.3013845700157,,-1.64464149999999,0,6.672032945461067,0.0,1,789.0,1,64390664.0,22723488723.3641,0,0,0,0
COD,2009,-1.30701676006767,-1.30701676006767,23.646817636173363,7.01137909251535,0.541570197421564,63.0860045505312,2.79999999999982,,-1.6494137,0,7.6236419465115715,1.0,0,2045.0,0,66412044.0,18607259480.5447,0,0,0,0
COD,2010,11.3498081290486,11.3498081290486,23.90803216842537,7.062177121311024,8.61867717510543,80.9975153909582,7.10000000000037,,-1.67767209999999,0,5.860786223465865,2.0,0,350.0,0,68563038.0,24161641931.0331,0,0,0,0
COD,2011,6.04729215599495,6.04729215599495,23.99634115549813,7.025335675065754,-0.403164081254445,83.4133637998303,15.316515913949,,-1.63878409999999,0,5.814130531825066,0.0,1,334.0,1,70849311.0,26392379641.765,0,0,0,0
COD,2012,9.62926566877035,9.62926566877035,24.125441737327325,7.075082265228584,8.66859360586926,66.7056747465748,9.72182806273364,,-1.5733358,0,6.706862336602747,0.0,1,817.0,1,73254618.0,30029369928.7318,0,0,0,0
COD,2013,4.86537109127196,4.86537109127196,24.275500174691253,7.202468743992154,17.5159124688348,72.5557545139014,0.808223101487111,,-1.369127,1,7.362010551259734,0.0,1,1574.0,2,75789395.0,34891189160.3002,0,0,0,0
COD,2014,3.90992337722209,3.90992337722209,24.37009808150149,7.239041529698856,7.30227750870263,74.1131729382021,1.24303889760803,,-1.40088869999999,0,6.918695219020472,0.0,1,1010.0,1,78403242.0,38352980552.8665,0,0,0,0
COD,2015,2.90127515060918,2.90127515060918,24.41662460619009,7.267676008358526,6.35973756164829,57.7539236163245,0.74419899478147,,-1.4727107,0,5.288267030694535,1.0,0,197.0,0,81035531.0,40179574490.3032,0,0,0,0
COD,2016,2.41546438746157,2.41546438746157,24.376523922065424,7.236196519104365,0.393832798154563,68.0083342860132,2.88585107289988,,-1.3846284,0,6.665683717782408,0.0,1,784.0,1,83956415.0,38600224214.4728,0,0,0,0
COD,2017,2.79181852942997,2.79181852942997,24.34860684476201,7.2411654161707215,4.24121047272719,65.9184525277578,,,-1.45882809999999,1,8.197814032221203,0.0,1,3632.0,2,87083398.0,37537521565.5308,0,0,0,0
COD,2018,3.01664160584951,3.01664160584951,24.56615211966622,7.266637753410007,6.07168870646615,72.5591739081336,,,-1.5190922,0,6.706862336602747,0.0,1,817.0,1,90047644.0,46659954092.4862,0,0,0,0
COD,2019,2.88391132652101,2.88391132652101,24.570129335932894,7.24048094505678,0.555384294580819,60.9143523742792,,,-1.57826,0,6.717804695023691,0.0,1,826.0,1,92947442.0,46845900350.0332,0,0,0,0
COD,2020,3.20844071096691,3.20844071096691,24.56683846118996,7.2159955101488125,0.775427992354622,61.0284707727916,,,-1.6808836,0,7.158513997329321,0.0,1,1284.0,1,95989998.0,46691989748.9186,0,0,0,0
COD,2021,2.84027556004194,2.84027556004194,24.8019431322206,7.245930067547634,6.42961005647355,75.3870523860732,,,-1.70495509999999,0,6.950814768442584,0.0,1,1043.0,1,99148932.0,59067289573.5102,0,0,0,0
COD,2022,2.00131622839817,2.00131622839817,24.977776466537,7.302724442752253,9.31116944064918,85.8221691879958,,,-1.73411619999999,0,7.467942332285852,0.0,1,1750.0,1,102396968.0,70422346142.2023,0,0,0,0
COD,2023,3.40082269757578,3.40082269757578,24.96952508710367,7.352016692733012,8.5334898318451,86.7400581798289,,,-1.65795039999999,0,6.654152520183219,0.0,1,775.0,1,105789731.0,69843655425.2929,0,0,0,0
COD,2024,3.84997694352814,3.84997694352814,25.050257661551043,7.378826629513212,6.1025294442863,94.2484870645646,,,-1.6934449,0,7.080867896690782,0.0,1,1188.0,1,109276265.0,75716176105.0704,0,0,0,0
COG,1996,2.4571054845724,2.4571054845724,21.655704501951497,8.96342241073315,4.29048155870402,128.407663306917,10.0311203319503,22.09956165408864,-1.307264,0,0.0,3.0,0,0.0,0,2826785.0,2540697539.05773,0,1,1,0
COG,1997,-2.11824149757414,-2.11824149757414,21.56600436335908,8.93577827552112,-0.624812152260716,135.758179538246,,22.090376772110385,,1,9.213734605044198,0.0,1,10033.0,2,2887862.0,2322719102.6909,0,0,0,0
COG,1998,-8.70306930470468,-5.087275859003976,21.39082921477399,8.950485133617422,3.73755276980884,148.901662464134,,22.093215829366923,-1.3132251,1,8.09346227450118,0.0,1,3272.0,2,2952061.0,1949481379.21951,0,0,0,0
COG,1999,-2.90043469110616,-2.90043469110616,21.57971015224413,8.89731678537416,-2.58219935813743,131.394190298765,4.14267137284048,22.089993213316703,,0,6.440946540632921,0.0,1,626.0,1,3032874.0,2354772960.28296,0,0,0,0
COG,2000,-3.04039258438044,-3.04039258438044,21.89510618858381,8.932025330650884,7.5759803952642,123.909884405671,-0.881991517025431,22.10667613439332,-1.3111633,0,0.0,1.0,0,0.0,0,3151345.0,3227927697.57921,0,1,0,0
COG,2001,-4.84426109284501,-4.84426109284501,21.751707633875704,8.931610002300108,3.80260189913561,130.732481081873,0.0559899218140583,22.104063310053107,,0,0.0,2.0,0,0.0,0,3272537.0,2796704604.03812,0,0,0,0
COG,2002,6.59456506726084,6.59456506726084,21.833230418466563,8.952785083012554,4.58187006108889,135.45607107226,4.37875971780873,22.15468571667032,-1.3109993,0,5.123963979403259,0.0,1,167.0,1,3350771.0,3034250923.97726,0,1,1,0
COG,2003,6.28014568176251,6.28014568176251,21.97709197942764,8.932932842444005,0.813264076303781,156.861777335368,-0.631844987363156,22.29224940611003,-1.3193929,0,0.0,1.0,0,0.0,0,3445753.0,3503723087.74483,0,1,1,0
COG,2004,1.90162065209621,1.90162065209621,22.261631919812828,8.932931478948312,3.47663162118089,131.368198717322,2.42976607961799,22.426344449210323,-1.1452811,0,0.0,2.0,0,0.0,0,3565554.0,4656974940.12721,0,1,1,0
COG,2005,12.0498455846018,12.0498455846018,22.61788294431872,8.971590430325028,7.75575897806648,119.552892262402,3.09449011456182,22.51465527226843,-1.285593,0,0.0,3.0,0,0.0,0,3696393.0,6650001680.48544,0,1,1,0
COG,2006,18.4459801245354,18.4459801245354,22.811704907820065,9.010984120798982,7.98623836334291,125.600762974491,6.53784395299604,22.607501073935147,-1.28843059999999,0,0.0,4.0,0,0.0,0,3837409.0,8072305029.06514,0,1,1,0
COG,2007,16.216555026587,16.216555026587,22.896050105707527,8.905962977128311,-6.61399480441001,148.586625395069,2.65464645060703,22.74181525921926,-1.31165469999999,0,0.0,5.0,0,0.0,0,3980430.0,8782703436.70188,0,1,1,0
COG,2008,16.7210018165878,16.7210018165878,23.1785598000117,8.934229528768803,6.30637595585259,133.108486659608,4.95875092023152,22.847696487840228,-1.1272144,0,0.0,6.0,0,0.0,0,4113517.0,11649857673.4436,0,1,1,0
COG,2009,12.2288862499697,12.2288862499697,22.997790895256564,9.004355064728795,11.6372888615758,135.552365681975,4.41500374795223,22.77846395552844,-1.12546,0,0.0,7.0,0,0.0,0,4281219.0,9723299915.25312,0,1,1,0
COG,2010,11.5772952217296,11.5772952217296,23.299565627036927,9.057615884459684,9.93126543095578,124.064754399607,0.391525011227612,22.866647842325783,-1.11770219999999,0,0.0,8.0,0,0.0,0,4462290.0,13148396211.5955,0,1,1,1
COG,2011,1.90783479461617,1.90783479461617,23.474080693286734,9.046929395772558,2.20591936286718,124.591742710141,1.75958704273803,22.977962644053708,-1.10321159999999,0,0.0,9.0,0,0.0,0,4609724.0,15655383576.6515,0,1,1,1
COG,2012,-0.391399397519283,-0.391399397519283,23.596429904573743,9.113794951617251,9.94715314257564,97.444435145443,5.01018773134471,22.99223321007016,-1.0475415,0,0.0,10.0,0,0.0,0,4740450.0,17692911296.3044,0,1,0,0
COG,2013,10.4621010083708,10.4621010083708,23.61134166672036,9.082335829574571,-0.712434451876447,93.0028633915235,4.63161619729461,23.0246188919174,-1.1096762,0,0.0,11.0,0,0.0,0,4857099.0,17958720699.0868,0,1,1,1
COG,2014,16.1339951694307,16.1339951694307,23.609145357504755,9.122520301988729,6.64606540928447,104.197620103417,0.912139545450097,23.050775200043443,-0.929383,0,0.0,12.0,0,0.0,0,4975880.0,17919321078.0284,0,1,1,1
COG,2015,34.4182561027248,30.0341103550906,23.24376433725351,9.102499763029446,0.415193061293763,117.320721558581,3.16909796750829,22.964386414618428,-0.8351827,0,0.0,13.0,0,0.0,0,5097581.0,12434793867.3568,0,1,1,1
COG,2016,0.46296936341342,0.46296936341342,23.11489864601132,8.987424984561923,-8.68524343913786,122.259818284021,3.19056179723773,22.965873410396792,-0.8123243,0,4.30406509320417,0.0,1,73.0,1,5222536.0,10931328150.8478,0,1,1,1
COG,2017,37.3227748739474,30.0341103550906,23.194282553307588,8.905548825994948,-5.59477371915547,94.6170952583422,0.450063823285546,23.031135465670392,-0.8685556,0,0.0,1.0,0,0.0,0,5351011.0,11834473039.3645,0,1,1,1
COG,2018,29.2086100198947,29.2086100198947,23.41612796691102,8.857847601355365,-2.30431780125842,100.583216779714,1.15277896375523,23.09242077982597,-0.9770525,0,0.0,2.0,0,0.0,0,5483118.0,14773900288.5135,0,1,1,1
COG,2019,-10.214754646531,-5.087275859003976,23.36065304267918,8.844966146483436,1.12447391976529,91.5757547930374,2.20607305781525,23.11208643731647,-0.9420603,0,3.258096538021482,3.0,0,25.0,0,5616661.0,13976637779.9763,0,1,0,0
COG,2020,-17.2921171034228,-5.087275859003976,23.162886329456544,8.756290267270593,-6.26777227963225,69.3066247188397,1.79537147083108,23.071799122690567,-1.1735413,0,3.258096538021482,4.0,0,25.0,0,5752791.0,11468687464.0046,0,1,0,0
COG,2021,-2.15982873741865,-2.15982873741865,23.41962733797516,8.742448369744233,1.01507036990908,85.5462031552188,1.7156427545126,23.20621641818074,-1.1895932,0,0.0,5.0,0,0.0,0,5892183.0,14825690210.9157,0,1,0,0
COG,2022,3.36508336137956,3.36508336137956,23.48435305439962,8.733127626005237,1.47535613247133,98.1613366922001,3.04344334698478,23.2533401233083,-1.1313765,0,3.258096538021482,6.0,0,25.0,0,6035104.0,15817030154.6941,0,1,1,1
COG,2023,4.0889721782705,4.0889721782705,23.45249391680297,8.727824836911203,1.90686426346754,96.2103944039618,4.30174563591016,23.28844420132973,-1.1669408,0,0.0,7.0,0,0.0,0,6182885.0,15321055822.5167,0,1,1,1
COG,2024,3.83980276481754,3.83980276481754,23.478198738237563,8.724624361841009,2.09998918002519,93.1881220839752,3.09143630919166,23.32153558752137,-1.110638,0,0.0,8.0,0,0.0,0,6332961.0,15719986076.6464,0,1,1,1
COL,1996,3.20262771722448,3.20262771722448,25.299626065799888,9.332835035874073,2.05585471287195,36.0441071863282,20.7975755127402,22.249176274026805,-0.0528413,1,7.088408778675395,0.0,1,1197.0,2,36462745.0,97160109277.8087,0,1,1,0
COL,1997,5.21492781259777,5.21492781259777,25.392907431863115,9.348666937960116,3.43029367788374,35.5970680886793,18.4700217119089,22.273488174159365,,0,6.343880434126331,0.0,1,568.0,1,37121149.0,106659508271.255,0,0,0,0
COL,1998,2.87354611202614,2.87354611202614,25.312751053835825,9.33643366264159,0.569784088434517,35.9089230535138,18.6769799276672,22.29496650057464,-0.4557812,0,6.84587987526405,0.0,1,939.0,1,37792165.0,98443739941.1664,0,1,1,0
COL,1999,1.74959315214541,1.74959315214541,25.179775429620523,9.276100890103294,-4.20401524244947,36.1492793141794,10.8736870857471,22.322878619887625,,1,7.575584651557793,0.0,1,1949.0,2,38454863.0,86186158684.7685,0,0,0,0
COL,2000,2.43950747934181,2.43950747934181,25.327185991480903,9.288550098458048,2.92486148176778,32.6670854693067,9.22534818585366,22.366717762920263,-0.4859849,1,7.540090320145325,0.0,1,1881.0,2,39089934.0,99875074951.0278,0,1,1,0
COL,2001,2.58851936306874,2.58851936306874,25.310278581851595,9.289470400627732,1.67789830787579,33.9011117949445,7.96556090304834,22.377571703341697,,1,7.5310163320779155,0.0,1,1864.0,2,39709262.0,98200641203.3892,0,0,0,0
COL,2002,2.17844751407948,2.17844751407948,25.30768023211172,9.298822618059727,2.50398046659659,32.9826392144234,6.35150728778872,22.403780913635423,-0.7687469,1,8.127995055771946,0.0,1,3387.0,2,40324680.0,97945812802.8882,0,1,1,0
COL,2003,1.81783931129221,1.81783931129221,25.27339856112466,9.322176084602049,3.91827190322513,36.51618351723,7.1297886294186,22.49317017975952,-0.4180993,1,7.643482907077201,0.0,1,2086.0,2,40937429.0,94644969157.0987,0,1,1,0
COL,2004,2.66083488771203,2.66083488771203,25.48622934598465,9.359444495920636,5.33302206759905,35.8634269337995,5.90402005546502,22.60046206232284,-0.248842199999999,1,7.214504414151143,0.0,1,1358.0,2,41543171.0,117092416666.245,0,1,1,0
COL,2005,7.02979401438219,7.02979401438219,25.704132610104875,9.392599840103552,4.82876110773741,37.422697494955,5.05101962689696,22.68468535550472,-0.3124671,1,7.354362330421477,0.0,1,1562.0,2,42128977.0,145600529605.803,0,1,1,0
COL,2006,4.17238510059526,4.17238510059526,25.809583323348644,9.444354595471596,6.71686869844402,39.6413559606293,4.29342363628927,22.76757325397241,-0.204090499999999,0,6.222576268071369,0.0,1,503.0,1,42691084.0,161792958904.864,0,1,1,0
COL,2007,4.30867680626701,4.30867680626701,26.05225566173221,9.496894557138424,6.73819469090975,37.0988970982903,5.54438485815156,22.872316297958168,-0.1895281,0,5.771441123130016,0.0,1,320.0,1,43235374.0,206229540926.312,0,1,1,0
COL,2008,4.35627834630067,4.35627834630067,26.21428466252977,9.51716756906198,3.28344618616541,39.1676494164355,6.99688495554511,22.954760721941472,-0.1818918,0,5.645446897643238,0.0,1,282.0,1,43758808.0,242504150472.931,0,1,1,0
COL,2009,3.45627065154005,3.45627065154005,26.172021270565544,9.516850467768002,1.13964864548062,35.1561285074585,4.20251661216482,22.904323248673617,-0.2490387,0,5.963579343618446,0.0,1,388.0,1,44271541.0,232468663109.595,0,1,1,0
COL,2010,2.24433595561184,2.24433595561184,26.38099925649113,9.549456557914093,4.49465897070922,34.2646031687681,2.27200227892008,22.98866230865364,-0.1486694,0,6.040254711277414,0.0,1,419.0,1,44777319.0,286498534094.963,0,1,1,1
COL,2011,4.37269536127322,4.37269536127322,26.53729527352686,9.605914724177834,6.94789198173555,39.4704235545367,3.4150334477625,23.0683357575368,-0.0530657,0,5.313205979041787,0.0,1,202.0,1,45259614.0,334966134804.887,0,1,1,1
COL,2012,4.05728041313345,4.05728041313345,26.63863505423077,9.6342659653333,3.91263576716115,38.835151018669,3.16930188840055,23.09326253870572,-0.104984399999999,0,5.356586274672012,0.0,1,211.0,1,45715810.0,370691143018.039,0,1,1,1
COL,2013,4.24252457969381,4.24252457969381,26.668931695784764,9.674844351416464,5.13399351995672,37.9866487978457,2.01699224310383,23.114177409579494,-0.0488964999999999,0,4.948759890378168,0.0,1,140.0,1,46151584.0,382093697077.685,0,1,1,1
COL,2014,4.24107256687862,4.24107256687862,26.6666972024102,9.709924838864865,4.49903000110972,37.4874656411103,2.89883787761738,23.137450454241066,-0.2072724,0,4.787491742782046,0.0,1,119.0,1,46565429.0,381240864422.407,0,1,1,1
COL,2015,3.95939854860993,3.95939854860993,26.405117479941964,9.730405983672211,2.95590137527523,38.3607641184453,4.9898311584953,23.085862104602995,-0.134012,0,4.90527477843843,0.0,1,134.0,1,46969940.0,293492370193.166,0,1,1,1
COL,2016,4.90164572903473,4.90164572903473,26.36772320023699,9.7411594499171,2.08738250162794,36.202652984202,7.51346024627675,23.09820377191037,-0.115066599999999,0,3.4339872044851463,0.0,1,30.0,1,47437512.0,282720100286.228,0,1,1,1
COL,2017,4.3931823276543,4.3931823276543,26.465842251511656,9.740146721739656,1.35936086788746,35.2829149424588,4.31431325695011,23.15672416481598,-0.1489232,0,3.80666248977032,0.0,1,44.0,1,48131078.0,311866875156.879,0,1,1,1
COL,2018,3.38083573220188,3.38083573220188,26.53500012125111,9.747075312992576,2.56432428277704,36.5347527968973,3.24056932930569,23.20673126309184,-0.113928099999999,0,5.2574953720277815,0.0,1,191.0,1,49024465.0,334198218098.276,0,1,1,1
COL,2019,4.33058240931506,4.33058240931506,26.50101630146092,9.760585050939088,3.18685539245533,37.558533980839,3.52301932741447,23.22490099315262,-0.0738128,0,4.948759890378168,0.0,1,140.0,1,49907985.0,323031701192.84,0,1,1,1
COL,2020,2.7588942895314,2.7588942895314,26.32297712196764,9.671650063802176,-7.18591413760859,34.0555709680101,2.52663500084706,23.187684396106963,-0.082969,0,3.367295829986474,0.0,1,28.0,1,50629997.0,270348342541.465,0,1,1,1
COL,2021,3.00175693787234,3.00175693787234,26.48696565033496,9.763253183522773,10.8011981904878,40.0591463936128,3.49505757399448,23.31006766069581,-0.0318011,0,4.7535901911063645,0.0,1,115.0,1,51188173.0,318524633225.395,0,1,1,1
COL,2022,4.97124137726565,4.97124137726565,26.56864188812422,9.823292217794489,7.32827729427979,48.2826551123359,10.1772313546166,23.374861226683155,0.0015825,0,4.812184355372417,0.0,1,122.0,1,51737944.0,345632492851.448,0,1,1,1
COL,2023,4.57716748279263,4.57716748279263,26.628359648219394,9.82046589151724,0.841819555752039,40.1333165322581,11.7359044948689,23.4331060158897,-0.0421246,0,4.499809670330265,0.0,1,89.0,1,52321152.0,366901643683.302,0,1,1,1
COL,2024,3.25416050189283,3.25416050189283,26.76471990761713,9.824543771688672,1.49330728771066,36.3179938785373,6.60908593728228,23.47622725763778,-0.111099099999999,0,5.424950017481403,0.0,1,226.0,1,52886363.0,420504033143.211,0,1,1,1
CRI,1996,3.65588690245921,3.65588690245921,23.18100893596849,9.433294094067245,1.35045951266757,84.05715799017,17.5114524814591,22.34037562322328,-0.0237363,0,0.0,30.0,0,0.0,0,3619013.0,11678424726.7825,0,1,1,0
CRI,1997,3.245762248878,3.245762248878,23.258120894292205,9.464015112076993,5.47616597492105,87.6131965012773,13.2480440791191,22.369588484974752,,0,0.0,30.0,0,0.0,0,3701711.0,12614602321.5821,0,0,0,0
CRI,1998,4.49056200141056,4.49056200141056,23.339511811685057,9.510821493346468,7.08853729218445,92.0380202177963,11.6592997742233,22.391883998429044,-0.0271567,0,0.0,30.0,0,0.0,0,3782838.0,13684255997.5116,0,1,1,0
CRI,1999,4.34566834693709,4.34566834693709,23.38036417897621,9.530725541513108,4.147800457203,87.5386136418898,10.0452817292494,22.425511509613635,,0,0.0,30.0,0,0.0,0,3862101.0,14254866283.9541,0,0,0,0
CRI,2000,4.81846452551762,4.81846452551762,23.432224264096835,9.548645923744058,3.80207210664838,86.5249233826171,10.9615496593622,22.474270933871995,0.1089203,0,0.0,30.0,0,0.0,0,3937739.0,15013629579.1557,0,1,1,0
CRI,2001,3.89233614145036,3.89233614145036,23.49436435414681,9.56504012152208,3.49117013515725,80.8527575070405,11.2556157091172,22.48710456567392,,0,0.0,30.0,0,0.0,0,4008947.0,15976174476.2368,0,0,0,0
CRI,2002,4.3620269108637,4.3620269108637,23.53139186224784,9.582122972113876,3.41687615891895,80.4139436754132,9.16752048509119,22.51676547407464,0.2004916,0,0.0,30.0,0,0.0,0,4075705.0,16578820799.2885,0,1,1,0
CRI,2003,4.48353973161802,4.48353973161802,23.57233865774513,9.60903056471704,4.31718000096654,83.3277075502937,9.44758091616984,22.598762936903785,0.1932721,0,0.0,30.0,0,0.0,0,4138784.0,17271760397.3311,0,1,1,0
CRI,2004,5.82312653403309,5.82312653403309,23.646996870761143,9.63762458490253,4.42459978667458,85.2564775039755,12.3148150178852,22.70104757520488,0.2661532,0,0.0,30.0,0,0.0,0,4200078.0,18610594843.9248,0,1,1,0
CRI,2005,7.62843541650427,7.62843541650427,23.72102816956999,9.662163809328115,3.97666631433462,89.2226646399546,13.7982949108987,22.783736981736546,0.2312006,0,0.0,30.0,0,0.0,0,4261240.0,20040642420.6914,0,1,1,0
CRI,2006,7.92850432469026,7.92850432469026,23.846315123781444,9.71886569015082,7.3266951372695,89.814554322106,11.4705968149052,22.86306598907209,0.1677132,0,0.0,30.0,0,0.0,0,4321340.0,22715540342.2983,0,1,1,0
CRI,2007,8.33742598522417,8.33742598522417,24.01482321409153,9.784276909326971,8.21513209207497,86.4565956113537,9.35724456417157,22.96264200371605,0.2444248,0,0.0,30.0,0,0.0,0,4380248.0,26884700687.8286,0,1,1,0
CRI,2008,7.90900698205041,7.90900698205041,24.1508372039984,9.817008743824204,4.73817511214847,86.4015124904847,13.4244635507284,23.0375149594609,0.2763826,0,0.0,30.0,0,0.0,0,4440056.0,30801745703.3018,0,1,1,0
CRI,2009,5.2515106858073,5.2515106858073,24.149016446997475,9.794871850778948,-0.87345608994562,69.7593172897331,7.84270167700654,22.986304314439824,0.4024005,0,0.0,30.0,0,0.0,0,4499791.0,30745714234.4959,0,1,1,0
CRI,2010,5.06371170026852,5.06371170026852,24.35182763527607,9.83468222860775,5.36034347722267,67.5120894036891,5.66275708420021,23.06813519107015,0.4026744,0,0.0,30.0,0,0.0,0,4555962.0,37658616965.6866,0,1,1,1
CRI,2011,6.39172538358965,6.39172538358965,24.47893004810573,9.866017052467216,4.40315921836142,68.6391459050112,4.87799830970702,23.151208374371063,0.3641095,0,0.0,30.0,0,0.0,0,4609833.0,42762613784.989,0,1,1,1
CRI,2012,5.70866124116913,5.70866124116913,24.578330171961102,9.902020757386037,4.88259252932575,67.0485391393947,4.49545314354605,23.17870513217417,0.4335446,0,0.0,30.0,0,0.0,0,4663934.0,47231655492.7812,0,1,1,1
CRI,2013,6.29127736182893,6.29127736182893,24.65410409537385,9.915529450222358,2.49476596233289,64.0664108162845,5.23133614174428,23.206136241829164,0.3382818,0,0.0,30.0,0,0.0,0,4716147.0,50949668762.8328,0,1,1,1
CRI,2014,6.23293662665086,6.23293662665086,24.67482505990849,9.939587667348672,3.54210997703849,65.1912422181011,4.51920098516954,23.2327764566187,0.3669615,0,0.0,30.0,0,0.0,0,4767119.0,52016408816.1842,0,1,1,1
CRI,2015,5.23639457041545,5.23639457041545,24.75647799751957,9.964832744497665,3.65208093006359,60.7535621474841,0.801982005099623,23.188006061369222,0.3596651,0,0.0,30.0,0,0.0,0,4818038.0,56441920888.425,0,1,1,1
CRI,2016,4.45296211937019,4.45296211937019,24.79820702514977,9.995905647817125,4.20432320775184,62.178478293067,-0.0174788505908217,23.200636868879474,0.315527,0,0.0,30.0,0,0.0,0,4866998.0,58847019587.626,0,1,1,1
CRI,2017,4.83327522044665,4.83327522044665,24.82617436782776,10.027198090955984,4.15769914676933,65.0719536997344,1.62590692991732,23.258532422177144,0.3339142,0,0.0,30.0,0,0.0,0,4913177.0,60516044660.7496,0,1,1,1
CRI,2018,4.81804579792257,4.81804579792257,24.859516061448968,10.046282379070496,2.85285959760458,66.7874137887726,2.22111461526581,23.310898750006537,0.3528682,0,0.0,30.0,0,0.0,0,4957818.0,62567765946.2665,0,1,1,1
CRI,2019,4.19904890207774,4.19904890207774,24.893853663165764,10.064620774532308,2.70813912948329,65.4194732486775,2.09604635327807,23.33173753079814,0.3043657,0,0.0,30.0,0,0.0,0,4999553.0,64753504730.018,0,1,1,1
CRI,2020,3.34838047556023,3.34838047556023,24.863325865975188,10.01539280592585,-4.14159340574358,59.7463550719484,0.724911478131376,23.29528329330409,0.2258033,0,0.0,30.0,0,0.0,0,5034320.0,62806591554.7345,0,1,1,1
CRI,2021,5.47775634815964,5.47775634815964,24.90667290262771,10.089286340840705,8.21817953969082,70.103693305909,1.72647755109241,23.416617802692667,0.2714874,0,0.0,30.0,0,0.0,0,5059988.0,65588938787.0243,0,1,1,1
CRI,2022,7.34017474268191,7.34017474268191,24.98596298652589,10.13816468551992,5.46119455235068,79.0523903153884,8.27477490232654,23.482950982757814,0.1212348,0,0.0,30.0,0,0.0,0,5081765.0,71001226360.8008,0,1,1,1
CRI,2023,6.05567371313475,6.05567371313475,25.195049043376468,10.18030611747086,4.79187732359398,71.4380310340536,0.525193508693455,23.5426143882593,0.3340948,0,0.0,30.0,0,0.0,0,5105525.0,87512637055.7736,0,1,1,1
CRI,2024,5.58692738273204,5.58692738273204,25.2950410084368,10.21555903482369,4.08292444182048,69.8533786394509,-0.412853001047069,23.58765500233069,0.2868975,0,0.0,30.0,0,0.0,0,5129910.0,96715644330.6612,0,1,1,1
CUB,1996,,,23.94283616858894,,7.83874965899149,32.6253336147218,,22.5314313934466,-1.048861,0,0.0,30.0,0,0.0,0,10962010.0,25017368700.0,0,0,0,0
CUB,1997,,,23.95667190862521,,2.78342504174314,32.7541989320698,,22.562268207378448,,0,0.0,30.0,0,0.0,0,10997934.0,25365908100.0,0,0,0,0
CUB,1998,,,23.97116949593306,,0.159146052326719,32.5046329835855,,22.58917241706192,-0.7825479,0,0.0,30.0,0,0.0,0,11034712.0,25736331200.0,0,0,0,0
CUB,1999,,,24.06840826161847,,6.18875530352257,31.8689322462587,,22.628782188014124,,0,0.0,30.0,0,0.0,0,11072230.0,28364615200.0,0,0,0,0
CUB,2000,,,24.14313448720553,,5.9147601740486,31.0759878817225,,22.67737742266249,-0.4808917,0,0.0,30.0,0,0.0,0,11109109.0,30565400000.0,0,0,0,0
CUB,2001,,,24.17902715859893,,3.18502990449461,29.3610963815873,,22.69297494789277,,0,0.0,30.0,0,0.0,0,11144132.0,31682400000.0,0,0,0,0
CUB,2002,,,24.23750912584238,,1.42482126141282,24.7293133475239,,22.72543622800551,-0.804966,0,0.0,30.0,0,0.0,0,11177418.0,33590500000.0,0,0,0,0
CUB,2003,,,24.30403655806585,,3.79274022304334,26.5871335777077,,22.80577703957677,-0.809981699999999,0,0.0,30.0,0,0.0,0,11209383.0,35901200000.0,0,0,0,0
CUB,2004,,,24.36617988350672,,5.77053807021559,31.3114153338743,,22.903444044927543,-0.580456,0,0.0,30.0,0,0.0,0,11238756.0,38203000000.0,0,0,0,0
CUB,2005,,,24.47614857757917,,11.2016564219094,39.3613744331974,,22.982430140132763,-0.898972799999999,0,0.0,30.0,0,0.0,0,11262554.0,42643836100.0,0,0,0,0
CUB,2006,,,24.611732065959465,,12.0658631129953,37.1880142882062,,23.05847070588625,-0.4655686,0,0.0,30.0,0,0.0,0,11278550.0,48835925925.9259,0,0,0,0
CUB,2007,,,24.717106043079728,,7.26213696647943,37.9676096642032,,23.15119885196725,-0.464055,0,0.0,30.0,0,0.0,0,11287272.0,54262870370.3704,0,0,0,0
CUB,2008,,,24.75399819783544,,4.11682804164681,44.917220748508,,23.21776888047696,-0.4304076,0,0.0,30.0,0,0.0,0,11291762.0,56302129629.6296,0,0,0,0
CUB,2009,,,24.77472867168525,,1.4513054307407,32.9139819587629,,23.16731017801454,-0.4262852,0,0.0,30.0,0,0.0,0,11294719.0,57481481481.4815,0,0,0,0
CUB,2010,,,24.81029979105613,,2.39035229650723,40.2919413008332,,23.241273796396555,-0.595966099999999,0,0.0,30.0,0,0.0,0,11297409.0,59562962962.963,0,0,0,0
CUB,2011,,,24.95722740350443,,2.80230083647626,46.9604290476881,,23.31764570583835,-0.5964777,0,0.0,30.0,0,0.0,0,11301571.0,68990000000.0,0,0,0,0
CUB,2012,,,25.01565492198326,,3.01490028898772,45.8662036340766,,23.343786021782808,-0.4747673,0,0.0,30.0,0,0.0,0,11303175.0,73141000000.0,0,0,0,0
CUB,2013,,,25.06899149189396,,2.74760256257211,44.3238969253902,,23.372067249651185,-0.4746378,0,0.0,30.0,0,0.0,0,11298167.0,77148000000.0,0,0,0,0
CUB,2014,,,25.113460274119284,,1.04757663187654,39.2741528539069,,23.40015890811016,-0.0016531,0,0.0,30.0,0,0.0,0,11285775.0,80656100000.0,0,0,0,0
CUB,2015,,,25.190699228562163,,4.4383335888395,31.6138124793419,,23.36458956503287,-0.0026184999999999,0,0.0,30.0,0,0.0,0,11275065.0,87132800000.0,0,0,0,0
CUB,2016,,,25.238187498213147,,0.512843095700745,27.2691132420785,,23.37882753544814,-0.0350921,0,0.0,30.0,0,0.0,0,11265612.0,91370407900.0,0,0,0,0
CUB,2017,,,25.29643593508873,,1.80979178380274,26.2224363787618,,23.433688304996924,-0.0638778,0,0.0,30.0,0,0.0,0,11247829.0,96850649700.0,0,0,0,0
CUB,2018,,,25.32893625879568,,2.24794852913217,27.0835484486147,,23.48750219623279,-0.211616,0,0.0,30.0,0,0.0,0,11227118.0,100050036100.0,0,0,0,0
CUB,2019,,,25.362137687967515,,-0.163087223606624,22.8208911354416,,23.511160244848327,-0.1082032,0,0.0,30.0,0,0.0,0,11202846.0,103427600000.0,0,0,0,0
CUB,2020,,,25.399378991745067,,-10.9494359030206,15.6829868097474,,23.48083729274827,-0.1099187,0,0.0,30.0,0,0.0,0,11176354.0,107352000000.0,0,0,0,0
CUB,2021,,,,,1.25448735650322,80.0237703083904,,23.605066101976977,-0.0976359,0,0.0,30.0,0,0.0,0,11122168.0,,0,0,0,0
CUB,2022,,,,,1.77465227724316,93.8607755890525,,23.672803148604057,0.0198019,0,0.0,30.0,0,0.0,0,11059820.0,,0,0,0,0
CUB,2023,,,,,-1.92937123169681,120.533878427187,,23.732209542991985,-0.0018924999999999,0,0.0,30.0,0,0.0,0,11019931.0,,0,0,0,0
CUB,2024,,,,,-1.06173273220524,124.863238865053,,23.77778578260412,-0.2695183,0,0.0,30.0,0,0.0,0,10979783.0,,0,0,0,0
CZE,1996,2.11680269383607,2.11680269383607,24.93988858064749,10.240733434760449,4.16858426915319,80.59955795966,8.75877472878111,23.5430910858701,0.6593897,0,0.0,30.0,0,0.0,0,10315241.0,67804105329.8557,0,1,1,0
CZE,1997,2.05707979520759,2.05707979520759,24.85906843398233,10.23583485611144,-0.595838414214853,84.1532306677233,8.59615666715564,23.48620336999574,,0,0.0,30.0,0,0.0,0,10304131.0,62539765163.1302,0,0,0,0
CZE,1998,5.50725202620316,5.50725202620316,24.9307488480444,10.232843053020824,-0.393150193750415,83.9386523207327,10.6983655274888,23.50424076893127,0.5470419,0,0.0,30.0,0,0.0,0,10294373.0,67187217327.7326,0,1,1,0
CZE,1999,9.62483232120859,9.62483232120859,24.9066366735737,10.247554288539868,1.37836060943835,85.4571236396114,2.1354484441733,23.50574489107241,,0,0.0,30.0,0,0.0,0,10283860.0,65586562604.8621,0,0,0,0
CZE,2000,8.02095314137193,8.02095314137193,24.853229156105403,10.289681730011534,4.010669619984,97.4983956327874,3.77538829151729,23.45891798275141,0.5125501,0,0.0,30.0,0,0.0,0,10255063.0,62175642238.0847,0,1,1,0
CZE,2001,8.27868500809023,8.27868500809023,24.94476133667808,10.322193712268106,2.9172195289956,98.5368737300189,4.66267556988258,23.46550406246336,,0,0.0,30.0,0,0.0,0,10216605.0,68135304463.9641,0,0,0,0
CZE,2002,10.2854716819753,10.2854716819753,25.137370786658742,10.339143937972723,1.51345949139996,90.8792715456582,1.90298097019027,23.5361336602616,0.8849793,0,0.0,30.0,0,0.0,0,10196916.0,82607869609.574,0,1,1,0
CZE,2003,2.01250274928445,2.01250274928445,25.332785795988904,10.371905434977952,3.300836832613,94.6468600665608,0.118739205526815,23.70752478852657,0.8087247,0,0.0,30.0,0,0.0,0,10193998.0,100435924704.881,0,1,1,0
CZE,2004,5.34629831368761,5.34629831368761,25.51198932068781,10.417877042183031,4.73633969683438,113.173975970415,2.76010781671153,23.84314370299107,0.7384194,0,0.0,30.0,0,0.0,0,10197101.0,120147899983.657,0,1,1,0
CZE,2005,10.0027291342114,10.0027291342114,25.64517326788664,10.478294454600483,6.37502886086791,121.191287316105,1.85709789109228,23.89985528573033,0.9422649,0,0.0,30.0,0,0.0,0,10211216.0,137264185596.1,0,1,1,0
CZE,2006,4.56488300562003,4.56488300562003,25.774635175369585,10.539717183089676,6.62317299177447,127.051015055016,2.53399258343633,23.97184027742749,0.8055261,0,0.0,30.0,0,0.0,0,10238905.0,156236258386.589,0,1,1,0
CZE,2007,7.26984053281639,7.26984053281639,25.97050410872724,10.587316607204167,5.48882595164517,129.876739504889,2.8531243721117,24.113197224632696,0.6145105,0,0.0,30.0,0,0.0,0,10298828.0,190040702286.917,0,1,1,0
CZE,2008,3.72734017480649,3.72734017480649,26.18924053397344,10.60480979262702,2.61226807205139,123.904809929948,6.3586638015237,24.21013588964404,0.7918796,0,0.0,30.0,0,0.0,0,10384603.0,236506264753.95,0,1,1,0
CZE,2009,2.54701925348654,2.54701925348654,26.055848788641363,10.549939857056533,-4.79832416684926,113.049254784875,1.0193773532923,24.114554981616195,0.8451827,0,0.0,30.0,0,0.0,0,10443936.0,206971882704.716,0,1,1,0
CZE,2010,4.81502985527419,4.81502985527419,26.0759230221206,10.573810956578788,2.71466509907701,126.756480116798,1.47272727272728,24.146683202398066,0.713873,0,0.0,30.0,0,0.0,0,10474410.0,211168667286.27,0,1,1,1
CZE,2011,1.80994155301699,1.80994155301699,26.167540604396127,10.58931205329958,1.77238085338473,136.750855542438,1.9172191363555,24.245991133659487,0.7416914,0,0.0,30.0,0,0.0,0,10496088.0,231429378717.312,0,1,1,1
CZE,2012,4.48424380759869,4.48424380759869,26.072101507321083,10.580176264901407,-0.770668190622743,145.480195396935,3.28762306610411,24.21722647348661,0.7285974,0,0.0,30.0,0,0.0,0,10510785.0,210363223087.728,0,1,1,1
CZE,2013,3.45386726376292,3.45386726376292,26.08467236485388,10.57942635384218,-0.0418124160447491,145.502230624961,1.4382978723404,24.25740462241385,0.6929877,0,0.0,30.0,0,0.0,0,10514272.0,213024360541.119,0,1,1,1
CZE,2014,3.83510153423089,3.83510153423089,26.07470343213985,10.600577361402111,2.24521219862635,156.415122826886,0.343988589646794,24.284870455515502,0.9017758,0,0.0,30.0,0,0.0,0,10525347.0,210911285077.683,0,1,1,1
CZE,2015,0.898913491904098,0.898913491904098,25.96558252337345,10.64700878463625,4.95875848915604,154.018400997633,0.309364548494975,24.170044173938336,0.9304102,0,0.0,30.0,0,0.0,0,10546059.0,189107698561.919,0,1,1,1
CZE,2016,5.47566421423918,5.47566421423918,26.012343949251264,10.67056957895742,2.58087013921376,148.547004664435,0.683504209385703,24.181723850529487,1.0079335,0,0.0,30.0,0,0.0,0,10566332.0,198160659303.939,0,1,1,1
CZE,2017,5.07066240955503,5.07066240955503,26.12397540870747,10.71835495463993,5.17356529967881,147.750834854762,2.4505339846014,24.239707404422184,1.0284233,0,0.0,30.0,0,0.0,0,10594438.0,221563575696.217,0,1,1,1
CZE,2018,3.30353998283407,3.30353998283407,26.25266460956277,10.742920609909866,2.83030588267866,145.141717890789,2.14949494949493,24.310383374807355,1.0258091,0,0.0,30.0,0,0.0,0,10629928.0,251992360762.236,0,1,1,1
CZE,2019,4.18705737619001,4.18705737619001,26.27154085799693,10.774019468650726,3.56577658128261,138.154609993871,2.84787595918041,24.305635611543305,0.971418,0,0.0,30.0,0,0.0,0,10671870.0,256794209028.77,0,1,1,1
CZE,2020,3.39114066226469,3.39114066226469,26.249155575498257,10.717079528256876,-5.30487955463876,128.780430305965,3.1612952849781,24.28290047594688,1.0855924,0,0.0,30.0,0,0.0,0,10697858.0,251109660602.536,0,1,1,1
CZE,2021,4.43029524586196,4.43029524586196,26.39649533505613,10.77469793890392,4.02901832055149,137.378116302868,3.83984491500146,24.410234300159058,1.1010113,0,0.0,30.0,0,0.0,0,10505772.0,290972714482.313,0,1,1,1
CZE,2022,3.02937517288668,3.02937517288668,26.433133851504195,10.787062133566062,2.8471706583814,144.011494109397,15.1001651468371,24.416269579144696,1.1951482,0,0.0,30.0,0,0.0,0,10672118.0,301831228325.556,0,1,1,1
CZE,2023,3.4462419046487,3.4462419046487,26.566982110687565,10.76971393301194,0.0475803308973752,131.892598295876,10.6612601372427,24.484217287135856,1.2354239,0,0.0,30.0,0,0.0,0,10864042.0,345059295659.911,0,1,1,1
CZE,2024,3.8933976290188,3.8933976290188,26.572828520065777,10.778383870212473,1.25131096245923,131.466608125579,2.43531202435314,24.53015208037708,1.1773279,0,0.0,30.0,0,0.0,0,10905028.0,347082562221.377,0,1,1,1
DEU,1996,0.262216034922948,0.262216034922948,28.54993901503808,10.733961690702357,1.0378755674358,43.903586095325,1.44972701963239,23.292205983497,1.778071,0,0.0,30.0,0,0.0,0,81914831.0,2506576553158.31,0,1,1,0
DEU,1997,0.551860657726695,0.551860657726695,28.42798351773345,10.750871952394409,1.85432238398302,48.380321068738,1.93936968221574,23.26296967489024,,0,0.0,30.0,0,0.0,0,82034771.0,2218790886532.82,0,0,0,0
DEU,1998,1.09412180309305,1.09412180309305,28.44095544288551,10.771460079725,2.09561231172233,50.1554657792327,0.911184687196224,23.286797896386968,1.6538926,0,0.0,30.0,0,0.0,0,82047195.0,2247760364565.97,0,1,1,0
DEU,1999,3.88620516447701,3.88620516447701,28.425764797988737,10.791885850814614,2.12957016297766,51.519227436406,0.585434192138622,23.29758279949284,,0,0.0,30.0,0,0.0,0,82100243.0,2213873468586.88,0,0,0,0
DEU,2000,12.6085323042305,12.6085323042305,28.307520843973204,10.818890813297257,2.8765231247659,59.1955992975405,1.44026838719741,23.27358530296243,1.7619844,0,0.0,30.0,0,0.0,0,82211508.0,1966980701145.1,0,1,1,0
DEU,2001,2.89610853662771,2.89610853662771,28.307216165950752,10.83343757104658,1.63614170690956,59.5592863682118,1.98385731334471,23.282067790116105,,0,0.0,30.0,0,0.0,0,82349925.0,1966381496641.73,0,0,0,0
DEU,2002,2.43861371432105,2.43861371432105,28.374077262330573,10.829471121690094,-0.228255715793637,58.3325687248129,1.42080615551526,23.35659540234652,1.7461478,0,0.0,30.0,0,0.0,0,82488495.0,2102350798305.89,0,1,1,0
DEU,2003,2.5802310174772,2.5802310174772,28.561102525115807,10.823605390467732,-0.529801394291297,58.9145442942507,1.03422218628562,23.52365619518769,1.5716359,0,0.0,30.0,0,0.0,0,82534176.0,2534715518349.01,0,1,1,0
DEU,2004,-0.715503012520614,-0.715503012520614,28.679153031650426,10.835376352497686,1.16208684507278,62.9064909465164,1.66573696655992,23.664566560761607,1.5450395,0,0.0,30.0,0,0.0,0,82516260.0,2852317768061.78,0,1,0,0
DEU,2005,2.06799391408494,2.06799391408494,28.693451042594948,10.844760013736902,0.885485292551564,66.9531024934321,1.54691114751328,23.73009775022801,1.6484947,0,0.0,30.0,0,0.0,0,82469422.0,2893393187361.87,0,1,1,0
DEU,2006,2.87049561649648,2.87049561649648,28.744951728912167,10.883825979676637,3.86668241523209,72.7591934646234,1.57742642840563,23.80625958536165,1.6976514,0,0.0,30.0,0,0.0,0,82376451.0,3046308753670.58,0,1,1,0
DEU,2007,1.4594247021417,1.4594247021417,28.879218443688565,10.913644857806515,2.8891174138025,74.8838416816798,2.29834400700951,23.94581420174968,1.7597094,0,0.0,30.0,0,0.0,0,82266372.0,3484056680854.91,0,1,1,0
DEU,2008,0.81284475683707,0.81284475683707,28.968177153811485,10.924386122822613,0.887902330743628,76.1131665945746,2.62837981637219,24.035625617229456,1.737643,0,0.0,30.0,0,0.0,0,82110097.0,3808197720125.0,0,1,1,0
DEU,2009,1.63004671127687,1.63004671127687,28.877635367371425,10.86987801786219,-5.54455451920674,66.1391275757126,0.312739007368447,23.93852858961697,1.7720019,0,0.0,30.0,0,0.0,0,81902307.0,3478545516683.59,0,1,1,0
DEU,2010,2.48154528887853,2.48154528887853,28.874337828607388,10.911924472309176,4.13463778522758,73.8852351200263,1.1038103778926,23.975365457911444,1.538577,0,0.0,30.0,0,0.0,0,81776930.0,3467093769666.67,0,1,1,1
DEU,2011,2.55089499875415,2.55089499875415,28.972207174994274,10.96735239691342,3.75796884489337,78.433002901442,2.07517283735874,24.071804650054126,1.645879,0,0.0,30.0,0,0.0,0,80274983.0,3823575803793.78,0,1,1,1
DEU,2012,1.8196411156431,1.8196411156431,28.91097760432338,10.970099530183631,0.463512036709204,79.3316495670315,2.00848884782956,24.050166273809204,1.7583687,0,0.0,30.0,0,0.0,0,80425823.0,3596483233406.25,0,1,1,1
DEU,2013,1.76515036525359,1.76515036525359,28.96786884417645,10.971332624394256,0.396995583779145,77.5860288576931,1.50472330251876,24.085433767129985,1.8105078,0,0.0,30.0,0,0.0,0,80645605.0,3807023797050.99,0,1,1,1
DEU,2014,0.437762571704246,0.437762571704246,29.008494369162555,10.988731449244742,2.18018602168017,76.8483516336234,0.906794000434246,24.11165229489588,1.9655186,0,0.0,30.0,0,0.0,0,80982500.0,3964870735760.77,0,1,1,1
DEU,2015,1.82239938063641,1.82239938063641,28.862151661306545,10.99656771778048,1.66300602334775,77.7565815686922,0.514426137125456,24.008277088717403,1.9623466,0,0.0,30.0,0,0.0,0,81686611.0,3425099578746.09,0,1,1,1
DEU,2016,1.64365840117303,1.64365840117303,28.89424005691781,11.010474438530194,2.22222216259371,76.0059902166055,0.491747008445174,24.011354857999507,1.9057837,0,0.0,30.0,0,0.0,0,82348669.0,3536787895179.0,0,1,1,1
DEU,2017,2.88914588414184,2.88914588414184,28.95686236620753,11.034331997116333,2.797906720551,77.4548394742448,1.50949485109628,24.0645782456429,1.8901031,0,0.0,30.0,0,0.0,0,82657002.0,3765351626105.89,0,1,1,1
DEU,2018,4.00082875273687,4.00082875273687,29.03107863263584,11.042619684435062,1.13569604599849,79.1252260463654,1.73216879766942,24.134540091322567,1.8019092,0,0.0,30.0,0,0.0,0,82905782.0,4055433215301.96,0,1,1,1
DEU,2019,1.9056930139782,1.9056930139782,29.00723857368021,11.05009434369958,0.977734697038784,79.0732427175683,1.44565976888253,24.13451408657562,1.8881241,0,0.0,30.0,0,0.0,0,83092962.0,3959894794039.21,0,1,1,1
DEU,2020,4.48523547812751,4.48523547812751,29.00255684146484,11.007080363968935,-4.13191443239947,72.9335327120137,0.144877925813982,24.10758258906747,1.7812546,0,0.0,30.0,0,0.0,0,83160871.0,3941398957073.94,0,1,1,1
DEU,2021,2.93002168676674,2.93002168676674,29.10240357838521,11.045012046715067,3.90999994204108,79.9195348609851,3.06666666666673,24.243729848726577,1.8265941,0,0.0,30.0,0,0.0,0,83196078.0,4355251953410.78,0,1,1,1
DEU,2022,1.82269397984058,1.82269397984058,29.06634887508141,11.063162470656692,1.8092581243061,88.7857542130501,6.87257438551097,24.25894930666553,1.7792628,0,0.0,30.0,0,0.0,0,83177813.0,4201021706478.62,0,1,1,1
DEU,2023,1.99210813981277,1.99210813981277,29.148827730314625,11.05311284905633,-0.869647578573321,81.9625483787634,5.94643667725823,24.32141383594163,1.5613864,0,0.0,30.0,0,0.0,0,83287273.0,4562207532490.28,0,1,1,1
DEU,2024,1.33680512940413,1.33680512940413,29.175513507677,11.045392417546726,-0.495851897260366,79.0907305894936,2.2564981433876,24.370833301726044,1.5462994,0,0.0,30.0,0,0.0,0,83516593.0,4685592577804.69,0,1,1,1
DNK,1996,0.412544985702368,0.412544985702368,25.9569441858178,10.855476908855838,2.89575069230459,68.5264824216641,2.12629802275577,23.44838576932414,1.7792325,0,0.0,30.0,0,0.0,0,5263074.0,187481157845.724,0,1,1,0
DNK,1997,1.61143462898396,1.61143462898396,25.877951636749888,10.882514467150036,3.16848143784479,71.2901759751981,2.1821667790712,23.39954676963506,,0,0.0,30.0,0,0.0,0,5284991.0,173241365735.483,0,0,0,0
DNK,1998,3.77361587089095,3.77361587089095,25.89872085093222,10.901879409671096,2.32630274538961,71.345417498121,1.84565122007883,23.41692371804806,1.8439552,0,0.0,30.0,0,0.0,0,5304219.0,176877077513.133,0,1,1,0
DNK,1999,9.4710973726909,9.4710973726909,25.90441840470265,10.927811875396854,2.96730536257029,72.7288566436859,2.49779544404529,23.423106125646783,,0,0.0,30.0,0,0.0,0,5321799.0,177887720535.535,0,0,0,0
DNK,2000,21.9534625057579,21.9534625057579,25.82339940727749,10.961032965233391,3.72400899471576,83.0420859548864,2.90328203236461,23.38426566590256,1.9471575,0,0.0,30.0,0,0.0,0,5339616.0,164043817223.59,0,1,1,0
DNK,2001,5.63216582111414,5.63216582111414,25.82849344363797,10.96690528664,0.95003224600012,83.922664599029,2.33787000255263,23.38768095276821,,0,0.0,30.0,0,0.0,0,5358783.0,164881594415.341,0,0,0,0
DNK,2002,2.47818532882922,2.47818532882922,25.90946775544393,10.968265326199894,0.456530018779986,84.4845925538271,2.42443661219695,23.45811445579013,2.1922798,0,0.0,30.0,0,0.0,0,5375931.0,178788209558.311,0,1,1,0
DNK,2003,0.542449723524164,0.542449723524164,26.109691115652407,10.969946432274131,0.441091006625101,80.7613001763544,2.07507820646506,23.62498275638701,2.1441789,0,0.0,30.0,0,0.0,0,5390574.0,218421193436.252,0,1,1,0
DNK,2004,-3.49390841296768,-3.49390841296768,26.25263998497588,10.994747209239485,2.77635180744053,82.0077308240144,1.15435693124934,23.75997242694501,2.0993907,0,0.0,30.0,0,0.0,0,5404523.0,251986155630.852,0,1,0,0
DNK,2005,4.8451921902896,4.8451921902896,26.30356187133087,11.015314395688549,2.35960882992528,89.3987952460671,1.81781458291254,23.81686536074628,2.0614768,0,0.0,30.0,0,0.0,0,5419432.0,265150087711.985,0,1,1,0
DNK,2006,0.841695783435792,0.841695783435792,26.370076297602147,11.04948255726076,3.81648769908172,97.4298607727841,1.92422138464584,23.89012457941858,2.1627643,0,0.0,30.0,0,0.0,0,5437272.0,283386151543.687,0,1,1,0
DNK,2007,3.68799602330786,3.68799602330786,26.49225272846684,11.054871227585222,0.987173815945127,100.047674594039,1.69326586220324,24.029312265391624,2.2040874,0,0.0,30.0,0,0.0,0,5461438.0,320213157595.018,0,1,1,0
DNK,2008,0.617279543987987,0.617279543987987,26.595325799285483,11.044815241112593,-0.417178439991005,104.470310168489,3.41626794258374,24.11780359388361,2.1465669,0,0.0,30.0,0,0.0,0,5493621.0,354979471960.142,0,1,1,0
DNK,2009,1.17142791849018,1.17142791849018,26.499738369116443,10.9884397615351,-4.97447905669058,89.3948566562728,1.30470991024336,24.017851416851705,2.1667207,0,0.0,30.0,0,0.0,0,5523095.0,322619152194.594,0,1,1,0
DNK,2010,-3.56794135328115,-3.56794135328115,26.49889008047087,10.99970278866796,1.58289703108802,94.3877282319057,2.31092436974786,24.056460058271576,1.920097,0,0.0,30.0,0,0.0,0,5547683.0,322345594075.47,0,1,0,0
DNK,2011,3.93792637361731,3.93792637361731,26.564824501830497,11.00860828084045,1.3108037609606,102.012930474308,2.7586822605125,24.15772255813117,2.0426979,0,0.0,30.0,0,0.0,0,5570572.0,344315595263.175,0,1,1,1
DNK,2012,-5.00312031968255,-5.00312031968255,26.512591477045465,11.004791233922536,-0.0054323016167074,104.362280505171,2.3979148566464,24.135331549128168,1.9667251,0,0.0,30.0,0,0.0,0,5591572.0,326792574244.963,0,1,0,0
DNK,2013,0.197410828523168,0.197410828523168,26.565740165594235,11.014452868747512,1.39267343161971,103.612813249189,0.789071780078062,24.174859263693445,1.9589905,0,0.0,30.0,0,0.0,0,5614932.0,344631016965.12,0,1,1,1
DNK,2014,1.86415567840611,1.86415567840611,26.589259566289293,11.022081359235312,1.27799983192831,103.210859225139,0.56402054044954,24.20234803077545,1.8095293,0,0.0,30.0,0,0.0,0,5643475.0,352832602064.452,0,1,1,1
DNK,2015,0.61075067778712,0.61075067778712,26.43289426512862,11.035842896640048,2.10441456445301,105.130362453899,0.452034153691575,24.091667846995588,1.7943827,0,0.0,30.0,0,0.0,0,5683483.0,301758922337.637,0,1,1,1
DNK,2016,2.49983169836595,2.49983169836595,26.46685170551651,11.058306700626126,3.07304549209093,101.452783808643,0.250000000000031,24.099687064805657,1.8352349,0,0.0,30.0,0,0.0,0,5728010.0,312181849372.233,0,1,1,1
DNK,2017,1.08780490285886,1.08780490285886,26.52722720771287,11.081980166267272,3.05647723922718,104.215676920442,1.14713216957602,24.156816337909905,1.8254188,0,0.0,30.0,0,0.0,0,5764980.0,331610593961.988,0,1,1,1
DNK,2018,2.46670057625106,2.46670057625106,26.59620969333851,11.095450986010048,1.8600074900921,108.813985501909,0.813609467455631,24.226474262989026,1.920528,0,0.0,30.0,0,0.0,0,5793636.0,355293374912.393,0,1,1,1
DNK,2019,-1.10067098319484,-1.10067098319484,26.56797326730715,11.10883889126594,1.71140093932736,111.891475065653,0.75813157251162,24.222414010406936,1.9444854,0,0.0,30.0,0,0.0,0,5814422.0,345401473012.615,0,1,0,0
DNK,2020,0.363874538682217,0.363874538682217,26.597159575059024,11.087961074717214,-1.78010601831291,104.433432671151,0.420711974110025,24.198733622434084,1.9999488,0,0.0,30.0,0,0.0,0,5831404.0,355631021931.621,0,1,1,1
DNK,2021,4.18538817542322,4.18538817542322,26.72989029493566,11.146604118254544,6.50025445756295,112.321472697291,1.85304543989689,24.33090161013089,2.1905145,0,0.0,30.0,0,0.0,0,5856733.0,406110162088.054,0,1,1,1
DNK,2022,6.9048667972729,6.9048667972729,26.715016109073805,11.1431575994332,0.443832614908331,131.995824909071,7.6965669988926,24.34080903116997,2.0983389,0,0.0,30.0,0,0.0,0,5903037.0,400114306337.077,0,1,1,1
DNK,2023,2.0346382929142,2.0346382929142,26.72629254915888,11.141773418951244,0.604587766175584,129.625337431278,3.30517811237606,24.39935028482443,1.9559634,0,0.0,30.0,0,0.0,0,5946952.0,404651706117.557,0,1,1,1
DNK,2024,4.29658848924698,4.29658848924698,26.77423607901629,11.170922065164149,3.47783593140312,131.765030975207,1.37220049768926,24.443824971903343,1.9128986,0,0.0,30.0,0,0.0,0,5976992.0,424524722037.047,0,1,1,1
DOM,1996,0.735680171267024,0.735680171267024,23.626971773096315,9.109069650751607,5.96119319380874,72.6424908698332,5.39929385038922,22.43457702187067,-0.3029637,0,0.0,30.0,0,0.0,0,8032894.0,18241622547.5908,0,1,1,0
DOM,1997,2.0417185963078,2.0417185963078,23.719870232157103,9.176902317574257,8.89955230035797,74.2332371692166,8.29656754792046,22.460089002951324,,0,0.0,30.0,0,0.0,0,8174078.0,20017450041.3075,0,0,0,0
DOM,1998,3.08644032520187,3.08644032520187,23.79929688754373,9.22527292615466,6.70585570778992,75.9113027135939,4.83166558591895,22.48475057829656,-0.877883699999999,0,0.0,30.0,0,0.0,0,8310362.0,21672215546.7642,0,1,1,0
DOM,1999,6.07546439711917,6.07546439711917,23.82049725350672,9.26691705607126,5.95651024999543,76.3027532814337,6.47054186846928,22.518046717698336,,0,0.0,30.0,0,0.0,0,8446208.0,22136579396.9218,0,0,0,0
DOM,2000,4.0689908919589,4.0689908919589,23.91398004495594,9.296180251126438,4.65172550299128,79.3003930961432,7.72413566181616,22.56385701749832,-0.8764303,0,0.0,30.0,0,0.0,0,8584190.0,24305780628.6677,0,1,1,0
DOM,2001,4.24930666375932,4.24930666375932,23.965929423690504,9.304844439873118,2.46937023763239,70.5105678080061,8.88306848812961,22.578069371027645,,0,0.0,30.0,0,0.0,0,8720283.0,25601823687.5742,0,0,0,0
DOM,2002,3.41225986375611,3.41225986375611,24.0241801901588,9.333713887483675,4.48650367045651,68.7232829028777,5.22336769759447,22.608442124456715,-0.844152199999999,0,0.0,30.0,0,0.0,0,8852235.0,27137440786.2562,0,1,1,0
DOM,2003,2.88055489904245,2.88055489904245,23.78680477830593,9.305729494658546,-1.34935744782766,84.4495031861592,27.4497127394395,22.695429528620068,-0.8381869,0,0.0,30.0,0,0.0,0,8980620.0,21403167848.1444,0,1,1,0
DOM,2004,4.18629057899448,4.18629057899448,23.828855930320813,9.317513626576527,2.58556667449577,81.3514229381911,51.4608598338065,22.799963234098907,-0.797519,0,0.0,30.0,0,0.0,0,9104892.0,22322387382.494,0,1,1,0
DOM,2005,3.12598170087694,3.12598170087694,24.30058673729591,9.39453584309589,9.43178931977285,61.6535587358027,4.19020260472056,22.88043762338388,-0.8364096,0,0.0,30.0,0,0.0,0,9225034.0,35777560683.9366,0,1,1,0
DOM,2006,4.0356569620282,4.0356569620282,24.357684619622304,9.46977098080499,9.17120650955299,63.7664826351505,7.57280523853074,22.95950094290173,-0.6870847,0,0.0,30.0,0,0.0,0,9341183.0,37879830084.2627,0,1,1,0
DOM,2007,5.12424998266344,5.12424998266344,24.5066701286666,9.52915194941714,7.41840577774235,61.229259153164,6.14356655248047,23.060174409907592,-0.7085351,0,0.0,30.0,0,0.0,0,9455658.0,43965458508.5056,0,1,1,0
DOM,2008,5.67335967834237,5.67335967834237,24.59636990161048,9.54896323066863,3.26808671288212,61.4285058325394,10.6446210953712,23.135915956260828,-0.6984304,0,0.0,30.0,0,0.0,0,9573130.0,48091433554.186,0,1,1,0
DOM,2009,3.51548540591409,3.51548540591409,24.599118127962075,9.54627034209884,1.00345293018719,50.6509376792025,1.44215131834353,23.086055697266865,-0.6709237,0,0.0,30.0,0,0.0,0,9695265.0,48223781476.8909,0,1,1,0
DOM,2010,3.38320513554667,3.38320513554667,24.70855888296524,9.61413749060941,8.40114541209596,56.0573964175321,6.32993220146146,23.16324846261995,-0.7108721,0,0.0,30.0,0,0.0,0,9820175.0,53801053352.5005,0,1,1,1
DOM,2011,3.79217588020774,3.79217588020774,24.782816408283207,9.63286485888723,3.19196227475523,59.0692578401698,5.79676809206533,23.240330573850592,-0.6735468,0,0.0,30.0,0,0.0,0,9945621.0,57948261615.957,0,1,1,1
DOM,2012,5.64036946601582,5.64036946601582,24.826927452904417,9.64777416816731,2.77567100848816,58.5062536731089,3.69449707884777,23.265143086335904,-0.500899299999999,0,0.0,30.0,0,0.0,0,10070411.0,60561635555.6383,0,1,1,1
DOM,2013,2.55757225532805,2.55757225532805,24.859318679454795,9.683761139260172,4.93473300709881,56.8137658014945,4.830950967408,23.28843164969589,-0.4176139,0,0.0,30.0,0,0.0,0,10193833.0,62555417414.582,0,1,1,1
DOM,2014,3.55938801753347,3.55938801753347,24.928172300628592,9.74059134272432,7.11122629673892,55.6601041506633,2.99864226125219,23.312695827374675,-0.1120342,0,0.0,30.0,0,0.0,0,10315528.0,67014329099.5549,0,1,1,1
DOM,2015,3.13851060913817,3.13851060913817,24.98547775341884,9.796636316622418,6.98771131236387,52.3471238667007,0.836746346724557,23.264503315143923,-0.303055299999999,0,0.0,30.0,0,0.0,0,10434829.0,70966782572.4386,0,1,1,1
DOM,2016,3.33024928523507,3.33024928523507,25.04809894498944,9.850560041365435,6.71974078681295,51.7306571245477,1.61416607245223,23.27683008103409,-0.243263899999999,0,0.0,30.0,0,0.0,0,10551430.0,75552902635.7075,0,1,1,1
DOM,2017,4.55025610026855,4.55025610026855,25.09360284770597,9.878265858158818,3.93386176401576,50.7595355508472,3.27955694678546,23.33267878276995,-0.314226599999999,0,0.0,30.0,0,0.0,0,10666843.0,79070274743.1658,0,1,1,1
DOM,2018,3.22902365102652,3.22902365102652,25.165855115626098,9.936092612460198,7.09751640210159,52.3351709577013,3.56443426013508,23.38448988647207,-0.3568186,0,0.0,30.0,0,0.0,0,10782053.0,84994732049.3461,0,1,1,1
DOM,2019,3.17366550445317,3.17366550445317,25.213542778684104,9.973539896543576,4.8940301149584,50.912982200697,1.81060377042959,23.40387899151006,-0.299485699999999,0,0.0,30.0,0,0.0,0,10894043.0,89146130744.723,0,1,1,1
DOM,2020,3.13265976088131,3.13265976088131,25.08695883801143,9.880495752951791,-7.92905234231061,44.7331613466756,3.78103179915517,23.370798975927592,-0.3603632,0,0.0,30.0,0,0.0,0,11008300.0,78546672406.8291,0,1,1,1
DOM,2021,3.53154938314388,3.53154938314388,25.27557011913644,10.00122473873068,14.0124289062207,51.9500227303115,8.24300347981809,23.48944125403441,-0.1501487,0,0.0,30.0,0,0.0,0,11123476.0,94850719516.7127,0,1,1,1
DOM,2022,3.56897046352612,3.56897046352612,25.45487573541943,10.042682294128984,5.23795652902595,54.3781976712844,8.81109209279587,23.55322231870635,-0.121071299999999,0,0.0,30.0,0,0.0,0,11230734.0,113478103598.499,0,1,1,1
DOM,2023,3.94375586800192,3.94375586800192,25.51455236336848,10.055456833718395,2.19229848237939,49.8436131764417,4.78561281021135,23.610317650668488,0.045792,0,0.0,30.0,0,0.0,0,11331265.0,120456239153.739,0,1,1,1
DOM,2024,3.6013993607877,3.6013993607877,25.54582099049508,10.095342252813438,4.95352204492849,51.7835143952326,3.30223338951227,23.65669162249277,0.0746487,0,0.0,30.0,0,0.0,0,11427557.0,124282245638.568,0,1,1,1
DZA,1996,0.575183341190148,0.575183341190148,24.572169137715,9.288123192645488,4.09999847167964,53.7051478767794,18.6790758601749,22.995883350192177,-0.748658199999999,1,6.98933526597456,0.0,1,1084.0,2,29033044.0,46941554225.3581,0,1,1,0
DZA,1997,0.539669753188526,0.539669753188526,24.5981602696452,9.280422935471185,1.09999993684249,52.2439115059386,5.73352275357187,22.95845632058824,,1,7.247080584585756,0.0,1,1403.0,2,29579301.0,48177612042.1507,0,0,0,0
DZA,1998,1.25882531840803,1.25882531840803,24.598371340071008,9.314239698934834,5.10000361107312,45.0944505585079,4.95016163793114,22.977454003019123,-0.7825479,1,8.016317898503415,0.0,1,3029.0,2,30054133.0,48187781984.4881,0,1,1,0
DZA,1999,0.599498299671608,0.599498299671608,24.60772588484965,9.33185309256634,3.20000155319546,50.9291093379713,2.64551113392799,22.985014192320463,,1,6.939253946041508,0.0,1,1031.0,2,30474354.0,48640671734.9711,0,0,0,0
DZA,2000,0.511220957154505,0.511220957154505,24.726780806978912,9.355152191741912,3.80000000158476,62.8583436360347,0.339163189071768,22.95902531123953,-1.0812973,0,6.854354502255021,0.0,1,947.0,1,30903893.0,54790398570.3282,0,1,1,0
DZA,2001,1.87349238167778,1.87349238167778,24.807785642645104,9.370978080557384,2.99999999863043,54.5296491177208,4.22598834854673,22.96576770835849,,0,6.466144724237619,0.0,1,642.0,1,31331221.0,59413400923.6364,0,0,0,0
DZA,2002,1.73118897497205,1.73118897497205,24.84256482148647,9.41026658290686,5.40000000000001,56.5896052814114,1.41830192345051,23.03400546818448,-0.718369599999999,0,6.29156913955832,0.0,1,539.0,1,31750835.0,61516103406.1688,0,1,1,0
DZA,2003,0.868036712018978,0.868036712018978,25.020309910521984,9.459945229655116,6.50000000062043,57.7691353044878,4.268953958395,23.20024605851516,-0.8617248,0,6.508769136971682,0.0,1,670.0,1,32175818.0,73482264190.9245,0,1,1,0
DZA,2004,0.962586875552012,0.962586875552012,25.24411572340207,9.489997710816684,4.49999999976698,61.3579975707176,3.96180030257187,23.33647156283838,-0.680782999999999,0,6.113682179832232,0.0,1,451.0,1,32628286.0,91913680985.1708,0,1,1,0
DZA,2005,1.07990333031143,1.07990333031143,25.39653026502557,9.527957072477657,5.39999999969525,66.8404602203906,1.38244656662118,23.40078815282188,-0.6847363,0,5.438079308923196,0.0,1,229.0,1,33109249.0,107046618669.707,0,1,1,0
DZA,2006,1.49572335207526,1.49572335207526,25.53613498781733,9.541131792945004,2.89999999905852,65.9152919677621,2.31149918514424,23.47702791371939,-0.7349677,0,5.545177444479562,0.0,1,255.0,1,33623506.0,123084258693.01,0,1,1,0
DZA,2007,1.1838181536619,1.1838181536619,25.682486705177585,9.554970281212958,3.10000000128674,67.5454733939763,3.67899574741699,23.61295972713095,-0.7517159,0,6.159095388491933,0.0,1,472.0,1,34189416.0,142482739809.849,0,1,1,0
DZA,2008,1.46277344571787,1.46277344571787,25.918352908034148,9.561474363179547,2.49999999929371,71.0284922505261,4.85859062814939,23.70553424839304,-0.7243628,0,5.828945617610208,0.0,1,339.0,1,34816961.0,180383848331.135,0,1,1,0
DZA,2009,1.82742164668261,1.82742164668261,25.736014177515752,9.554244081823088,1.19999999969519,64.2847547238993,5.73706036145628,23.620300471512543,-0.6983821,0,6.226536669287466,0.0,1,505.0,1,35490445.0,150317292079.359,0,1,1,0
DZA,2010,1.29390467487817,1.29390467487817,25.90384109541038,9.581657079412896,4.80000000093564,63.4912159928425,3.91106195534028,23.65776513439607,-0.6027467,0,5.468060141135132,0.0,1,236.0,1,36188236.0,177785053939.531,0,1,1,1
DZA,2011,1.17767329101171,1.17767329101171,26.10928243393296,9.591646937913492,2.99999999941909,62.2200899610479,4.5242115050527,23.750197504945607,-0.722398099999999,0,5.5909869805108565,0.0,1,267.0,1,36903376.0,218331946925.304,0,1,1,1
DZA,2012,0.660551953898791,0.660551953898791,26.148848896639564,9.595435385519268,2.40000000034432,60.7576393340605,8.89145091062317,23.72863111863429,-0.659519699999999,0,5.54907608489522,0.0,1,256.0,1,37646166.0,227143746075.934,0,1,1,1
DZA,2013,0.736559065111634,0.736559065111634,26.16004617340552,9.600907820690283,2.60000000061164,59.151008157244,3.25423910998847,23.76308111783809,-0.5509556,0,4.997212273764115,0.0,1,147.0,1,38414171.0,229701430292.157,0,1,1,1
DZA,2014,0.628688968391006,0.628688968391006,26.199489461321832,9.620710957887058,4.09999999866501,56.9235419669867,2.91692692067458,23.78777322221974,-0.3152327,0,4.68213122712422,0.0,1,107.0,1,39205031.0,238942664192.59,0,1,1,1
DZA,2015,-0.286832290676438,-0.286832290676438,25.95701191173644,9.631647145382209,3.20000000089023,53.2046225904145,4.78444700693889,23.68708243206798,-0.3555636,0,4.709530201312334,0.0,1,110.0,1,40019529.0,187493855609.345,0,1,0,0
DZA,2016,0.906300705997455,0.906300705997455,25.92045726225832,9.649348946382828,3.90000000017621,49.7609327925216,6.39769480268757,23.697190234830423,-0.4244363,0,4.465908118654584,0.0,1,86.0,1,40850721.0,180763839522.151,0,1,1,1
DZA,2017,0.647902696344894,0.647902696344894,25.96966285414414,9.64391755278784,1.49999999895587,49.8208161712587,5.59111590961664,23.75281480679609,-0.5231578,0,4.110873864173311,0.0,1,60.0,1,41689299.0,189880896903.073,0,1,1,1
DZA,2018,0.753576088552125,0.753576088552125,25.993978082400428,9.638442395631522,1.40000000088281,52.4361676779223,4.26999020467084,23.81938711110291,-0.2892145,0,3.5263605246161616,0.0,1,33.0,1,42505035.0,194554483655.528,0,1,1,1
DZA,2019,0.713947308015691,0.713947308015691,25.98833486303681,9.62899800785132,0.899999999219148,46.5068426081672,1.95176821052892,23.820710946785905,-0.315897,0,0.0,1.0,0,0.0,0,43294546.0,193459662090.677,0,1,1,1
DZA,2020,0.693816014772836,0.693816014772836,25.828443836566667,9.560585591827454,-4.99999999908597,40.3897565625388,2.41513094083414,23.78711306953637,-0.2693237,0,3.295836866004329,0.0,1,26.0,1,44042091.0,164873415325.201,0,1,1,1
DZA,2021,0.466728479682941,0.466728479682941,25.95025477776966,9.581687730538205,3.79999999900707,46.8370592599607,7.22606307415477,23.917789369347364,-0.4641151,0,0.0,1.0,0,0.0,0,44761099.0,186231205262.082,0,1,1,1
DZA,2022,0.107187812155079,0.107187812155079,26.14194799112623,9.601179053315589,3.60000000094915,51.1900893683897,9.26551551551553,23.93518481369692,-0.2671351,0,0.0,2.0,0,0.0,0,45477389.0,225581644702.568,0,1,1,1
DZA,2023,0.489819143410423,0.489819143410423,26.236387629613468,9.6263710828296,4.10000000005964,43.7397984507007,9.32217375928322,23.99675293094322,-0.355560999999999,0,0.0,3.0,0,0.0,0,46164219.0,247923887214.655,0,1,1,1
DZA,2024,0.455370730483787,0.455370730483787,26.31917457253463,9.648719146876848,3.69999999907979,40.1345741170703,4.04611455313434,24.04086447575959,-0.2511914,0,0.0,4.0,0,0.0,0,46814308.0,269322281664.773,0,1,1,1
ECU,1996,1.98078257206972,1.98078257206972,23.95115663244777,9.160022959821866,1.73174762607862,44.2157026832153,24.4114592150674,22.170261126851504,-0.8312202,0,0.0,30.0,0,0.0,0,11810950.0,25226393196.5983,0,1,1,0
ECU,1997,2.57065775466879,2.57065775466879,24.061241271349825,9.183921119088737,4.32786475767577,45.0171863180765,30.6575675722173,22.19393265057209,,0,0.0,30.0,0,0.0,0,12031127.0,28162053026.5133,0,0,0,0
ECU,1998,3.10908156656419,3.10908156656419,24.054823600471583,9.197938865321838,3.26652934570988,43.395107949805,36.0984331623886,22.210239885444235,-0.537936699999999,0,0.0,30.0,0,0.0,0,12251184.0,27981896948.4742,0,1,1,0
ECU,1999,3.30059048812225,3.30059048812225,23.70110256801366,9.13161819645403,-4.73938585363382,49.2012507989376,52.2420051858225,22.23369652293211,,0,0.0,30.0,0,0.0,0,12470795.0,19645272636.3182,0,0,0,0
ECU,2000,-0.133637950998727,-0.133637950998727,23.58771873602773,9.12511484153321,1.09180164720277,65.4042953826391,96.0963756926096,22.279009454404456,-1.0664178,0,0.0,30.0,0,0.0,0,12689206.0,17539454727.3637,0,1,0,0
ECU,2001,2.32873824691471,2.32873824691471,23.86426898126152,9.149009161317876,4.20627185748789,56.128486744205,37.6767454518094,22.28574957005524,,0,0.0,30.0,0,0.0,0,12910740.0,23127055000.0,0,0,0,0
ECU,2002,2.8951552675912,2.8951552675912,24.02110798731973,9.179629089079816,4.92809549611376,54.7966439366136,12.4835980082095,22.31094486548476,-1.0787578,0,0.0,30.0,0,0.0,0,13138472.0,27054197000.0,0,1,1,0
ECU,2003,2.81449236195545,2.81449236195545,24.1561300885753,9.1904247746653,2.88450036512064,52.3575426975979,7.92936487461556,22.40005291182433,-1.0385274,0,0.0,30.0,0,0.0,0,13372306.0,30965208000.0,0,1,1,0
ECU,2004,2.37801066697343,2.37801066697343,24.28416835810965,9.23899229968242,6.83239736646514,56.0745467239942,2.74323198926704,22.50945842242541,-0.911566999999999,0,0.0,30.0,0,0.0,0,13608701.0,35194947000.0,0,1,1,0
ECU,2005,1.22499487397379,1.22499487397379,24.419092329413328,9.27427289292903,5.39862243994342,61.9581507902572,2.1682770118372,22.595910119239,-0.926586999999999,0,0.0,30.0,0,0.0,0,13846163.0,40278849000.0,0,1,1,0
ECU,2006,0.594056305145447,0.594056305145447,24.545161969992503,9.299585811732433,4.34113198577639,65.8423556166562,3.29874846258215,22.67895130655058,-0.902354,0,0.0,30.0,0,0.0,0,14086131.0,45690762000.0,0,1,1,0
ECU,2007,0.388921736574003,0.388921736574003,24.632258756296977,9.301352481513334,1.90242859700484,68.8505854462677,2.27618478002121,22.78764474570516,-0.83636,0,0.0,30.0,0,0.0,0,14328773.0,49848725000.0,0,1,1,0
ECU,2008,1.7294958127597,1.7294958127597,24.836422961348536,9.347884700946326,6.56492068224719,74.5902963648439,8.40009593987462,22.8709851236344,-0.759748499999999,0,0.0,30.0,0,0.0,0,14575202.0,61139438000.0,0,1,1,0
ECU,2009,0.513570185696715,0.513570185696715,24.819192114264062,9.341678042465627,1.0910129698311,57.3473460627608,5.15996829181047,22.819259845737548,-0.478312399999999,0,0.0,30.0,0,0.0,0,14825954.0,60094978000.0,0,1,1,0
ECU,2010,0.243419054034351,0.243419054034351,24.944996495999323,9.364408007768558,4.02913787986621,65.7773849135062,3.55437734567843,22.90965647331872,-0.4838765,0,0.0,30.0,0,0.0,0,15076695.0,68151329000.0,0,1,1,1
ECU,2011,0.817966548837347,0.817966548837347,25.09254466247096,9.429401887500989,8.48147656332823,70.0356837525249,4.4745326579584,22.99875232167224,-0.3010584,0,0.0,30.0,0,0.0,0,15326227.0,78986648000.0,0,1,1,1
ECU,2012,0.646739602691481,0.646739602691481,25.19758729161143,9.46970219071702,5.783212336172,67.0029290916898,5.10172180958666,23.02426424463309,-0.292018799999999,0,0.0,30.0,0,0.0,0,15572194.0,87735048000.0,0,1,1,1
ECU,2013,0.752903273859877,0.752903273859877,25.2935374295503,9.52435897670108,7.21123653679159,63.4333003342414,2.72177577710371,23.04924565993526,-0.1859129,0,0.0,30.0,0,0.0,0,15807128.0,96570334000.0,0,1,1,1
ECU,2014,0.751953401658059,0.751953401658059,25.355251200800755,9.55143044600321,4.22606520388456,61.4263766217565,3.58922016616663,23.072005125451224,-0.1076037,0,0.0,30.0,0,0.0,0,16035124.0,102717794000.0,0,1,1,1
ECU,2015,1.36067004574537,1.36067004574537,25.30013487691173,9.53831734537316,0.119692109287612,47.8280397077826,3.96664623255358,23.01413830592163,-0.193812999999999,0,0.0,30.0,0,0.0,0,16266225.0,97209558000.0,0,1,1,1
ECU,2016,0.78469706502846,0.78469706502846,25.304874958152368,9.516833114990112,-0.687954245877947,40.5344917996647,1.72826463324533,23.025035589143723,-0.1531976,0,0.0,30.0,0,0.0,0,16505139.0,97671433000.0,0,1,1,1
ECU,2017,0.605279629548276,0.605279629548276,25.372141721181592,9.559528119203028,5.97039880954841,43.6177233172817,0.417335588666825,23.08637207029977,-0.142592499999999,0,0.0,30.0,0,0.0,0,16759519.0,104467486000.0,0,1,1,1
ECU,2018,1.29341012436864,1.29341012436864,25.400560953732203,9.552759675276477,1.04429460679607,48.0093476154836,-0.224103246005552,23.13705267192829,-0.213034,0,0.0,30.0,0,0.0,0,17049547.0,107478961000.0,0,1,1,1
ECU,2019,0.915058228783613,0.915058228783613,25.40164772927628,9.537518805534464,0.1654044646003,48.0828494933307,0.266012515466155,23.15395848775659,-0.195296299999999,0,0.0,30.0,0,0.0,0,17340021.0,107595830000.0,0,1,1,1
ECU,2020,1.16754746598289,1.16754746598289,25.2862117227264,9.428698601863918,-9.24509619165865,43.9893109378389,-0.338872392562139,23.113056075817635,-0.343507499999999,0,0.0,30.0,0,0.0,0,17546065.0,95865473000.0,0,1,1,1
ECU,2021,0.607504922954352,0.607504922954352,25.397766861304213,9.510996261607447,9.42189269033631,53.261275610573,0.133251386096389,23.237950498263903,-0.1107469,0,0.0,30.0,0,0.0,0,17682454.0,107179074000.0,0,1,1,1
ECU,2022,0.759637557255968,0.759637557255968,25.47800296489677,9.560055874898772,5.86842354862311,61.880792818786,3.46616972213077,23.30156254007946,0.0016248999999999,0,0.0,30.0,0,0.0,0,17823897.0,116133121000.0,0,1,1,1
ECU,2023,0.398026146047552,0.398026146047552,25.51734252630045,9.569493780052932,1.8328406107788,57.1626938264309,2.21568764237058,23.35961010411818,-0.162533899999999,0,0.0,30.0,0,0.0,0,17980083.0,120792801000.0,0,1,1,1
ECU,2024,0.360313100049938,0.360313100049938,25.54195237310352,9.541255932979174,-1.94409022506859,57.4436448205751,1.54732515615369,23.40450264702909,-0.2196127,0,0.0,30.0,0,0.0,0,18135478.0,123802374000.0,0,1,1,1
EGY,1996,0.940414995640802,0.940414995640802,24.937313323712026,9.06673918918858,4.98873056512208,46.9485614646905,7.18710369719992,22.62727966643448,0.0724351,0,8.389359819906353,0.0,1,4399.0,1,67028048.0,67629716981.1321,0,1,1,0
EGY,1997,1.13537589319293,1.13537589319293,25.085556213803027,9.099481893171662,5.49235474302942,43.7382474614517,4.62560578826438,22.607716638470887,,0,8.279189777195004,1.0,0,3940.0,0,68431740.0,78436578171.0914,0,0,0,0
EGY,1998,1.26843702157272,1.26843702157272,25.16390103380153,9.131889943959688,5.575497460986,41.9276270006959,3.8725754642749,22.611294001384028,-0.2224136,0,7.637716432664798,2.0,0,2074.0,0,69943294.0,84828807556.0803,0,1,1,0
EGY,1999,1.1743928153446,1.1743928153446,25.2309412114344,9.168357222861982,6.05343878467555,38.3615084525358,3.07949912638332,22.62287278498326,,0,7.238496840894365,3.0,0,1391.0,0,71520954.0,90710704806.8416,0,0,0,0
EGY,2000,1.23699720670391,1.23699720670391,25.326820157727976,9.208501457290104,6.37000382991766,39.0179359012055,2.68380535348546,22.6301660842965,-0.2541717,0,5.384495062789089,4.0,0,217.0,0,73083284.0,99838543960.0763,0,1,1,0
EGY,2001,0.527384722609423,0.527384722609423,25.294720344865304,9.2220053885641,3.53525197391507,39.8104265402844,2.26975720475956,22.6250282584981,,0,5.723585101952381,5.0,0,305.0,0,74652029.0,96684636118.5984,0,0,0,0
EGY,2002,0.759753233043019,0.759753233043019,25.167634058792817,9.224589010829543,2.39020402675627,40.9870678279229,2.73723855000334,22.681193250735063,-0.728812,0,4.663439094112067,6.0,0,105.0,0,76239137.0,85146067415.7303,0,1,1,0
EGY,2003,0.295683832335329,0.295683832335329,25.10889175564994,9.235069720491683,3.19345473756772,46.1796407185629,4.50777636319304,22.83137894162927,-0.638848499999999,1,8.997270906233448,0.0,1,8080.0,2,77853548.0,80288461538.4615,0,1,1,0
EGY,2004,1.59083618380383,1.59083618380383,25.089956315812152,9.25453157245307,4.09207161019908,57.8199052132701,11.270619332052,22.970384822486963,-0.5720178,1,8.382747094863314,0.0,1,4370.0,2,79477443.0,78782467532.4675,0,1,1,0
EGY,2005,5.99551598885794,5.99551598885794,25.21929436398172,9.278055938199545,4.4717444710621,62.9526462395543,4.86939696871988,23.053502289997795,-0.631049699999999,1,8.001689978099135,0.0,1,2985.0,2,81101004.0,89660339660.3397,0,1,1,0
EGY,2006,9.34856726566294,9.34856726566294,25.40006888483901,9.324724930266196,6.84383819369884,61.5185365063947,7.64452644526434,23.141397587872685,-0.614627199999999,1,8.373322820996535,0.0,1,4329.0,2,82700403.0,107426086956.522,0,1,1,0
EGY,2007,8.87633606337272,8.87633606337272,25.594162539241346,9.374328737418676,7.08782742675582,65.077873254565,9.3189690579923,23.283943979180005,-0.5786331,1,7.993957547573565,0.0,1,2962.0,2,84276225.0,130437828371.278,0,1,1,0
EGY,2008,5.8314126186488,5.8314126186488,25.81589996620876,9.424772873021224,7.15628356711522,71.6806253489671,18.3168316831684,23.39594199208729,-0.5179342,1,7.977625098784593,0.0,1,2914.0,2,85864789.0,162818181818.182,0,1,1,0
EGY,2009,3.54835118019574,3.54835118019574,25.9657903562567,9.45156596996229,4.67359980000663,56.5534446363462,11.7634954386443,23.313135479178666,-0.3337177,1,7.135687347028144,0.0,1,1255.0,2,87501636.0,189147005444.646,0,1,1,0
EGY,2010,2.91601657550141,2.91601657550141,26.112262979788248,9.482577876243385,5.14723485746742,47.9363500745898,11.2651882653185,23.389407558998684,-0.482093799999999,0,7.204892510204673,0.0,1,1345.0,1,89196072.0,218983666061.706,0,1,1,1
EGY,2011,-0.204542848807527,-0.204542848807527,26.1870538824452,9.479025109950294,1.76457194806041,45.2556341623514,10.0649259874818,23.50034268003945,-0.493349,0,7.417580402414544,0.0,1,1664.0,1,91093059.0,235989672977.625,0,1,0,0
EGY,2012,1.00234071774049,1.00234071774049,26.35489569145879,9.478595347432254,2.22619979818487,40.7117692721084,7.11172943343083,23.50413491601575,-0.5323164,0,7.257707677160043,0.0,1,1418.0,1,93161001.0,279116666666.667,0,1,1,1
EGY,2013,1.45343420769727,1.45343420769727,26.387732503488674,9.477161981843786,2.18546605363386,40.373038056332,9.46971981064921,23.53796684090773,-0.764836299999999,1,11.190251591564536,0.0,1,72420.0,2,95333553.0,288434108527.132,0,1,1,1
EGY,2014,1.50925042253521,1.50925042253521,26.44552787087745,9.483139665486476,2.91591188052836,36.9201877934272,10.0702154687481,23.559250498501257,-0.644012799999999,1,9.532278933106054,0.0,1,13797.0,2,97528654.0,305595408895.265,0,1,1,1
EGY,2015,2.10258128401326,2.10258128401326,26.520437182691225,9.504941847047522,4.37201907781687,34.8459429600229,10.370490343517,23.46691243572097,-0.5216722,1,9.383368881858544,0.0,1,11888.0,2,99597342.0,329366576819.407,0,1,1,1
EGY,2016,2.43856278142762,2.43856278142762,26.529730396840275,9.527143298362905,4.34664345601914,30.2465490514505,13.813606214829,23.48004047858468,-0.440950399999999,1,9.3915780082071,0.0,1,11986.0,2,101644589.0,332441717791.411,0,1,1,1
EGY,2017,2.98301550917695,2.98301550917695,26.238156303548045,9.548123220330586,4.18122099961562,42.8321343581608,29.5066083940039,23.544775197458,-0.406895199999999,1,9.28442691532888,0.0,1,10768.0,2,103696057.0,248362771739.13,0,1,1,1
EGY,2018,3.10040077579187,3.10040077579187,26.2938545097088,9.581090455148034,5.33110861887155,45.9110196733959,14.4014657807422,23.606586121157505,-0.405885499999999,0,7.538494999413465,0.0,1,1878.0,1,105682094.0,262588632526.73,0,1,1,1
EGY,2019,2.82732944960686,2.82732944960686,26.48744958452481,9.617575129576151,5.55209307084222,41.1240171551108,9.15279959324804,23.614764731005305,-0.118641699999999,0,7.029087564149662,0.0,1,1128.0,1,107553158.0,318678815489.749,0,1,1,1
EGY,2020,1.52462948997172,1.52462948997172,26.67343390601354,9.636211584609908,3.55016483883115,32.1262555667523,5.04493288977539,23.57514179441068,-0.234355899999999,0,7.379008127628304,0.0,1,1601.0,1,109315124.0,383817841547.099,0,1,1,1
EGY,2021,1.20617861055665,1.20617861055665,26.774582390905923,9.65368016506566,3.29064601193245,29.8569734808122,5.21404940513043,23.715857689645272,-0.225102299999999,0,7.115582126184454,0.0,1,1230.0,1,110957008.0,424671765455.704,0,1,1,1
EGY,2022,2.39118080969079,2.39118080969079,26.890253299799863,9.702618495874589,6.58784560870467,36.9831048772713,13.8956609775178,23.759250388654102,-0.1434309,0,7.053585727193677,0.0,1,1156.0,1,112618250.0,476747720364.742,0,1,1,1
EGY,2023,2.48546400695984,2.48546400695984,26.70449334250881,9.722648140774146,3.76028052279247,40.4504007720031,33.8847763115546,23.804940120062906,-0.0397463,0,6.380122536899765,0.0,1,589.0,1,114535772.0,395926071447.591,0,1,1,1
EGY,2024,11.9719351009449,11.9719351009449,26.68699918051372,9.729024134209451,2.3991692678251,39.6007520873733,28.2705899322083,23.852702424238608,-0.0970579,0,7.035268599281097,0.0,1,1135.0,1,116538258.0,389059910593.1,0,1,1,1
ERI,1996,5.2873318249158,5.2873318249158,20.35731364091756,,9.25883856340832,116.617520301229,,22.29519750969284,-1.3060162,0,0.0,30.0,0,0.0,0,2128464.0,693535954.190067,0,0,0,0
ERI,1997,5.94284422038848,5.94284422038848,20.34710234772964,,7.90868457794079,115.414776658722,,22.282499553226085,,0,3.4657359027997265,0.0,1,31.0,1,2152135.0,686490090.140141,0,0,0,0
ERI,1998,0.0061021954325007,0.0061021954325007,20.429596700273223,,1.77258309100318,94.9275656742685,,22.27678164129048,-1.3151438,1,6.90875477931522,0.0,1,1000.0,2,2180419.0,745523116.900052,0,0,0,0
ERI,1999,12.080107518727,12.080107518727,20.350633588483525,,0.0134800959108077,96.2592361791151,,22.29601690840576,,1,10.76253045480816,0.0,1,47217.0,2,2212780.0,688918537.115555,0,0,0,0
ERI,2000,3.94553531730238,3.94553531730238,20.37565089210897,,-3.14198590251638,67.8813619265146,,22.317613949021723,-1.3119868,1,10.819798284210286,0.0,1,50000.0,2,2247031.0,706370815.584416,0,0,0,0
ERI,2001,1.61245168864149,1.61245168864149,20.43874102675017,,8.75543552816325,72.0627109589752,,22.312826273162685,,0,0.0,1.0,0,0.0,0,2312079.0,752371688.743186,0,0,0,0
ERI,2002,3.12155398906868,3.12155398906868,20.40762545485983,,3.0054291917378,76.5901636574451,,22.363231149750163,-0.9332579,0,0.0,2.0,0,0.0,0,2392978.0,729321680.154324,0,0,0,0
ERI,2003,2.87271930691421,2.87271930691421,20.584289093904243,,-2.65551592487554,74.0078242901552,,22.50307757435458,-0.9425026,0,4.060443010546419,0.0,1,57.0,1,2493903.0,870248267.550163,0,0,0,0
ERI,2004,2.17335313535463,2.17335313535463,20.8267732415498,,1.45173556595506,65.570906849032,,22.639766585152543,-1.0685702,0,0.0,1.0,0,0.0,0,2598284.0,1109054005.43971,0,0,0,0
ERI,2005,0.130327551691687,0.130327551691687,20.81714288636587,,2.57444955124846,61.1060310218073,,22.73110522887281,-0.9143152,0,0.0,2.0,0,0.0,0,2661215.0,1098424685.66169,0,0,0,0
ERI,2006,1.26949256396085,1.26949256396085,20.91484596696425,,-0.969217110711355,45.2608460537354,,22.82495226417881,-1.1331014,0,0.0,3.0,0,0.0,0,2703502.0,1211161879.6748,0,0,0,0
ERI,2007,0.546785999949131,0.546785999949131,20.99936191855788,,1.42682221120323,34.5595595326375,,22.965300434007933,-1.1318599,0,0.0,4.0,0,0.0,0,2743222.0,1317974491.05691,0,0,0,0
ERI,2008,2.82570036794966,2.82570036794966,21.04548613835188,,-9.78303001782456,30.5609500494496,,23.07950223553973,-1.14171699999999,0,0.0,0.0,1,0.0,1,2816327.0,1380188800.0,0,0,0,0
ERI,2009,4.9011804838025,4.9011804838025,21.342064159306272,,3.8765015275421,27.9721416148149,,23.00713024453168,-1.1515328,0,0.0,1.0,0,0.0,0,2887885.0,1856695551.21951,0,0,0,0
ERI,2010,5.72501513985957,5.72501513985957,21.18669505651545,,2.19419034888082,37.4714654565691,,23.09961872223124,-1.1909988,0,0.0,2.0,0,0.0,0,2945186.0,1589515447.15447,0,0,0,0
ERI,2011,1.8886183675912,1.8886183675912,21.448396850776174,,8.67980010138049,47.3937901188684,,23.2183046509784,-1.2937716,0,0.0,3.0,0,0.0,0,2998485.0,2065001626.01626,0,0,0,0
ERI,2012,,,,,,,,23.237158982582194,-1.3263806,0,0.0,4.0,0,0.0,0,3036988.0,,0,0,0,0
ERI,2013,,,,,,,,23.268240912723424,-1.3919184,0,0.0,5.0,0,0.0,0,3074360.0,,0,0,0,0
ERI,2014,,,,,,,,23.29406909569144,-1.2490594,0,0.0,6.0,0,0.0,0,3095173.0,,0,0,0,0
ERI,2015,,,,,,,,23.21465374162928,-1.2742181,0,0.0,7.0,0,0.0,0,3105546.0,,0,0,0,0
ERI,2016,,,,,,,,23.22623469275441,-1.2669749,0,3.258096538021482,0.0,1,25.0,1,3124698.0,,0,0,0,0
ERI,2017,,,,,,,,23.28894056660133,-1.2739169,0,0.0,1.0,0,0.0,0,3150347.0,,0,0,0,0
ERI,2018,,,,,,,,23.35432544869472,-1.42377589999999,0,0.0,2.0,0,0.0,0,3192760.0,,0,0,0,0
ERI,2019,,,,,,,,23.36588134693468,-1.4628029,0,0.0,3.0,0,0.0,0,3240194.0,,0,0,0,0
ERI,2020,,,,,,,,23.326464636577576,-1.3975653,0,0.0,4.0,0,0.0,0,3291271.0,,0,0,0,0
ERI,2021,,,,,,,,23.46951686918413,-1.394653,0,0.0,5.0,0,0.0,0,3350183.0,,0,0,0,0
ERI,2022,,,,,,,,23.522529040740253,-1.34348739999999,0,11.998150163755016,6.0,0,162453.0,0,3409447.0,,0,0,0,0
ERI,2023,,,,,,,,23.55695304559835,-1.3802453,0,0.0,7.0,0,0.0,0,3470390.0,,0,0,0,0
ERI,2024,,,,,,,,23.599080297809994,-1.45617889999999,0,0.0,8.0,0,0.0,0,3535603.0,,0,0,0,0
ESP,1996,1.52609695036777,1.52609695036777,27.18824567154562,10.440927220399926,2.60741117110229,46.2977506718533,3.55884559338561,23.0052676141175,1.3661955,0,0.0,30.0,0,0.0,0,39889852.0,642251412058.321,0,1,1,0
ESP,1997,1.59963097299184,1.59963097299184,27.10294721337509,10.471980572009588,3.58729972356299,51.2271398594527,1.97107395582926,22.97185398484001,,0,0.0,30.0,0,0.0,0,40057389.0,589739772727.273,0,0,0,0
ESP,1998,2.53981875835882,2.53981875835882,27.150937226462585,10.5099622323215,4.30197745333581,52.730313072059,1.83432999908414,22.99100775636032,1.3047026,0,0.0,30.0,0,0.0,0,40223509.0,618731484575.12,0,1,1,0
ESP,1999,3.12218385015752,3.12218385015752,27.175937475057733,10.549053406054128,4.40886545305924,54.6969131882495,2.31034813987063,22.998581813275297,,0,0.0,30.0,0,0.0,0,40386875.0,634394904386.874,0,0,0,0
ESP,2000,6.808785945464,6.808785945464,27.117028574026964,10.595281245790684,5.20064125553942,60.1216241049216,3.43351563418764,22.97405110451944,1.5699109,0,0.0,30.0,0,0.0,0,40567864.0,598102854756.08,0,1,1,0
ESP,2001,4.62197940241983,4.62197940241983,27.165485382560632,10.626782983077687,3.91908880808811,58.0138895625701,3.58983413338117,22.978395770208085,,0,0.0,30.0,0,0.0,0,40850412.0,627798682378.741,0,0,0,0
ESP,2002,5.54556177892168,5.54556177892168,27.28703423308748,10.63983879589071,2.75545611564098,55.1021415309759,3.06565685902211,23.042923192811344,1.7932971,0,0.0,30.0,0,0.0,0,41431558.0,708938227243.923,0,1,1,0
ESP,2003,3.41488423629312,3.41488423629312,27.53446970487875,10.650723458268557,2.9392895953076,53.4357897202258,3.03888839396661,23.20120482560476,1.7833136,0,0.0,30.0,0,0.0,0,42187645.0,907963217057.645,0,1,1,0
ESP,2004,2.39691740423512,2.39691740423512,27.6985202960942,10.664138935826015,3.1145314799161,54.4795182656074,3.03924881090924,23.33492984942688,1.1933,0,0.0,30.0,0,0.0,0,42921895.0,1069829382514.67,0,1,1,0
ESP,2005,2.44941913037175,2.44941913037175,27.77483358450988,10.682141682817775,3.5512255846125,54.6991667043772,3.36881409750383,23.396223502363583,1.3037255,0,0.0,30.0,0,0.0,0,43653155.0,1154667551775.88,0,1,1,0
ESP,2006,2.80982337619077,2.80982337619077,27.86359738556384,10.70487642895,4.04343515605099,56.0839263823216,3.51557576832123,23.469753508715712,1.0174137,0,0.0,30.0,0,0.0,0,44397319.0,1261846683275.29,0,1,1,0
ESP,2007,4.7599135539395,4.7599135539395,28.02086232195537,10.721090662981744,3.53350013165972,57.6269487657546,2.7867974580495,23.602356810907366,1.1248022,0,0.0,30.0,0,0.0,0,45226803.0,1476746276854.51,0,1,1,0
ESP,2008,4.36076294618522,4.36076294618522,28.12334591861968,10.712779737952484,0.767165748290694,55.8281315172523,4.0753433595734,23.69000871279214,1.0498806,0,0.0,30.0,0,0.0,0,45954106.0,1636115447612.5,0,1,1,0
ESP,2009,0.505306851587762,0.505306851587762,28.034208692995858,10.665512752051653,-3.76813306940053,46.8366899971109,-0.287813083535241,23.60243271540813,0.9351955,0,0.0,30.0,0,0.0,0,46362946.0,1496587590847.66,0,1,1,0
ESP,2010,2.51885825626411,2.51885825626411,27.98728833199924,10.661849449444778,0.0941223116369514,52.6933699734019,1.79986457728769,23.64611349902851,0.7962866,0,0.0,30.0,0,0.0,0,46576897.0,1427989078916.67,0,1,1,1
ESP,2011,1.73938048405349,1.73938048405349,28.028164130774083,10.651876296423596,-0.639920636520344,58.5118228859632,3.19610188833792,23.743611205692755,0.8760127,0,0.0,30.0,0,0.0,0,46742697.0,1487568659241.25,0,1,1,1
ESP,2012,1.44631700014204,1.44631700014204,27.91694775726504,10.62215744390434,-2.86511368637748,60.5540346961864,2.44612782366809,23.72869700556098,0.9026107,0,0.0,30.0,0,0.0,0,46773055.0,1330994811670.31,0,1,1,1
ESP,2013,3.4608559063245,3.4608559063245,27.940112555911377,10.611398067022792,-1.42732224757626,61.6687726441327,1.40858109183009,23.76479529849683,1.0239507,0,0.0,30.0,0,0.0,0,46604197.0,1362186923157.65,0,1,1,1
ESP,2014,2.31642230011085,2.31642230011085,27.95328181777457,10.629571588261095,1.52048593647231,63.39926213895,-0.151114837527235,23.792845103718545,1.0206256,0,0.0,30.0,0,0.0,0,46460733.0,1380244561361.96,0,1,1,1
ESP,2015,1.97131692755332,1.97131692755332,27.81846683637056,10.67020487956549,4.06086672473866,63.5820412248232,-0.500365709903243,23.69400062364309,1.0684401,0,0.0,30.0,0,0.0,0,46422303.0,1206164777553.12,0,1,1,1
ESP,2016,3.61722479660389,3.61722479660389,27.848561533298938,10.698167955338658,2.91515598595787,63.1886778507294,-0.202598000426358,23.70041411013822,1.0540321,0,0.0,30.0,0,0.0,0,46458139.0,1243015667917.12,0,1,1,1
ESP,2017,2.54039212306223,2.54039212306223,27.909980825546,10.72428560682078,2.89604207865007,66.167446137857,1.95607633363954,23.75451888977258,1.0199904,0,0.0,30.0,0,0.0,0,46571232.0,1321754088818.83,0,1,1,1
ESP,2018,4.46748509754483,4.46748509754483,27.98984371852549,10.743441583126328,2.39541124478878,67.0094103982921,1.67498136863799,23.82041376063659,1.0702333,0,0.0,30.0,0,0.0,0,46782011.0,1431642809327.06,0,1,1,1
ESP,2019,2.16052375036307,2.16052375036307,27.96998765895541,10.755696557361444,1.96117850841711,66.3662250440692,0.699518994458648,23.822417999616817,1.118598,0,0.0,30.0,0,0.0,0,47118501.0,1403496387686.27,0,1,1,1
ESP,2020,2.92165980781023,2.92165980781023,27.88549575202163,10.634735776252969,-10.9400706350371,59.4461280147076,-0.322753017299649,23.79317201299256,1.0477979,0,0.0,30.0,0,0.0,0,47359424.0,1289783836971.21,0,1,1,1
ESP,2021,4.42272902452136,4.42272902452136,28.01030986083196,10.697648295428332,6.68314420473001,66.524588943191,3.09313511976402,23.92383040902978,1.1202722,0,0.0,30.0,0,0.0,0,47443821.0,1461244901852.69,0,1,1,1
ESP,2022,4.65609043363165,4.65609043363165,28.001791708673668,10.752216124211673,6.37031712129601,78.4657338703054,8.39057634118637,23.942057269034944,1.1419015,0,0.0,30.0,0,0.0,0,47786102.0,1448850658406.62,0,1,1,1
ESP,2023,2.89981565316893,2.89981565316893,28.11312744904924,10.764743128518573,2.46085796805582,71.7976366055733,3.53236133492433,24.00213163132126,1.0779914,0,0.0,30.0,0,0.0,0,48352528.0,1619481980719.64,0,1,1,1
ESP,2024,2.47896679493344,2.47896679493344,28.17663745453793,10.788500007702954,3.45525405630191,69.9502612382631,2.747147886618,24.04608164214766,1.110811,0,0.0,30.0,0,0.0,0,48848840.0,1725671652742.19,0,1,1,1
EST,1996,3.46531703682218,3.46531703682218,22.28896479386411,9.65925653049614,4.94301226131752,132.977442750892,23.050343349517,23.04381984473349,0.3768114,0,0.0,30.0,0,0.0,0,1415594.0,4786018988.16491,0,1,1,0
EST,1997,5.31678787173078,5.31678787173078,22.363120561917874,9.7933259187815,13.0500207047869,151.051344390403,10.5818789322146,23.0092697412702,,0,0.0,30.0,0,0.0,0,1399535.0,5154420649.23354,0,0,0,0
EST,1998,10.4966423724993,10.4966423724993,22.459174368312645,9.845414468255983,4.33982761193587,156.838235827521,8.20833333333298,23.018018759760224,0.2010405,0,0.0,30.0,0,0.0,0,1386156.0,5674080542.88575,0,1,1,0
EST,1999,5.66089553450958,5.66089553450958,22.47366710294746,9.838210333772636,-0.425025372086623,144.116453592933,3.29611089718909,23.027589113098745,,0,0.0,30.0,0,0.0,0,1390244.0,5756912265.75809,0,0,0,0
EST,2000,7.31923766598521,7.31923766598521,22.461374805500856,9.9294798391153,10.0876385800462,126.495626368659,4.01848952508763,23.010889591693328,0.58135,0,0.0,30.0,0,0.0,0,1396985.0,5686579747.53524,0,1,1,0
EST,2001,9.48590177311271,9.48590177311271,22.55588224771633,9.99299270642952,5.88074589534277,126.546640067292,5.74827981651373,23.01440636711794,,0,0.0,30.0,0,0.0,0,1388115.0,6250218422.70164,0,0,0,0
EST,2002,4.58926418891502,4.58926418891502,22.72069977361,10.066359336244089,6.93300082616575,123.28234538757,3.57191270164027,23.080828633305583,0.6400868,0,0.0,30.0,0,0.0,0,1379350.0,7370119619.4782,0,1,1,0
EST,2003,10.5121715393056,10.5121715393056,23.013433707183967,10.145851652081111,7.59630181032645,122.744772807796,1.33499116549955,23.24062677093414,0.8739661,0,0.0,30.0,0,0.0,0,1370720.0,9876595528.45528,0,1,1,0
EST,2004,8.94665953048459,8.94665953048459,23.22047936474265,10.217624162379302,6.80070110758655,129.949500077661,3.04811107523416,23.378263734120427,0.8750238,0,0.0,30.0,0,0.0,0,1362550.0,12148595031.0559,0,1,1,0
EST,2005,21.6702241581922,21.6702241581922,23.37011355374156,10.314311596310882,9.52305386462066,135.912792115107,4.07971423199849,23.447681069429965,0.9156236,0,0.0,30.0,0,0.0,0,1354775.0,14109491356.7964,0,1,1,0
EST,2006,10.3265683442585,10.3265683442585,23.557988148427384,10.413357556301357,9.76257131206653,136.620737662645,4.43762042389213,23.529330332925227,1.0357675,0,0.0,30.0,0,0.0,0,1346810.0,17025671810.3124,0,1,1,0
EST,2007,13.5105132723156,13.5105132723156,23.834568217944664,10.490899595422526,7.57091879311882,133.980829235754,6.60132603055637,23.673107613294217,0.9948635,0,0.0,30.0,0,0.0,0,1340680.0,22450264166.4385,0,1,1,0
EST,2008,8.12253971916627,8.12253971916627,23.91550751721549,10.440967698618635,-5.12531154308803,136.681988157836,10.3623580313683,23.773727626216303,1.0468986,0,0.0,30.0,0,0.0,0,1337090.0,24342935403.5447,0,1,1,0
EST,2009,9.50544171137007,9.50544171137007,23.70052780171985,10.284717337620348,-14.6302225427906,116.759079859802,-0.0784083112809768,23.673841338839114,0.9229304,0,0.0,30.0,0,0.0,0,1334515.0,19633984440.1223,0,1,1,0
EST,2010,13.2770330129027,13.2770330129027,23.69492851901777,10.311200167799388,2.4497502063999,143.671762256978,2.97204512015694,23.73052847705315,1.0389597,0,0.0,30.0,0,0.0,0,1331475.0,19524355419.038,0,1,1,1
EST,2011,4.80240449251588,4.80240449251588,23.8718872432584,10.387551275276316,7.60697458913162,166.7460724339,4.9819013145361,23.840661692446588,1.0559372,0,0.0,30.0,0,0.0,0,1327439.0,23303915794.7569,0,1,1,1
EST,2012,7.6916567949516,7.6916567949516,23.86902914980932,10.427192783154108,3.67201872506541,169.156067773865,3.93339987296985,23.832499030267453,1.0577763,0,0.0,30.0,0,0.0,0,1322696.0,23237406116.3988,0,1,1,1
EST,2013,4.31393930629533,4.31393930629533,23.960022159895885,10.448164158571556,1.75649379621869,164.601632156916,2.78056658954988,23.86975597666977,1.0627505,0,0.0,30.0,0,0.0,0,1317997.0,25451032780.7573,0,1,1,1
EST,2014,6.58511618123403,6.58511618123403,24.021163134469887,10.48347450453809,3.32278988182702,157.953944842229,-0.10617514652171,23.88914038265585,1.1638114,0,0.0,30.0,0,0.0,0,1314545.0,27055689003.0038,0,1,1,1
EST,2015,-3.06910519292015,-3.06910519292015,23.872227555447058,10.501033607402332,1.83815262882932,148.507157123558,-0.49232600654737,23.779809589873,1.0344114,0,0.0,30.0,0,0.0,0,1315407.0,23311847750.9394,0,1,0,0
EST,2016,3.7692325610639,3.7692325610639,23.924426787386786,10.531203978941829,3.09301920751959,147.7462327097,0.148684907627373,23.78910609020591,1.0636815,0,0.0,30.0,0,0.0,0,1315790.0,24561027787.7896,0,1,1,1
EST,2017,6.31892721219604,6.31892721219604,24.036340748915585,10.58480974199019,5.63467248963991,144.635650944133,3.41723549488054,23.85210035307368,1.0682358,0,0.0,30.0,0,0.0,0,1317384.0,27469461919.1189,0,1,1,1
EST,2018,4.08015832167199,4.08015832167199,24.164409077136938,10.617658363379242,3.69969756161726,143.485224864735,3.43632688420446,23.91949087500769,1.2651627,0,0.0,30.0,0,0.0,0,1321977.0,31222632740.7247,0,1,1,1
EST,2019,9.76819364646981,9.76819364646981,24.185048585381004,10.650531701590564,3.72664943466884,140.352147998549,2.27725931243522,23.921174265166336,1.1953645,0,0.0,30.0,0,0.0,0,1326898.0,31873748770.0313,0,1,1,1
EST,2020,12.0147752855703,12.0147752855703,24.183385105127734,10.619294046063168,-2.88380751483778,137.392641283846,-0.44453109767983,23.895679255208133,1.3201957,0,0.0,30.0,0,0.0,0,1329522.0,31820771493.8974,0,1,1,1
EST,2021,20.2291128645653,20.2291128645653,24.339604199147203,10.697552341327937,8.25488044580031,160.471922305927,4.65316673847473,24.03136568614405,1.3707206,0,0.0,30.0,0,0.0,0,1330932.0,37201101170.5847,0,1,1,1
EST,2022,4.52988372813183,4.52988372813183,24.366798537225502,10.671849334732508,-1.22616966587796,175.68711950524,19.3982634080616,24.053978591202,1.3587321,0,0.0,30.0,0,0.0,0,1348840.0,38226641740.29,0,1,1,1
EST,2023,12.540812828973,12.540812828973,24.448244415850915,10.628249059347311,-2.74421914571231,154.592617111149,9.15922507983982,24.101549465148544,1.2678954,0,0.0,30.0,0,0.0,0,1370286.0,41470344395.1086,0,1,1,1
EST,2024,-7.97097840452121,-5.087275859003976,24.487494381603536,10.625849661550165,-0.0900428648493801,151.037702410455,3.5194118998392,24.146156565191227,1.2969908,0,0.0,30.0,0,0.0,0,1372341.0,43130419829.35,0,1,0,0
ETH,1996,0.250307732741369,0.250307732741369,22.89360049351097,6.717794608841019,12.4261737814951,,-8.48424868948825,22.20544380363886,-1.3490638,0,6.556778356158042,0.0,1,703.0,1,59467635.0,8761215548.48614,0,0,0,0
ETH,1997,3.27697722032662,3.27697722032662,22.89841974894254,6.716601090725256,3.1339068517801,,2.39520958083829,22.19291840507298,,0,0.0,1.0,0,0.0,0,61404539.0,8803539988.33248,0,0,0,0
ETH,1998,3.25297744362568,3.25297744362568,22.804365270026647,6.650003003228083,-3.4581391346848,,0.894801693964107,22.18784537759216,-1.3532658,1,6.957497370876951,0.0,1,1050.0,2,63363524.0,8013274131.69715,0,0,0,0
ETH,1999,0.886611360320082,0.886611360320082,22.789238774290705,6.669091379593927,5.16214582255112,,7.94144864137325,22.20560535279305,,1,10.778456164848343,0.0,1,47975.0,2,65374561.0,7892973531.80045,0,0,0,0
ETH,2000,1.63351478937744,1.63351478937744,22.83255128801989,6.697368449982065,6.07321748125295,,0.662458109266482,22.22639324175513,-1.3518124,1,10.820797764563748,0.0,1,50050.0,2,67411494.0,8242349617.8638,0,0,0,0
ETH,2001,4.24475958430851,4.24475958430851,22.831212958520275,6.746780366771583,8.30130632267965,,-8.23784453391137,22.22151008004055,,0,5.631211781821365,0.0,1,278.0,1,69487762.0,8231326016.47494,0,0,0,0
ETH,2002,3.2480726995032,3.2480726995032,22.783882484209883,6.731373701869101,1.51472570667433,,0.675089102170801,22.27139903043159,-1.2859289,0,5.10594547390058,0.0,1,164.0,1,71635517.0,7850809498.16803,0,0,0,0
ETH,2003,5.39212251252315,5.39212251252315,22.877779055022565,6.679312886446277,-2.16135972256865,,13.6740452028272,22.41032115617693,-1.4424574,0,3.9318256327243257,0.0,1,50.0,1,73832663.0,8623691300.04079,0,0,0,0
ETH,2004,5.38041579859625,5.38041579859625,23.03888435085089,6.776637536825073,13.5726031401471,,3.32737047894847,22.54565669075633,-1.01202789999999,0,4.330733340286331,0.0,1,75.0,1,76077206.0,10131187261.4421,0,0,0,0
ETH,2005,2.13780093729558,2.13780093729558,23.241054196785143,6.858686525606865,11.8187659491625,,9.96997123512892,22.63465190538439,-0.918342799999999,0,4.430816798843313,0.0,1,83.0,1,78367470.0,12401139453.9738,0,0,0,0
ETH,2006,3.5682352741624,3.5682352741624,23.449867021882323,6.932183582865864,10.8347270679373,,12.2994763114825,22.727043190558742,-0.7589014,0,6.393590753950631,0.0,1,597.0,1,80703490.0,15280861834.6024,0,0,0,0
ETH,2007,1.12647092519686,1.12647092519686,23.70427103617824,7.011343196853524,11.4561670019891,,17.2404008340898,22.86598042120864,-0.638609499999999,1,7.554858521040676,0.0,1,1909.0,2,83103217.0,19707616772.7996,0,0,0,0
ETH,2008,0.400997134132688,0.400997134132688,24.02157788291288,7.084852616033573,10.7885216870332,,44.3566858766952,22.97640099275312,-0.530582,1,7.513709247839705,0.0,1,1832.0,2,85543668.0,27066912635.2228,0,0,0,0
ETH,2009,0.682729366934427,0.682729366934427,24.20257757947864,7.140820630057208,8.8025531990487,,8.48364404530282,22.907579502871048,-0.520821699999999,1,7.814399633804487,0.0,1,2475.0,2,88007636.0,32437389116.038,0,0,0,0
ETH,2010,0.963030625359937,0.963030625359937,24.12225379076418,7.230701048685624,12.5505383347633,,8.14926402965082,23.00031835423025,-0.4772744,1,7.794823152179389,0.0,1,2427.0,2,90538514.0,29933790334.3418,0,0,0,0
ETH,2011,1.96735663905254,1.96735663905254,24.1875244956998,7.308230601925364,11.1782962297008,48.232935411689,33.2499598823344,23.11671242729587,-0.5169232,1,8.146419323098003,0.0,1,3450.0,2,93149970.0,31952763089.33,0,1,1,1
ETH,2012,0.643172898229037,0.643172898229037,24.491666049020665,7.363132941676794,8.64781163513926,45.3979041835072,23.600417677317,23.133456517416487,-0.4212532,1,7.980023592310645,0.0,1,2921.0,2,95798767.0,43310721414.0829,0,1,1,1
ETH,2013,2.82040845857162,2.82040845857162,24.587112298606872,7.436537801786371,10.5822700502552,41.4717870807625,7.46402192944517,23.16430951064868,-0.5207719,0,7.59890045687141,0.0,1,1995.0,1,98438751.0,47648276605.0123,0,1,1,1
ETH,2014,3.33569111068815,3.33569111068815,24.74166894627891,7.507356113017073,10.2574929627477,40.7410841498626,6.89001951597192,23.19014397001854,-0.451422999999999,1,7.754481547470383,0.0,1,2331.0,2,101115610.0,55612228233.5179,0,1,1,1
ETH,2015,4.22926466080082,4.22926466080082,24.852066867556506,7.57937977012807,10.3924630141307,39.6561241449515,9.56889955968623,23.112251375327933,-0.5298526,1,7.1693500166706,0.0,1,1298.0,2,103867135.0,62103418181.8182,0,1,1,1
ETH,2016,6.0502150951561,6.0502150951561,24.94974727504648,7.642447659445331,9.43348265981905,34.8990210816111,6.62813337230924,23.12371901128753,-0.4771006,1,7.617267813628347,0.0,1,2032.0,2,106718162.0,68475871209.607,0,1,1,1
ETH,2017,5.26039764214773,5.26039764214773,25.05880447860759,7.7065356481734195,9.56418965754014,31.1036494929016,10.6871150284238,23.187418642856265,-0.5281279,1,7.5595594960077,0.0,1,1918.0,2,109666481.0,76366081766.6667,0,1,1,1
ETH,2018,4.03228222144798,4.03228222144798,25.14616927750201,7.74550705582403,6.81614778557282,31.1993689777881,13.8330356586661,23.25135420685241,-0.5328814,1,7.698482787880946,0.0,1,2204.0,2,112664152.0,83337901071.9697,0,1,1,1
ETH,2019,2.77536541538477,2.77536541538477,25.243254067317828,7.7989211936756355,8.36408573111346,28.8152939292608,15.8096321719344,23.26402963389156,-0.5253376,1,7.606387389772652,0.0,1,2010.0,2,115737383.0,91834517113.6386,0,1,1,1
ETH,2020,2.4279259279615,2.4279259279615,25.315115812134835,7.830643827869686,6.05953089248577,24.0061143414049,20.3563468559061,23.22585992346576,-0.551689499999999,1,10.037100191860048,0.0,1,22858.0,2,118917671.0,98676811061.9985,0,1,1,1
ETH,2021,3.90520609775086,3.90520609775086,25.41526451993652,7.858800265037778,5.64153069324176,24.3450574655662,26.8395221557722,23.366763160088063,-0.650462099999999,1,11.76693957915092,0.0,1,128918.0,2,122138588.0,109070960370.972,0,1,1,1
ETH,2022,2.98033315911234,2.98033315911234,25.536590230564787,7.884423173327359,5.32175988485454,26.5954996964257,33.8898797100898,23.414596522336264,-0.7000773,1,12.039356685514608,0.0,1,169287.0,2,125384287.0,123140304665.399,0,1,1,1
ETH,2023,2.40146315356828,2.40146315356828,25.63499450860787,7.922246278063088,6.59424599054353,20.5982015071406,30.2188278135278,23.449441822977786,-0.6883758,1,9.152499372286332,0.0,1,9437.0,2,128691692.0,135874093203.18,0,1,1,1
ETH,2024,2.68582028017543,2.68582028017543,25.73216828354512,7.969780413531821,7.61277447616879,17.4004358586815,21.0377460577711,23.490350824399435,-0.645991,1,8.53070154144103,0.0,1,5067.0,2,132059767.0,149740297952.375,0,1,1,1
FIN,1996,0.570466106660747,0.570466106660747,25.606006963357824,10.553244668319897,3.66265716987186,65.7903252694235,0.629194238121054,22.952025831938453,1.6663303,0,0.0,30.0,0,0.0,0,5124573.0,131991975148.848,0,1,1,0
FIN,1997,1.93443153560282,1.93443153560282,25.566372830883072,10.612284675589208,6.39770068404337,68.2478061464014,1.19255883425843,22.9194939311592,,0,0.0,30.0,0,0.0,0,5139835.0,126862902302.142,0,0,0,0
FIN,1998,9.34012543041459,9.34012543041459,25.62103755043413,10.662737161270384,5.45427021765444,66.9910571198446,1.39947378579837,22.92546636137315,1.9201103,0,0.0,30.0,0,0.0,0,5153498.0,133990876724.522,0,1,1,0
FIN,1999,5.76613954282465,5.76613954282465,25.63027423711354,10.70337280771671,4.38928070374669,66.254492150558,1.16223155669441,22.936904107082903,,0,0.0,30.0,0,0.0,0,5165474.0,135234241918.147,0,0,0,0
FIN,2000,10.7186649142355,10.7186649142355,25.55929232326962,10.757239718604286,5.75373770498848,74.9255788717317,3.04210080667792,22.925371298077422,2.118098,0,0.0,30.0,0,0.0,0,5176209.0,125967821110.589,0,1,1,0
FIN,2001,2.48974555634762,2.48974555634762,25.58709862059378,10.781022932667794,2.64026205699308,70.2841376639721,2.57844080098903,22.9271637002016,,0,0.0,30.0,0,0.0,0,5188008.0,129519672868.898,0,0,0,0
FIN,2002,5.76697056308707,5.76697056308707,25.66748325435034,10.795331614392596,1.68732644358099,69.3209377526273,1.5712201278938,22.992099950271555,2.32219,0,0.0,30.0,0,0.0,0,5200598.0,140360963811.765,0,1,1,0
FIN,2003,3.47606211936874,3.47606211936874,25.8685070079936,10.812865348159614,2.01179992738312,68.0715029595159,0.877440386254729,23.148063574732728,2.3184526,0,0.0,30.0,0,0.0,0,5213014.0,171612867735.686,0,1,1,0
FIN,2004,3.43216639798219,3.43216639798219,26.008793247800995,10.8492342825405,4.00537952277651,70.967802899062,0.187120559084474,23.284702465469618,2.1608063,0,0.0,30.0,0,0.0,0,5228172.0,197458297639.769,0,1,1,0
FIN,2005,5.30500837470056,5.30500837470056,26.04558957477589,10.873206211496024,2.77730918518017,76.5889740444293,0.623874450025224,23.355833373053784,2.1754916,0,0.0,30.0,0,0.0,0,5246096.0,204859368790.661,0,1,1,0
FIN,2006,2.1374386449528,2.1374386449528,26.10336624928893,10.908777340050696,4.01957326515895,82.0005669294983,1.56666380704379,23.43853527290968,2.0312012,0,0.0,30.0,0,0.0,0,5266268.0,217044068234.117,0,1,1,0
FIN,2007,8.57406338234925,8.57406338234925,26.269849524771097,10.95628784172694,5.31280176694145,82.8631608209175,2.5106656524034,23.579653114413407,1.8931493,0,0.0,30.0,0,0.0,0,5288720.0,256360251537.648,0,1,1,0
FIN,2008,6.7927004343529,6.7927004343529,26.378203463186853,10.959446054575483,0.784431235717051,86.1896598765527,4.06595355358383,23.677742921835545,1.9976827,0,0.0,30.0,0,0.0,0,5313399.0,285698662071.094,0,1,1,0
FIN,2009,-3.48204515637954,-3.48204515637954,26.258553852131733,10.870455214311397,-8.07603116552393,70.1279335295898,-9.17360424903996e-07,23.580560678206464,2.1588192,0,0.0,30.0,0,0.0,0,5338871.0,253480783439.453,0,1,0,0
FIN,2010,4.89959763196754,4.89959763196754,26.242442602851984,10.897071601120729,3.1682879121621,75.4612085231229,1.18413523154651,23.64220450352704,2.1469591,0,0.0,30.0,0,0.0,0,5363352.0,249429613683.334,0,1,1,1
FIN,2011,-2.18405747554129,-2.18405747554129,26.340498339115243,10.916058733079357,2.39039455396828,78.7159444486606,3.4168075425521,23.753008606576486,2.2380912,0,0.0,30.0,0,0.0,0,5388272.0,275126915515.565,0,1,0,0
FIN,2012,1.91512248449208,1.91512248449208,26.2740656668294,10.895955094017753,-1.52284013040689,79.4303765882482,2.80833622561574,23.74910766532713,2.2730989,0,0.0,30.0,0,0.0,0,5413971.0,257443384492.969,0,1,1,1
FIN,2013,-1.83489440736896,-1.83489440736896,26.32268003176144,10.881502135612903,-0.979741024949618,77.485171771574,1.4782861568881,23.78551081734507,2.2328225,0,0.0,30.0,0,0.0,0,5438972.0,270268036626.275,0,1,0,0
FIN,2014,6.41537482088507,6.41537482088507,26.33448895099151,10.872574385267097,-0.4780684247837,74.6277719754196,1.0411962117843,23.80580548812397,2.0675854,0,0.0,30.0,0,0.0,0,5461512.0,273478528954.901,0,1,1,1
FIN,2015,7.53800542922806,7.53800542922806,26.175208317405776,10.873934736507051,0.466503766322674,71.9618253787014,-0.207928839905177,23.701267966136424,1.9234691,0,0.0,30.0,0,0.0,0,5479531.0,233210733506.25,0,1,1,1
FIN,2016,2.18951964860612,2.18951964860612,26.198799328022567,10.896454685511976,2.57193414898754,71.7222101178859,0.356684500891695,23.710158580325977,1.9380968,0,0.0,30.0,0,0.0,0,5495303.0,238777818792.608,0,1,1,1
FIN,2017,6.66136555422276,6.66136555422276,26.259994166248536,10.926607793574822,3.30337003591039,75.9387822310041,0.754015047084438,23.772948307953087,2.1101082,0,0.0,30.0,0,0.0,0,5508214.0,253846138440.0,0,1,1,1
FIN,2018,-3.84456657280518,-3.84456657280518,26.33591666009557,10.937140560294674,1.19297759742292,79.1436148422846,1.08382098409296,23.839806939276137,2.1598194,0,0.0,30.0,0,0.0,0,5515525.0,273869255596.078,0,1,0,0
FIN,2019,6.09707710249334,6.09707710249334,26.31057000365403,10.94944574970846,1.34973845741737,80.5641502947367,1.02409392963431,23.843066200142864,2.1491065,0,0.0,30.0,0,0.0,0,5521606.0,267014821129.411,0,1,1,1
FIN,2020,-0.939114055968044,-0.939114055968044,26.321688950041253,10.922783463419789,-2.49103605535707,72.1845955995888,0.290554555653239,23.81590442771824,2.1354229,0,0.0,30.0,0,0.0,0,5529543.0,270000311606.226,0,1,0,0
FIN,2021,8.01406291677223,8.01406291677223,26.40760453559841,10.94712216461158,2.67634641498897,79.7892781913782,2.19457432339998,23.95429712605873,2.1560517,0,0.0,30.0,0,0.0,0,5541017.0,294223210496.119,0,1,1,1
FIN,2022,4.66691154081507,4.66691154081507,26.35895895792527,10.95200417407316,0.763041912763526,94.5625340522667,7.12350773301412,23.98080466717193,1.8972063,0,0.0,30.0,0,0.0,0,5556106.0,280253099309.34,0,1,1,1
FIN,2023,-0.0388895700301826,-0.0388895700301826,26.41089095379787,10.934031008964173,-1.28973484453397,85.5141847218915,6.25064322154763,24.026487202137755,1.787685,0,0.0,30.0,0,0.0,0,5583911.0,295191741637.26,0,1,0,0
FIN,2024,2.9263489451501,2.9263489451501,26.42280409334264,10.93134327656839,0.374566568538427,83.4510295550974,1.56568906231616,24.07176214715263,1.8171611,0,0.0,30.0,0,0.0,0,5619911.0,298729432711.719,0,1,1,1
FRA,1996,1.37419707227678,1.37419707227678,28.10033026443224,10.621101454682616,1.39707987198881,46.1124801589641,1.98288365089739,23.31836000902653,1.5259154,0,0.0,30.0,0,0.0,0,59754504.0,1598889216566.23,0,1,1,0
FRA,1997,1.59017858585611,1.59017858585611,28.002165427918943,10.642490429889186,2.5270616339357,49.803453474736,1.20394294026964,23.28187630117473,,0,0.0,30.0,0,0.0,0,59968066.0,1449392222971.45,0,0,0,0
FRA,1998,1.97196226741527,1.97196226741527,28.03442168235805,10.672728323700518,3.45259434279616,51.4214328030771,0.651126867833073,23.303185698107693,1.4602862,0,0.0,30.0,0,0.0,0,60190684.0,1496906382032.47,0,1,1,0
FRA,1999,3.09171602103703,3.09171602103703,28.027725211330225,10.700997806724628,3.39930808809441,51.6706614638734,0.537141639134596,23.3111891384205,,0,0.0,30.0,0,0.0,0,60501986.0,1486915879701.93,0,0,0,0
FRA,2000,3.04117027418415,3.04117027418415,27.939210765286347,10.734710013342344,4.14099996402915,57.7860470318197,1.67595988720928,23.278066776103213,1.6644076,0,0.0,30.0,0,0.0,0,60918661.0,1360959069477.49,0,1,1,0
FRA,2001,3.65899790543177,3.65899790543177,27.946106764911075,10.746236597576468,1.89946701186636,56.8932328560722,1.63478079549599,23.28466840394114,,0,0.0,30.0,0,0.0,0,61364377.0,1370376677298.86,0,0,0,0
FRA,2002,3.45413596292302,3.45413596292302,28.031425276607752,10.74958716828033,1.06775027069419,55.1325248503102,1.92341228727064,23.355141473020552,1.5487521,0,0.0,30.0,0,0.0,0,61812142.0,1492427756382.43,0,1,1,0
FRA,2003,2.30782482603352,2.30782482603352,28.238117902905863,10.75216251727356,0.967827182558352,52.5988822870657,2.09847219146919,23.51954141641335,1.6348006,0,0.0,30.0,0,0.0,0,62249855.0,1835095983049.09,0,1,1,0
FRA,2004,1.68777447237363,1.68777447237363,28.37761062124283,10.773115124599729,2.86825052501032,53.7497648292028,2.14208964640239,23.655942948438863,1.553699,0,0.0,30.0,0,0.0,0,62707588.0,2109792297237.03,0,1,1,0
FRA,2005,3.8837306583925,3.8837306583925,28.41590227248661,10.784305811769585,1.88856584109286,55.8228361241299,1.74586936380487,23.71398120005804,1.7144505,0,0.0,30.0,0,0.0,0,63180854.0,2192146403028.17,0,1,1,0
FRA,2006,3.40646118259263,3.40646118259263,28.47166612855778,10.80412129488976,2.71406448755236,57.8692775292673,1.67512449608726,23.78692369550456,1.463733,0,0.0,30.0,0,0.0,0,63622342.0,2317861544690.82,0,1,1,0
FRA,2007,3.15449449926763,3.15449449926763,28.607773411381512,10.822928990673644,2.53048188351066,58.1525611309659,1.4879980595386,23.92266850127737,1.5196924,0,0.0,30.0,0,0.0,0,64016890.0,2655816911866.56,0,1,1,0
FRA,2008,2.32326700027606,2.32326700027606,28.704931797007667,10.821143290647992,0.380171435849121,59.1797928411748,2.81286194914785,24.004163503377534,1.6286144,0,0.0,30.0,0,0.0,0,64375116.0,2926802941585.86,0,1,1,0
FRA,2009,0.682311492843145,0.682311492843145,28.62430099318056,10.787357686256623,-2.82455153714783,52.1991123027613,0.0876204781574653,23.90848056090499,1.5501891,0,0.0,30.0,0,0.0,0,64706436.0,2700075882518.98,0,1,1,0
FRA,2010,1.46961673029144,1.46961673029144,28.604157112078703,10.802233733762806,2.00032476039051,56.587555247796,1.53112270420919,23.944485642376883,1.4409639,0,0.0,30.0,0,0.0,0,65026211.0,2646230027988.34,0,1,1,1
FRA,2011,1.54005293306163,1.54005293306163,28.685475488875525,10.821490477329268,2.43757653729007,60.6056354816406,2.11159795175,24.04093187765493,1.4686756,0,0.0,30.0,0,0.0,0,65340830.0,2870408553990.28,0,1,1,1
FRA,2012,1.22790071519382,1.22790071519382,28.617959332089832,10.818489993082492,0.183835264973013,61.6589570771102,1.9541953161351,24.01871592307744,1.5129077,0,0.0,30.0,0,0.0,0,65657659.0,2683007095787.23,0,1,1,1
FRA,2013,1.18823404938295,1.18823404938295,28.66636611345938,10.821108008584666,0.781756446231,61.8192338733962,0.863715497861804,24.054513925127257,1.4742784,0,0.0,30.0,0,0.0,0,65997932.0,2816077607875.26,0,1,1,1
FRA,2014,0.176974174772525,0.176974174772525,28.682274854571848,10.82628840477856,0.997832947295251,62.1992669379507,0.50775882293799,24.08704498054287,1.4539502,0,0.0,30.0,0,0.0,0,66312067.0,2861236112552.42,0,1,1,1
FRA,2015,1.76596182973896,1.76596182973896,28.52403644607786,10.833343763005129,1.06675474783462,63.5046871956484,0.0375143805125182,23.98868709574771,1.4592807,0,0.0,30.0,0,0.0,0,66548272.0,2442483452642.5,0,1,1,1
FRA,2016,1.44200321416196,1.44200321416196,28.53540428120262,10.839268613884457,0.860031075424033,63.3427564383351,0.183334861123765,23.993254303165227,1.4200425,0,0.0,30.0,0,0.0,0,66724104.0,2470407619777.13,0,1,1,1
FRA,2017,1.68928072199317,1.68928072199317,28.58224195535614,10.856988637731869,2.08361485997399,65.3958481559711,1.03228275064681,24.045502062503832,1.4018117,0,0.0,30.0,0,0.0,0,66918020.0,2588868323334.71,0,1,1,1
FRA,2018,2.78594184568695,2.78594184568695,28.65403890483578,10.86972879653241,1.64590872395887,66.8022607812266,1.85081508315493,24.113882531311024,1.5186813,0,0.0,30.0,0,0.0,0,67158348.0,2781576320884.39,0,1,1,1
FRA,2019,1.96486943301562,1.96486943301562,28.632679496841067,10.886474879324254,2.02744646419237,66.4289607281749,1.10825492288294,24.11219882158333,1.4821333,0,0.0,30.0,0,0.0,0,67382061.0,2722793515171.76,0,1,1,1
FRA,2020,0.731471704018579,0.731471704018579,28.60479782880602,10.805909220216158,-7.44064589948231,58.8388907240647,0.476498852725065,24.08507089222201,1.4906558,0,0.0,30.0,0,0.0,0,67601110.0,2647926055110.05,0,1,1,1
FRA,2021,3.30405312221271,3.30405312221271,28.71838157013104,10.868898593896429,6.88233783360239,63.788482630872,1.64233141038394,24.21673821892212,1.5363267,0,0.0,30.0,0,0.0,0,67842811.0,2966433692008.09,0,1,1,1
FRA,2022,4.0180319137717,4.0180319137717,28.65877741897098,10.89068052172292,2.71676264185913,75.9630077981996,5.22236748369725,24.23221332627505,1.4637769,0,0.0,30.0,0,0.0,0,68184457.0,2794788137066.94,0,1,1,1
FRA,2023,0.590645170561014,0.590645170561014,28.74821000223936,10.90221915584636,1.43921494437743,70.6261450610225,4.8783572650844,24.29626156408794,1.3517693,0,0.0,30.0,0,0.0,0,68372286.0,3056250648138.29,0,1,1,1
FRA,2024,1.64700185498585,1.64700185498585,28.78173320411877,10.91143357996281,1.19046798275883,68.1081875443744,1.99904942291463,24.343184963399647,1.2007009,0,0.0,30.0,0,0.0,0,68551653.0,3160442622465.08,0,1,1,1
GAB,1996,-5.00720955514632,-5.00720955514632,22.46268585122517,10.110337967151052,3.62504902027987,95.6709008514144,0.689693377281638,22.163488570736952,-0.3326513,0,0.0,30.0,0,0.0,0,1152015.0,5694040002.89863,0,1,0,0
GAB,1997,-2.15348493002674,-2.15348493002674,22.39601973249839,10.14091498803944,5.73836739483843,98.5362645138464,3.973450075453,22.15464978635723,,0,0.0,30.0,0,0.0,0,1181439.0,5326817114.53586,0,0,0,0
GAB,1998,2.9576937639839,2.9576937639839,22.22365138496785,10.14978136846861,3.47783358718901,95.9747826086956,1.44873854294598,22.16141768776527,-0.6073685,0,0.0,30.0,0,0.0,0,1211736.0,4483417309.83011,0,1,1,0
GAB,1999,1.91835587390645,1.91835587390645,22.26292314690223,10.030724181404878,-8.93262280230105,97.7314524555904,-1.93660397603626,22.14601348612011,,0,0.0,30.0,0,0.0,0,1243016.0,4662992036.2073,0,0,0,0
GAB,2000,5.4731252435535,5.4731252435535,22.348672296471896,9.985860961077146,-1.88296639760897,101.701928939637,0.504920025834859,22.16063204452525,-0.605915099999999,0,0.0,30.0,0,0.0,0,1275572.0,5080483628.53013,0,1,1,0
GAB,2001,-2.00298894717111,-2.00298894717111,22.337346039908702,9.980669886045334,2.13523342197423,83.6386132424108,2.13762052701465,22.15965609115667,,0,0.0,30.0,0,0.0,0,1309589.0,5023265413.2623,0,0,0,0
GAB,2002,0.0217546424549428,0.0217546424549428,22.39763927293012,9.951395416090277,-0.249033168543434,84.7590815376223,0.0366828893971394,22.21172709007119,-0.605799499999999,0,0.0,30.0,0,0.0,0,1345135.0,5335451099.88223,0,1,1,0
GAB,2003,1.53052262034086,1.53052262034086,22.596897626082544,9.946329342659284,2.2473300115045,80.3026082056312,2.23535313551536,22.34981013013207,-0.611716199999999,0,0.0,30.0,0,0.0,0,1382350.0,6511903365.47554,0,1,1,0
GAB,2004,4.04069424179394,4.04069424179394,22.77356418731393,9.925196729185004,0.689543058464849,81.7675371418698,0.40820530743925,22.48454860602041,-1.0988503,0,0.0,30.0,0,0.0,0,1421609.0,7770219008.21293,0,1,1,0
GAB,2005,3.40362339596918,3.40362339596918,22.9832339911851,9.922568840853048,2.67620333310926,83.9495998399241,3.70833333333304,22.57267703315028,-1.041666,0,0.0,30.0,0,0.0,0,1463495.0,9582783990.85345,0,1,1,0
GAB,2006,2.59310046782659,2.59310046782659,23.05808559609161,9.863921376741112,-2.80657835569052,88.6494092562519,-1.4094013660098,22.66625027740231,-0.7785827,0,0.0,30.0,0,0.0,0,1508337.0,10327598306.4575,0,1,1,0
GAB,2007,5.25722235465119,5.25722235465119,23.24542087049416,9.891003764378254,6.00810802487668,85.1324791636578,5.03031883679951,22.800228824296155,-0.776776999999999,0,0.0,30.0,0,0.0,0,1556237.0,12455409587.3371,0,1,1,0
GAB,2008,4.45376516954727,4.45376516954727,23.468698417908485,9.825152541891068,-3.30843064878751,88.9988725945748,5.26430145575285,22.906318251654888,-0.7753686,0,0.0,30.0,0,0.0,0,1607175.0,15571348344.3379,0,1,1,0
GAB,2009,5.24757097949021,5.24757097949021,23.21760280354659,9.793178471183104,0.130331119816617,83.5045774235636,1.88570754577918,22.83489850114044,-0.612991699999999,0,0.0,30.0,0,0.0,0,1661556.0,12113699068.2517,0,1,1,0
GAB,2010,3.64540417621404,3.64540417621404,23.38858896754295,9.827177408572153,7.08988731455126,89.1576627248353,1.46154402720469,22.920827697440675,-0.581348099999999,0,0.0,30.0,0,0.0,0,1719879.0,14372593020.2885,0,1,1,1
GAB,2011,6.16978545780463,6.16978545780463,23.625253630245577,9.86021922547956,7.09175334258654,90.4983773331323,1.26331707837421,23.03009251695068,-0.7953663,0,0.0,30.0,0,0.0,0,1781985.0,18210307743.5816,0,1,1,1
GAB,2012,3.94472371225415,3.94472371225415,23.5664565363048,9.875623053545826,5.25107691750407,92.3428089420545,2.65241828695626,23.04348781097875,-0.9553429,0,0.0,30.0,0,0.0,0,1846889.0,17170464016.0593,0,1,1,1
GAB,2013,1.84153865698512,1.84153865698512,23.590922936937154,9.895276709895349,5.63869900338696,90.6350361478645,0.505441058915615,23.077890975658192,-0.8356498,0,0.0,30.0,0,0.0,0,1913059.0,17595744798.3398,0,1,1,1
GAB,2014,6.93864724297156,6.93864724297156,23.62490536858912,9.903936950435344,4.31496444107469,73.5203290162438,4.69045751826284,23.10494684696666,-0.6813684,0,0.0,30.0,0,0.0,0,1978399.0,18203966895.8433,0,1,1,1
GAB,2015,0.289976985604188,0.289976985604188,23.38932028290575,9.910845993688833,3.8788993950789,73.9497814588281,-0.338795188753406,23.017062650361545,-0.702388999999999,0,0.0,30.0,0,0.0,0,2040989.0,14383107762.6952,0,1,1,1
GAB,2016,8.86815381799839,8.86815381799839,23.36402815976052,9.902896157512489,2.09144220829562,70.1333810645308,2.10670712784054,23.01815248441904,-0.6634804,0,0.0,30.0,0,0.0,0,2100306.0,14023890265.3665,0,1,1,1
GAB,2017,8.80157025688894,8.80157025688894,23.426604120055803,9.881022486121028,0.472642030911146,75.0687404456638,2.65192583143902,23.079333190842505,-0.8272048,0,0.0,30.0,0,0.0,0,2156900.0,14929487485.1623,0,1,1,1
GAB,2018,8.17598940777917,8.17598940777917,23.548644238547624,9.86399791261361,0.83791658082157,77.0365976973024,4.74906652083221,23.141792551905457,-0.779531299999999,0,0.0,30.0,0,0.0,0,2212318.0,16867326401.9626,0,1,1,1
GAB,2019,9.20409837955739,9.20409837955739,23.54906384140382,9.87772896861104,3.92080879452831,73.4280894486644,2.46456756151187,23.167811415523506,-0.7880906,0,0.0,30.0,0,0.0,0,2267706.0,16874405465.391,0,1,1,1
GAB,2020,11.1881442291207,11.1881442291207,23.45387539566411,9.835288155835562,-1.8377610635094,70.1140546463796,1.35276110675333,23.12772093065007,-0.8134549,0,0.0,30.0,0,0.0,0,2322539.0,15342236163.9943,0,1,1,1
GAB,2021,7.86436710821205,7.86436710821205,23.690852466787344,9.826799783431326,1.46795731508091,85.3483122054787,1.0869074651941,23.25898980654702,-0.588664699999999,0,0.0,30.0,0,0.0,0,2376722.0,19444935097.2333,0,1,1,1
GAB,2022,5.40389729404727,5.40389729404727,23.740791680790338,9.834247318156455,3.03761449525692,92.0630888496921,4.23124798274579,23.303148568306543,-0.5943568,0,0.0,30.0,0,0.0,0,2430747.0,20440655695.229,0,1,1,1
GAB,2023,5.93517225575899,5.93517225575899,23.68793934553237,9.8363548842603,2.43893665041031,91.4786533179144,3.62901534185376,23.337118508689542,-0.5840974,0,0.0,30.0,0,0.0,0,2484789.0,19388372070.9778,0,1,1,1
GAB,2024,5.47750591310442,5.47750591310442,23.76280848778604,9.848168357758924,3.39403899521831,92.0468055146014,1.17311998381218,23.36529170274109,-0.5671547,0,0.0,30.0,0,0.0,0,2538952.0,20895684425.6752,0,1,1,1
GBR,1996,2.27411515466645,2.27411515466645,27.985394348999456,10.547341081433313,2.61491606949487,52.0576088895797,2.85178236397749,23.282615306093927,1.6594735,0,0.0,30.0,0,0.0,0,58166950.0,1425287051482.06,0,1,1,0
GBR,1997,3.26969165190333,3.26969165190333,28.08166179281791,10.59241206154392,4.8799853038024,50.7045618383811,2.20114313510882,23.2199696810084,,0,0.0,30.0,0,0.0,0,58316954.0,1569317288801.57,0,0,0,0
GBR,1998,6.6122467239177,6.6122467239177,28.138333453763263,10.621445354175089,3.24631482881618,49.1409088914683,1.82056163731557,23.237017889366587,1.6595597,0,0.0,30.0,0,0.0,0,58487141.0,1660821464060.95,0,1,1,0
GBR,1999,7.67019369648798,7.67019369648798,28.157794291148303,10.647130716218378,2.94445869854798,49.4683905163429,1.7529508005142,23.24446884362652,,0,0.0,30.0,0,0.0,0,58682466.0,1693458987218.9,0,0,0,0
GBR,2000,9.81876940536536,9.81876940536536,28.14480106406932,10.687807874143065,4.52438074810904,52.3380212335903,1.18295624210408,23.2036366799026,1.7413326,0,0.0,30.0,0,0.0,0,58892514.0,1671597821152.97,0,1,1,0
GBR,2001,3.38678339988188,3.38678339988188,28.135529432905823,10.707586964330895,2.39102229602824,52.6342367336438,1.53234960272418,23.21290938902685,,0,0.0,30.0,0,0.0,0,59119673.0,1656171009068.66,0,0,0,0
GBR,2002,5.01305498138785,5.01305498138785,28.21353645105395,10.720299471288804,1.70902736258567,51.2361820991323,1.52040245947455,23.28369661795667,1.7830545,0,0.0,30.0,0,0.0,0,59370479.0,1790536570743.41,0,1,1,0
GBR,2003,1.74707721568844,1.74707721568844,28.35432291881634,10.747321130950658,3.21851612669614,50.0681187039704,1.37650038542013,23.45611250591469,1.6613602,0,0.0,30.0,0,0.0,0,59647577.0,2061227755102.04,0,1,1,0
GBR,2004,3.58303251413023,3.58303251413023,28.518819697284133,10.764625490061604,2.32601853325993,50.2885521756133,1.39039756680422,23.58717363931752,1.5846989,0,0.0,30.0,0,0.0,0,59987905.0,2429774807762.72,0,1,1,0
GBR,2005,9.90268786448172,9.90268786448172,28.56764837889269,10.785283632483894,2.7906547174688,52.5442740383211,2.0891364902507,23.64483540464399,1.8367501,0,0.0,30.0,0,0.0,0,60401206.0,2551361818181.82,0,1,1,0
GBR,2006,7.4878491502754,7.4878491502754,28.631490636609524,10.799595036867178,2.18982132415704,56.7047791729812,2.4556616643929,23.717485245548897,1.7080687,0,0.0,30.0,0,0.0,0,60846820.0,2719558417663.29,0,1,1,0
GBR,2007,6.74831602886359,6.74831602886359,28.763938169622104,10.820696189191802,2.93091133582351,52.7493524964733,2.38656150773327,23.853590118892463,1.6664793,0,0.0,30.0,0,0.0,0,61322463.0,3104699879951.98,0,1,1,0
GBR,2008,8.60551599075423,8.60551599075423,28.71121544320801,10.812331624125312,-0.0494116727402769,56.4365501052604,3.52140856342539,23.956247208607,1.7054858,0,0.0,30.0,0,0.0,0,61806995.0,2945251838235.29,0,1,1,0
GBR,2009,0.598804602454409,0.598804602454409,28.518648204842595,10.757808088884584,-4.58740819226323,54.6537301085991,1.96173173560109,23.874644632032965,1.4845712,0,0.0,30.0,0,0.0,0,62276270.0,2429358155475.93,0,1,1,0
GBR,2010,2.67286674184503,2.67286674184503,28.54600726963339,10.772322931799325,2.26054460931586,59.0511802227821,2.49265472467065,23.90424217693544,1.4807208,0,0.0,30.0,0,0.0,0,62766365.0,2496740681057.14,0,1,1,1
GBR,2011,1.00957357920277,1.00957357920277,28.6151910454598,10.772986200699863,0.851437739020326,63.3240615708901,3.8561124468282,24.00149300070726,1.4681563,0,0.0,30.0,0,0.0,0,63258810.0,2675590034128.66,0,1,1,1
GBR,2012,1.71895853790766,1.71895853790766,28.63154856487921,10.781030375823343,1.52826034721852,61.9688704472535,2.5732347965453,23.971434921352223,1.5077865,0,0.0,30.0,0,0.0,0,63711000.0,2719715961539.83,0,1,1,1
GBR,2013,1.94762104828418,1.94762104828418,28.65953575638407,10.79138930532171,1.71846961308464,61.7195395154583,2.29166666666659,24.01140837357821,1.4464475,0,0.0,30.0,0,0.0,0,64138000.0,2796908333283.39,0,1,1,1
GBR,2014,1.90870445734316,1.90870445734316,28.757690163286927,10.81503050913861,3.16017351468152,58.8210228333296,1.45112016293279,24.033488274327464,1.6582915,0,0.0,30.0,0,0.0,0,64619000.0,3085362169410.29,0,1,1,1
GBR,2015,1.53903424150931,1.53903424150931,28.71132682035767,10.828992364084138,2.14040560033371,57.125044605439,0.36804684232536,23.9233825059707,1.6362652,0,0.0,30.0,0,0.0,0,65087000.0,2945579890258.46,0,1,1,1
GBR,2016,11.9998637298189,11.9998637298189,28.626791051459666,10.842875333637998,2.20652020635357,59.8395315138259,1.0084173681141,23.94244239628956,1.6528388,0,0.0,30.0,0,0.0,0,65606000.0,2706807606538.73,0,1,1,1
GBR,2017,4.64443540147576,4.64443540147576,28.623946312608624,10.86721758522021,3.02322219840339,63.1899245764158,2.55775577557747,24.004572195697104,1.5660677,0,0.0,30.0,0,0.0,0,65964000.0,2699118387873.1,0,1,1,1
GBR,2018,-0.864867036878713,-0.864867036878713,28.69470650326276,10.8777271326639,1.55133095078786,64.9097721959201,2.29283990345938,24.075093334201085,1.5248207,0,0.0,30.0,0,0.0,0,66287000.0,2897028009916.05,0,1,0,0
GBR,2019,0.688204352262878,0.688204352262878,28.6873207440354,10.885080752969104,1.25629899760824,65.0035664177054,1.73810460086513,24.073573220457643,1.3966716,0,0.0,30.0,0,0.0,0,66628000.0,2875710080015.3,0,1,1,1
GBR,2020,5.77039185007421,5.77039185007421,28.63312304691192,10.777508347082708,-10.047896637362,59.1598893030611,0.989486703772491,24.053682830296488,1.3728014,0,0.0,30.0,0,0.0,0,66740000.0,2724001478304.59,0,1,1,1
GBR,2021,3.20643815254935,3.20643815254935,28.792470225202177,10.855925865413957,8.5431118453255,58.53838629291,2.51837109614213,24.182075615142768,1.3289695,0,0.0,30.0,0,0.0,0,66978000.0,3194559188925.93,0,1,1,1
GBR,2022,2.91635435189931,2.91635435189931,28.78829354135853,10.896364587037436,5.14970388522993,69.1989264413981,7.92204883147902,24.19322582144499,1.2932604,0,0.0,30.0,0,0.0,0,67636000.0,3181244350465.41,0,1,1,1
GBR,2023,0.403116734836793,0.403116734836793,28.86089457958123,10.886004554881648,0.271650048355255,64.9923841747803,6.79396706793963,24.254552668942942,1.1378943,0,0.0,30.0,0,0.0,0,68526000.0,3420796653789.08,0,1,1,1
GBR,2024,-0.350561573947678,-0.350561573947678,28.93814767145194,10.885791930447674,1.08027716858781,62.839052044584,3.2715729463592,24.29663351728357,1.1849099,0,0.0,30.0,0,0.0,0,69281000.0,3695539513534.15,0,1,0,0
GEO,1996,,,21.8530331216076,8.375400261814066,11.2025463861501,45.6965490500194,39.3574999987146,22.64380696097637,-1.3060162,0,0.0,3.0,0,0.0,0,4491699.0,3094936177.1918,0,0,0,0
GEO,1997,6.90780807482052,6.90780807482052,21.979030077462617,8.507509034485741,10.5208042446244,57.7530659289995,7.08761762948726,22.624269331092133,,0,0.0,4.0,0,0.0,0,4349913.0,3510520231.21387,0,0,0,0
GEO,1998,7.34191772565261,7.34191772565261,22.00794192606996,8.562795112197282,3.10150969616576,53.5666693215985,3.56680781278783,22.62101300892492,-1.3151438,0,0.0,5.0,0,0.0,0,4243607.0,3613497316.55319,0,1,1,0
GEO,1999,2.93925854428705,2.93925854428705,21.752894497912244,8.611638461026036,2.86729567454968,57.1518743274472,19.1926758218895,22.635840564169744,,0,0.0,6.0,0,0.0,0,4157192.0,2800025882.71672,0,0,0,0
GEO,2000,4.29984428089904,4.29984428089904,21.84085535850646,8.649321263771018,1.84038117927339,62.6613956413099,4.06396201382596,22.64636499691824,-0.876520299999999,0,0.0,7.0,0,0.0,0,4077131.0,3057475335.18846,0,1,1,0
GEO,2001,3.41273251705983,3.41273251705983,21.892480183180226,8.711786875035706,4.80729867243699,63.3299250824094,4.64604442058634,22.64184536360249,,0,0.0,8.0,0,0.0,0,4014373.0,3219462262.0075,0,0,0,0
GEO,2002,4.72348885200524,4.72348885200524,21.94579539799197,8.774053938774035,5.47402488700408,71.6291255364807,5.58783730000794,22.6998853656402,-1.21042079999999,0,7.162397497355718,9.0,0,1289.0,0,3978515.0,3395766677.67315,0,1,1,0
GEO,2003,8.39036166616402,8.39036166616402,22.107402347613625,8.88568127302151,11.0570310020104,77.6333765369391,0.837734531536568,22.848618277982258,-1.2195365,0,0.0,10.0,0,0.0,0,3951736.0,3991377904.13162,0,1,1,0
GEO,2004,9.61361623129554,9.61361623129554,22.357467616405227,8.948185068684472,5.79268292682926,79.0407459055607,5.65632636191132,22.99080091585796,-0.7313035,0,3.332204510175204,0.0,1,27.0,1,3927340.0,5125365191.98664,0,1,1,0
GEO,2005,7.06775086735302,7.06775086735302,22.58126738322868,9.04612432145928,9.59113832853026,84.5295975354749,8.24709043114158,23.079589400794244,-0.6108964,0,0.0,1.0,0,0.0,0,3902469.0,6410912049.87105,0,1,1,0
GEO,2006,15.1240361672901,15.1240361672901,22.770345683945283,9.141846204423,9.42148081189909,89.125374368197,9.16096508394497,23.173166700734853,-0.3869641,0,0.0,2.0,0,0.0,0,3880347.0,7745250733.95067,0,1,1,0
GEO,2007,18.5993001881899,18.5993001881899,23.042996214781034,9.265517213687636,12.5755698246405,88.3934140686603,9.24489745592404,23.322803825688883,-0.2227139,0,0.0,3.0,0,0.0,0,3860158.0,10172931088.5655,0,1,1,0
GEO,2008,12.5221905619449,12.5221905619449,23.27233164927697,9.2924827015433,2.42161440960641,86.2982243681487,9.99948761552747,23.439162057560143,-0.0154297999999999,0,6.432940092739179,0.0,1,621.0,1,3848449.0,12795145130.9103,0,1,1,0
GEO,2009,6.13732507746039,6.13732507746039,23.099744313755508,9.26417395286275,-3.65075229596822,78.1930390303569,1.7275146113791,23.353471311027675,0.0841957,0,0.0,1.0,0,0.0,0,3814419.0,10766920065.8251,0,1,1,0
GEO,2010,7.41065931415781,7.41065931415781,23.243129955865143,9.332059525764626,6.24640865303363,81.6733870603639,7.11017897486099,23.43866226052025,0.2118458,0,0.0,2.0,0,0.0,0,3786695.0,12426907967.1578,0,1,1,1
GEO,2011,7.56100540937968,7.56100540937968,23.46251042556947,9.416434027257663,7.9343365253078,85.4659350932986,8.5429333333333,23.56011415261689,0.5431231,0,0.0,3.0,0,0.0,0,3756441.0,15475290469.2869,0,1,1,1
GEO,2012,5.73087327277528,5.73087327277528,23.550247571453387,9.487514405162823,6.57883101954195,89.7348800946338,-0.943658853270964,23.572469389300963,0.6137741,0,0.0,4.0,0,0.0,0,3728874.0,16894392033.2256,0,1,1,1
GEO,2013,5.97432640298838,5.97432640298838,23.58647536009301,9.540579064982966,5.13288531209382,93.8139137895532,-0.512058410947092,23.601853762958783,0.5511037,0,0.0,5.0,0,0.0,0,3717668.0,17517660143.6859,0,1,1,1
GEO,2014,10.2241873429056,10.2241873429056,23.611747760747413,9.580199962697352,4.09049059581743,94.9506979383393,3.06881210379543,23.618000174381866,0.5296758,0,0.0,6.0,0,0.0,0,3719414.0,17966015109.3043,0,1,1,1
GEO,2015,11.3986492046024,11.3986492046024,23.44612557673235,9.611586152003332,3.35102350265353,97.0163115086257,4.00357820695097,23.520797196255888,0.4698911,0,0.0,7.0,0,0.0,0,3725276.0,15223796148.8396,0,1,1,1
GEO,2016,10.746989399988,10.746989399988,23.46052195615451,9.644908284251944,3.45021517996871,94.9262528383443,2.13492713939121,23.53287768990509,0.5977322,0,0.0,8.0,0,0.0,0,3727505.0,15444548901.9637,0,1,1,1
GEO,2017,11.7183676491747,11.7183676491747,23.52499612482556,9.695086311328495,5.15990261658827,102.584277697146,6.03531725272117,23.59668849865525,0.6334817,0,0.0,9.0,0,0.0,0,3728004.0,16473125375.0684,0,1,1,1
GEO,2018,7.28401976586955,7.28401976586955,23.608208711790816,9.754330662900651,6.062036412677,109.847740556266,2.6152447139767,23.65659762421765,0.5020219,0,0.0,10.0,0,0.0,0,3726549.0,17902544880.6471,0,1,1,1
GEO,2019,7.92523222582948,7.92523222582948,23.593340615332853,9.808455824522444,5.38071926589951,117.810080239714,4.85289821696723,23.66494252179601,0.511363,0,0.0,11.0,0,0.0,0,3720161.0,17638337116.9126,0,1,1,1
GEO,2020,3.47997036066188,3.47997036066188,23.496533654528744,9.74279894863724,-6.2904717853839,92.8910841752194,5.2024648897534,23.62693280441322,0.3081567,0,0.0,12.0,0,0.0,0,3722716.0,16010869215.68,0,1,1,1
GEO,2021,6.84360165773215,6.84360165773215,23.65994402040869,9.847745080511013,10.6442336580969,101.60090754891,9.56691433824769,23.77041407888573,0.4515433,0,0.0,13.0,0,0.0,0,3708610.0,18853115588.8106,0,1,1,1
GEO,2022,9.03652531888906,9.03652531888906,23.941524229626783,9.950682542191572,10.9585321385624,114.695437688718,11.8981654203198,23.8164518526013,0.4424252,0,0.0,14.0,0,0.0,0,3712502.0,24984568959.605,0,1,1,1
GEO,2023,6.86202066832702,6.86202066832702,24.150060579535467,10.025286042782644,7.83220126555726,107.151179161579,2.48776056578715,23.85813941953312,0.5876041,0,0.0,15.0,0,0.0,0,3715483.0,30777833600.6515,0,1,1,1
GEO,2024,4.68837816824546,4.68837816824546,24.25518217391958,10.091899831949856,9.67979379712661,103.456471463024,1.10971758022096,23.90587962450365,0.4562672,0,0.0,16.0,0,0.0,0,3812518.0,34189423333.141,0,1,1,1
GHA,1996,1.73085450713045,1.73085450713045,22.659557265412857,8.041150742685293,4.60246115564627,72.2049441293975,46.5610196762282,22.26690265876959,-0.0324486,0,0.0,30.0,0,0.0,0,17810181.0,6932991739.37767,0,1,1,0
GHA,1997,1.18697923958791,1.18697923958791,22.653546361902904,8.058468132276102,4.19635744019571,85.4018379695892,27.8852086407527,22.25823210102105,,0,0.0,30.0,0,0.0,0,18238958.0,6891443192.24985,0,0,0,0
GHA,1998,2.23734900555042,2.23734900555042,22.73577521667087,8.080077119384189,4.70039078427911,80.5995432469935,14.6241666666675,22.270694606228048,-0.3071658,0,0.0,30.0,0,0.0,0,18688036.0,7482069162.42008,0,1,1,0
GHA,1999,3.15750877559549,3.15750877559549,22.76683535005889,8.098724497677159,4.39999682545296,81.7051040340528,4.86539785077528,22.244361058869487,,0,0.0,30.0,0,0.0,0,19149864.0,7718109982.26093,0,0,0,0
GHA,2000,3.32941946782064,3.32941946782064,22.329267986342145,8.109932069315366,3.70000008164408,116.048430162968,40.240933123914,22.255115169130747,-0.0680212999999999,0,0.0,30.0,0,0.0,0,19637087.0,4982850662.20851,0,1,1,0
GHA,2001,1.68056701347756,1.68056701347756,22.39377492642982,8.122521729287532,4.00000012807919,110.045854160811,41.509496287803,22.256568822054188,,0,0.0,30.0,0,0.0,0,20167069.0,5314872854.4405,0,0,0,0
GHA,2002,0.955694277966518,0.955694277966518,22.54234825279964,8.13903723348651,4.49999955900331,97.4892431746551,9.36093239560313,22.310147418626805,-0.224036699999999,0,0.0,30.0,0,0.0,0,20729388.0,6166197847.85031,0,1,1,0
GHA,2003,1.7916409392104,1.7916409392104,22.755710572109933,8.162730386734662,5.200000133101,97.2871457139532,29.7729797160384,22.448140169583525,-0.438919299999999,0,0.0,30.0,0,0.0,0,21296705.0,7632723555.66221,0,1,1,0
GHA,2004,1.56810546990152,1.56810546990152,22.907227055383466,8.190732929686831,5.59999999077445,99.6703343472122,18.0427388232565,22.58113559384408,-0.3962772,0,0.0,30.0,0,0.0,0,21868298.0,8881417906.71432,0,1,1,0
GHA,2005,1.34923986570129,1.34923986570129,23.097666196987507,8.22183046005459,5.90000381855104,98.1715141146279,15.4389920155908,22.665445377406453,-0.267334299999999,0,0.0,30.0,0,0.0,0,22449438.0,10744568381.4456,0,1,1,0
GHA,2006,3.04529018468516,3.04529018468516,23.76229883507091,8.257868305957041,6.39991260618034,64.5190542439152,11.6791839392492,22.756715082492832,0.0739642,0,0.0,30.0,0,0.0,0,23040702.0,20885037596.6963,0,1,1,0
GHA,2007,5.57118876952139,5.57118876952139,23.935211267554173,8.274643981902695,4.34681910440079,65.3543222852532,10.7342665456292,22.888898843027,0.0561228,0,0.0,30.0,0,0.0,0,23642279.0,24827339138.4906,0,1,1,0
GHA,2008,9.46643908231485,9.46643908231485,24.07944434760256,8.336817238554955,9.14979893831817,69.5142256111434,16.494639613412,22.99164259500369,0.0686849,0,0.0,30.0,0,0.0,0,24249946.0,28679383241.0729,0,1,1,0
GHA,2009,9.10808669100415,9.10808669100415,23.983234467874208,8.35917237928902,4.84448705175076,71.5947385281523,19.2469482220857,22.919047738038984,0.078926,0,0.0,30.0,0,0.0,0,24862664.0,26048720005.5233,0,1,1,0
GHA,2010,7.84948455261709,7.84948455261709,24.1951594783534,8.410874253472036,7.89971194051621,75.3778157916824,10.7333898354915,22.999368288637683,0.0369136,0,0.0,30.0,0,0.0,0,25474995.0,32197655566.5347,0,1,1,1
GHA,2011,8.2558797134245,8.2558797134245,24.395422950859327,8.518266080661059,14.0471235803149,86.2954538549695,8.7284593709302,23.10381833906027,0.0061563,0,0.0,30.0,0,0.0,0,26095088.0,39336668080.559,0,1,1,1
GHA,2012,7.98251565917851,7.98251565917851,24.443442897718363,8.5829272262107,9.2927894063005,93.1680351286831,11.1863409441067,23.11389580100349,0.0221723,0,0.0,30.0,0,0.0,0,26734268.0,41271701060.954,0,1,1,1
GHA,2013,5.13479660884921,5.13479660884921,24.863948702201007,8.629409618906134,7.31252501678145,60.7593219028775,11.6661923071729,23.14964916420941,-0.0886218999999999,0,0.0,30.0,0,0.0,0,27386193.0,62845721959.827,0,1,1,1
GHA,2014,6.15120635162518,6.15120635162518,24.724737034359013,8.633921864337028,2.85624016330883,63.8365624430783,15.4896160333318,23.179273620446857,-0.0881126,0,0.0,30.0,0,0.0,0,28041592.0,54678533805.9064,0,1,1,1
GHA,2015,6.45737614178894,6.45737614178894,24.62396104911127,8.631836433132044,2.12075933817334,76.5212709243242,17.1499695007878,23.091899154632248,-0.085856,0,0.0,30.0,0,0.0,0,28696068.0,49436806230.4839,0,1,1,1
GHA,2016,6.20782671803196,6.20782671803196,24.7511888510987,8.642252438387226,3.37346574966936,67.8769994445865,17.4546347070868,23.09243977701532,0.0177698,0,0.0,30.0,0,0.0,0,29356742.0,56144179397.8516,0,1,1,1
GHA,2017,5.39035841681501,5.39035841681501,24.82401334705743,8.698452659745659,8.12889488100956,70.5483652904116,12.3719215507048,23.149794995977835,0.0366097,0,0.0,30.0,0,0.0,0,30008354.0,60385409434.8567,0,1,1,1
GHA,2018,4.4440435772374,4.4440435772374,24.931821938181315,8.737855600363206,6.20007768127284,67.9585174644902,7.80876516610703,23.2127197289278,-0.0138733,0,0.0,30.0,0,0.0,0,30637585.0,67259353965.6087,0,1,1,1
GHA,2019,5.67619931009197,5.67619931009197,24.947945866767235,8.78082534762442,6.5077747939152,76.824802732152,7.14364003330857,23.2448696740956,-0.0546834,0,0.0,30.0,0,0.0,0,31258945.0,68352629246.1555,0,1,1,1
GHA,2020,2.67937438514205,2.67937438514205,24.971878841488163,8.766033404090185,0.513941670628171,66.5754987162431,9.88728956269944,23.20565261271479,-0.0103657,0,0.0,30.0,0,0.0,0,31887809.0,70008243859.8666,0,1,1,1
GHA,2021,3.18633188953992,3.18633188953992,25.09920151850013,8.795961096540124,5.07646643533542,62.7078309128346,9.9710886750444,23.33321564893797,-0.0445107,0,0.0,30.0,0,0.0,0,32518665.0,79514204730.3979,0,1,1,1
GHA,2022,1.93240124333448,1.93240124333448,25.02623577950548,8.814100699125778,3.80484978178042,70.1154557937915,31.2558951049016,23.374540943812743,-0.0662946,0,0.0,30.0,0,0.0,0,33149152.0,73919003212.1998,0,1,1,1
GHA,2023,1.63794208218413,1.63794208218413,25.112108525407653,8.825932655094995,3.14009100080186,64.3878615301086,38.1069656296501,23.409958049492293,-0.0177779,0,0.0,30.0,0,0.0,0,33787914.0,80547146875.9526,0,1,1,1
GHA,2024,2.11980137105215,2.11980137105215,25.14557734916737,8.864011549854114,5.84746854280382,68.9668717609486,22.8483281157842,23.434236029946813,0.0595796,0,0.0,30.0,0,0.0,0,34427414.0,83288585604.0268,0,1,1,1
GIN,1996,0.421431935826052,0.421431935826052,22.453370285930195,7.698629549976954,4.46157508517599,29.861424528614,,22.260504387851288,-1.307264,0,0.0,30.0,0,0.0,0,7770035.0,5641243099.76661,0,0,0,0
GIN,1997,0.313599110237239,0.313599110237239,22.431084875017365,7.728596663410002,5.18160345773762,29.0897874940253,,22.25106875672014,,0,0.0,30.0,0,0.0,0,7931370.0,5516916163.0949,0,0,0,0
GIN,1998,0.340397518598648,0.340397518598648,22.378082013226617,7.745577250352428,3.64412124205991,33.0646236252079,,22.263380988536184,-0.9294646,0,0.0,30.0,0,0.0,0,8081990.0,5232118046.3713,0,0,0,0
GIN,1999,1.25727870580315,1.25727870580315,22.34202155994729,7.760582190347297,3.81200403347202,32.6958994059117,,22.2641650549448,,0,0.0,30.0,0,0.0,0,8265123.0,5046806782.54761,0,0,0,0
GIN,2000,0.227638091242679,0.227638091242679,22.19744718188929,7.765691065211214,2.50306056299607,36.6796954912881,,22.27450219549222,-0.9274028,0,5.384495062789089,0.0,1,217.0,1,8428832.0,4367458866.71537,0,0,0,0
GIN,2001,0.0406493462481599,0.0406493462481599,22.14045975236717,7.788523126052705,3.65834646929586,40.1878781394378,,22.27731207833404,,0,6.07073772800249,0.0,1,432.0,1,8539960.0,4125527603.22908,0,0,0,0
GIN,2002,0.697413496345229,0.697413496345229,22.182254918168933,7.82329844147633,5.16460946696631,38.0284032674396,,22.326178499022884,-1.0001954,0,0.0,1.0,0,0.0,0,8674066.0,4301608752.51396,0,0,0,0
GIN,2003,1.57141015760488,1.57141015760488,22.33772471824601,7.813281958935621,1.24860125923698,35.0751269891585,,22.46073289242336,-1.0068843,0,0.0,2.0,0,0.0,0,8870781.0,5025167975.26363,0,0,0,0
GIN,2004,1.8469021984972,1.8469021984972,22.39111754521827,7.815006406879024,2.34011731288737,34.5950959210535,,22.58933769474444,-0.8587699,0,0.0,3.0,0,0.0,0,9062726.0,5300767960.51572,0,0,0,0
GIN,2005,2.45185683545098,2.45185683545098,22.17779546458757,7.824534533334869,2.99727256275818,47.9377003917167,31.3733025877534,22.669742278908007,-0.8517131,0,0.0,4.0,0,0.0,0,9245844.0,4282468636.90501,0,1,1,0
GIN,2006,2.96207137841546,2.96207137841546,22.163105667652328,7.815454487229635,1.18960211693242,69.3862937148949,34.6952705997072,22.756189909243904,-1.27498809999999,0,0.0,5.0,0,0.0,0,9441171.0,4220019845.26341,0,1,1,0
GIN,2007,6.14302807033806,6.14302807033806,22.56094122084093,7.858256071927112,6.81747111070281,71.1210322265015,18.1755656108597,22.88504385311652,-1.22773319999999,0,0.0,6.0,0,0.0,0,9662281.0,6281918226.34408,0,1,1,0
GIN,2008,5.48348837799648,5.48348837799648,22.664045703316216,7.874564108892982,4.13301615965833,64.1842433909581,23.065612938798,22.981145173912445,-1.1636273,0,0.0,7.0,0,0.0,0,9898870.0,6964179983.17212,0,1,1,0
GIN,2009,1.3552372021911,1.3552372021911,22.62789337049098,7.838858347569182,-1.12264204848687,69.8153454158123,4.68438868976504,22.910750507011976,-1.1868935,0,0.0,8.0,0,0.0,0,10143534.0,6716905339.73136,0,1,1,0
GIN,2010,,,22.64802051380076,7.861276476874263,4.81336016967553,73.5465739340387,15.0502688559001,22.985860414187734,-1.1136703,0,0.0,9.0,0,0.0,0,10396086.0,6853467145.53089,0,0,0,0
GIN,2011,14.0905035719922,14.0905035719922,22.638000351595707,7.8911096151486895,5.61211177430975,85.9546732708386,21.3169268542577,23.08716237149977,-1.1619696,0,0.0,10.0,0,0.0,0,10656810.0,6785137203.33153,0,1,1,1
GIN,2012,7.92820721970247,7.92820721970247,22.756407459307813,7.924037401905048,5.91528626133322,86.6743318322581,15.2262941038638,23.092899423376245,-1.2211888,0,0.0,11.0,0,0.0,0,10921581.0,7638044556.84656,0,1,1,1
GIN,2013,0.0022682197180158,0.0022682197180158,22.84870955750761,7.938288589237469,3.94568708624053,80.4264477180461,11.8875884481828,23.126546957410547,-1.110455,0,0.0,12.0,0,0.0,0,11191873.0,8376613539.28278,0,1,1,1
GIN,2014,-0.840221306496811,-0.840221306496811,22.895568353942444,7.949785344302479,3.69655311664086,76.7719658952305,6.1505055670642,23.15227423637405,-1.0008725,0,0.0,13.0,0,0.0,0,11472924.0,8778473372.82124,0,1,0,0
GIN,2015,0.605767981893699,0.605767981893699,22.89735844840688,7.962015590269014,3.82591056949435,72.4427307469345,11.7800825029834,23.069266225624453,-0.9452185,0,0.0,14.0,0,0.0,0,11767070.0,8794201742.84609,0,1,1,1
GIN,2016,18.8280094343567,18.8280094343567,22.874557606603894,8.039089240374853,10.82062719659,111.839467415368,8.17268112275132,23.077090283133987,-0.8784328,0,0.0,15.0,0,0.0,0,12073030.0,8595955222.49719,0,1,1,1
GIN,2017,5.59427174638354,5.59427174638354,23.05780184657385,8.11155779726182,10.3000053427355,101.251633768429,8.91435947913097,23.1371724793723,-0.888003,0,0.0,16.0,0,0.0,0,12385659.0,10324668271.1362,0,1,1,1
GIN,2018,2.97511256265365,2.97511256265365,23.196186808504425,8.147764441314447,6.35849192736715,88.984111543709,9.82761701259191,23.19711228399625,-0.838005999999999,0,0.0,17.0,0,0.0,0,12704774.0,11857030366.7891,0,1,1,1
GIN,2019,0.330286821832839,0.330286821832839,23.32171405834123,8.176802743493761,5.61691446889876,78.4153132285974,9.47001039253012,23.213872572895465,-0.6765097,0,0.0,18.0,0,0.0,0,13034346.0,13442861496.4454,0,1,1,1
GIN,2020,1.25171292113785,1.25171292113785,23.36863845046469,8.197261527781892,4.70459096113575,115.765259518929,10.6016203387167,23.17714130110554,-0.8118614,0,0.0,19.0,0,0.0,0,13371183.0,14088693742.9464,0,1,1,1
GIN,2021,1.15770496278309,1.15770496278309,23.560536570291823,8.22652135420545,5.5823328114905,115.195532789356,12.5972882566934,23.30713441849117,-0.808593999999999,0,0.0,20.0,0,0.0,0,13710513.0,17069115737.8259,0,1,1,1
GIN,2022,3.30630355394451,3.30630355394451,23.714510684142507,8.240651682032007,3.97240784200721,94.1652726931221,10.4930409984424,23.34824660189684,-0.9248516,0,0.0,21.0,0,0.0,0,14055137.0,19910452541.9219,0,1,1,1
GIN,2023,5.86822813302221,5.86822813302221,23.83266671820836,8.269967979383043,5.54172668627702,95.829526758227,7.80497591927973,23.396072373264065,-0.8735118,0,0.0,22.0,0,0.0,0,14405468.0,22407615556.0571,0,1,1,1
GIN,2024,5.60537419672253,5.60537419672253,23.942488733314622,8.298126795660833,5.35004659049265,97.7778177313259,8.12313914948596,23.433384312759664,-0.8881627,0,0.0,23.0,0,0.0,0,14754785.0,25008678293.4073,0,1,1,1
GMB,1996,1.25614459780092,1.25614459780092,20.558673519718923,7.799362059987307,2.22354563838627,50.9543943800384,1.09948870771018,22.303484316445047,-0.5863082,0,0.0,30.0,0,0.0,0,1301410.0,848239446.21576,0,1,1,0
GMB,1997,1.4517162767366,1.4517162767366,20.50465368142523,7.8188075074109795,4.89999910999681,48.3174980980993,2.78122790023229,22.29338884437941,,0,0.0,30.0,0,0.0,0,1338889.0,803633342.473706,0,0,0,0
GMB,1998,2.82047073744559,2.82047073744559,20.54925199290219,7.825151308287163,3.49999870205306,53.8709622701508,1.11418841174713,22.306780688073182,-0.5922693,0,0.0,30.0,0,0.0,0,1376987.0,840285264.631545,0,1,1,0
GMB,1999,6.07322210375252,6.07322210375252,20.51836000290121,7.859404559523039,6.39999905009302,52.4132975230667,3.8123720536602,22.3115612815238,,0,0.0,30.0,0,0.0,0,1415779.0,814724032.065735,0,0,0,0
GMB,2000,5.55872128046551,5.55872128046551,20.47853325021608,7.885561607230264,5.50000021632955,56.3598198850954,0.8449695667737,22.3205226516706,-0.5902075,0,0.0,30.0,0,0.0,0,1455084.0,782913871.80966,0,1,1,0
GMB,2001,5.16139810385096,5.16139810385096,20.34844240824198,7.914872009206047,5.80000024323377,46.9292631865623,4.49259609239754,22.323752580213178,,0,0.0,30.0,0,0.0,0,1495011.0,687410645.063943,0,0,0,0
GMB,2002,7.4065003138309,7.4065003138309,20.175491453352663,7.854985275642949,-3.25000014970206,59.642950918834,8.60912474386327,22.37277423681708,-0.590043499999999,0,0.0,30.0,0,0.0,0,1535691.0,578235309.327198,0,1,1,0
GMB,2003,3.75180060709964,3.75180060709964,20.00385411330373,7.894496993806353,6.86999962173842,68.8587930342232,17.0328665431988,22.5075539330745,-0.5953216,0,0.0,30.0,0,0.0,0,1577611.0,487038685.045496,0,1,1,0
GMB,2004,5.77256282742027,5.77256282742027,20.68442173034836,7.935298802304096,7.05000000064635,49.9342995615683,14.2067432845569,22.635140651565496,-0.6714764,0,0.0,30.0,0,0.0,0,1621312.0,961900651.423441,0,1,1,0
GMB,2005,5.22041688120703,5.22041688120703,20.750590171377365,7.883688462615247,-2.35172936176019,50.0187233950976,4.83862177543157,22.71379143266426,-0.7874411,0,0.0,30.0,0,0.0,0,1667037.0,1027701067.55688,0,1,1,0
GMB,2006,7.79879790286452,7.79879790286452,20.77596500598271,7.849591543394402,-0.555580977246521,50.374468581975,2.0565034236599,22.79823282835271,-0.9187555,0,0.0,30.0,0,0.0,0,1715275.0,1054112487.74083,0,1,1,0
GMB,2007,6.10257365099724,6.10257365099724,20.96989389344906,7.850554452087056,3.04324950829739,44.2938444656791,5.36913473801957,22.926598806060174,-0.777814799999999,0,0.0,30.0,0,0.0,0,1765774.0,1279703047.0221,0,1,1,0
GMB,2008,4.53283904240458,4.53283904240458,21.16908368115768,7.882168190726793,6.25590553394287,39.0890994561344,4.4436549094501,23.021146776498146,-0.7696386,0,0.0,30.0,0,0.0,0,1817852.0,1561766955.73024,0,1,1,0
GMB,2009,2.72023911271176,2.72023911271176,21.094927670327543,7.917654891816713,6.6657243078367,41.7773944257977,4.56150687670983,22.950557354479425,-0.6502235,0,0.0,30.0,0,0.0,0,1871422.0,1450142508.57808,0,1,1,0
GMB,2010,2.40659689644853,2.40659689644853,21.15718553067133,7.945984876312687,5.90833580968288,41.0125150279466,5.04968075857402,23.02240608523796,-0.638967,0,0.0,30.0,0,0.0,0,1926630.0,1543294926.87301,0,1,1,1
GMB,2011,2.55921826982754,2.55921826982754,21.06663821058424,7.831950619976303,-8.13044422315659,42.6397020468894,4.7958826618311,23.12199858347736,-0.6268448,0,0.0,30.0,0,0.0,0,1983784.0,1409693596.93594,0,1,1,1
GMB,2012,2.91048196914862,2.91048196914862,21.070398716634035,7.853579607592068,5.24156924630741,47.7006731141985,4.25432199813899,23.126163897981613,-0.5767663,0,0.0,30.0,0,0.0,0,2043094.0,1415004738.26621,0,1,1,1
GMB,2013,4.96800325180048,4.96800325180048,21.042162708727226,7.852612977475677,2.872768790327,45.4619193623296,5.69912989637382,23.15903618636005,-0.6098694,0,0.0,30.0,0,0.0,0,2103820.0,1375609453.43746,0,1,1,1
GMB,2014,1.8718835765044,1.8718835765044,20.929842285673978,7.809991593173262,-1.40738249510954,58.2579307752264,5.94799935696626,23.18478177500035,-0.5410093,0,0.0,30.0,0,0.0,0,2164528.0,1229461721.40861,0,1,1,1
GMB,2015,5.22255647330922,5.22255647330922,21.04402716455647,7.822427668452454,4.0580738039996,44.5223730803813,6.8084549457961,23.10273230681381,-0.6335683,0,0.0,30.0,0,0.0,0,2224529.0,1378176608.93204,0,1,1,1
GMB,2016,4.70370236790454,4.70370236790454,21.118396990514604,7.815392903503052,1.94335965478776,38.1140879565948,7.22879272057922,23.111817965908024,-0.6110704,0,0.0,30.0,0,0.0,0,2283769.0,1484578885.97132,0,1,1,1
GMB,2017,4.27524164277035,4.27524164277035,21.131998575660106,7.837233408474804,4.8226112492757,55.7335796090833,8.03418974545911,23.172261146161546,-0.522074599999999,0,0.0,30.0,0,0.0,0,2342189.0,1504909462.69521,0,1,1,1
GMB,2018,4.89653501762191,4.89653501762191,21.23649137530215,7.882855457601907,7.23489033258579,64.8124640003735,6.52096823946573,23.23233701243,-0.5023406,0,0.0,30.0,0,0.0,0,2399632.0,1670671327.81651,0,1,1,1
GMB,2019,3.9194379121789,3.9194379121789,21.318585001486024,7.919654808541256,6.22205315994859,55.9979116186993,7.11567625631192,23.24735899247507,-0.5361521,0,0.0,30.0,0,0.0,0,2456844.0,1813609692.49994,0,1,1,1
GMB,2020,10.4612755737217,10.4612755737217,21.31779135093185,7.901865644313122,0.591487287873974,47.3955201736291,5.93127636562441,23.21191741409392,-0.5874216,0,0.0,30.0,0,0.0,0,2515733.0,1812170891.19069,0,1,1,1
GMB,2021,12.5026201279668,12.5026201279668,21.42346749712284,7.92941316201407,5.25596878816744,42.0979827971754,7.37034758876618,23.341984588240344,-0.5131901,0,0.0,30.0,0,0.0,0,2576010.0,2014158842.14596,0,1,1,1
GMB,2022,10.4995860985808,10.4995860985808,21.51387294307826,7.959688348272777,5.49299823010114,44.7219215369466,11.5131198380505,23.382910014194145,-0.502495799999999,0,0.0,30.0,0,0.0,0,2636470.0,2204734527.88096,0,1,1,1
GMB,2023,8.62799548450681,8.62799548450681,21.591316371252127,7.994159597586803,5.91679576551141,39.9620173467122,16.9742129632327,23.43354428722625,-0.4683483,0,0.0,30.0,0,0.0,0,2697845.0,2382262185.38179,0,1,1,1
GMB,2024,9.66186336562045,9.66186336562045,21.600769476460385,8.025413103805404,5.55126065805138,42.1706172080435,11.5610532897511,23.47280901030663,-0.5358243,0,0.0,30.0,0,0.0,0,2759988.0,2404888737.54853,0,1,1,1
GNB,1996,0.146522200078246,0.146522200078246,20.37081787182912,7.68978449978276,11.6000000043869,42.3601714670932,50.7340549612119,22.283726649627493,-1.307264,0,0.0,30.0,0,0.0,0,1143535.0,702965147.568054,0,1,1,0
GNB,1997,1.64431904316453,1.64431904316453,20.363883262715063,7.73369485188891,6.49999999321456,69.4903546403129,49.1009235769531,22.27415306444671,,0,0.0,30.0,0,0.0,0,1165545.0,698107222.422492,0,0,0,0
GNB,1998,0.745665889021338,0.745665889021338,20.197384345996685,7.460863922053988,-22.4457270657526,43.5009973080258,8.01375518965603,22.28706104519476,-1.3132251,0,6.226536669287466,0.0,1,505.0,1,1187473.0,591034143.426384,0,1,1,0
GNB,1999,0.126151737824337,0.126151737824337,20.177444580690903,7.5973223317225775,16.8150212692905,49.0994892293696,-2.08630513223527,22.29054784174744,,0,5.298317366548036,0.0,1,199.0,1,1210206.0,579365780.135134,0,0,0,0
GNB,2000,0.179450083125325,0.179450083125325,19.78510160860098,7.588194384635271,1.10027815777423,52.7373461180145,8.63632094930278,22.30035710808382,-0.973968,0,3.871201010907891,1.0,0,47.0,0,1234741.0,391345597.488269,0,1,1,0
GNB,2001,0.0958805556532383,0.0958805556532383,19.838015507040343,7.613683806363868,4.7859716500482,47.5832172774612,3.34812265527108,22.30301576045325,,0,0.0,2.0,0,0.0,0,1261273.0,412610871.509121,0,0,0,0
GNB,2002,0.759522998746594,0.759522998746594,19.961355139814764,7.627588096512675,3.65393603642713,39.6760635550924,3.30012175283752,22.35149331330474,-0.973804,0,0.0,3.0,0,0.0,0,1289307.0,466773711.235579,0,1,1,0
GNB,2003,0.723518172893491,0.723518172893491,20.13197969627762,7.602102773279491,-0.285931052286514,38.0334709318917,-3.50258551103421,22.485625268271374,-1.3193929,0,0.0,4.0,0,0.0,0,1318806.0,553614800.145707,0,1,1,0
GNB,2004,0.329050599325975,0.329050599325975,20.18227278666011,7.590699499265667,1.17189152277038,43.192131633446,0.883302696930943,22.613617500075183,-1.532916,0,0.0,5.0,0,0.0,0,1349563.0,582169841.298304,0,1,1,0
GNB,2005,1.35867358840187,1.35867358840187,20.276628736651617,7.630784817684314,6.55977111846077,45.7842315450716,3.32919922802856,22.6926534812152,-1.4154101,0,0.0,6.0,0,0.0,0,1381585.0,639776040.688424,0,1,1,0
GNB,2006,2.81783767413937,2.81783767413937,20.268792035264102,7.63298829903619,2.66650493269572,48.7605033860226,1.95473717628916,22.77770389934272,-1.0792857,0,0.0,7.0,0,0.0,0,1415303.0,634781901.251494,0,1,1,0
GNB,2007,2.49217201872461,2.49217201872461,20.439792227166546,7.633364731351632,2.55982647078751,46.2445284700147,4.61743772241997,22.90630959336189,-1.04649219999999,0,0.0,8.0,0,0.0,0,1450986.0,753162998.015113,0,1,1,0
GNB,2008,0.695948347275502,0.695948347275502,20.67477654874842,7.652390857245005,4.52457514610252,45.1388893744724,10.4600731354706,23.00117169840319,-0.990437599999999,0,0.0,9.0,0,0.0,0,1488054.0,952667544.037289,0,1,1,0
GNB,2009,2.12209420424558,2.12209420424558,20.60692057973214,7.651147818947931,2.44795106098685,43.5957474099206,-1.65139733620775,22.930803577378978,-0.950899699999999,0,0.0,10.0,0,0.0,0,1526377.0,890167833.369849,0,1,1,0
GNB,2010,2.79117647230681,2.79117647230681,20.66151014833499,7.679837586791814,5.60536311358261,43.5145876385454,2.51785140171701,23.004116887126,-0.960274299999999,0,0.0,11.0,0,0.0,0,1566347.0,940112538.936436,0,1,1,1
GNB,2011,2.16270009395862,2.16270009395862,20.86916051748903,7.73129346431335,8.08504167173554,48.6174602066373,5.046102263202,23.104027290182056,-1.0116558,0,0.0,12.0,0,0.0,0,1608076.0,1157074319.19388,0,1,1,1
GNB,2012,0.631297914892102,0.631297914892102,20.771496013031904,7.687421101474615,-1.71286958446419,44.1280665609795,2.13054580274503,23.108933723677858,-1.2131091,0,0.0,13.0,0,0.0,0,1651417.0,1049412177.11413,0,1,1,1
GNB,2013,1.76984840814073,1.76984840814073,20.827340067416376,7.692840043241549,3.25607190852087,39.9574617805787,1.20712555668405,23.141843926373788,-1.41289509999999,0,0.0,14.0,0,0.0,0,1695973.0,1109682824.13594,0,1,1,1
GNB,2014,2.54152912247103,2.54152912247103,20.85011936307748,7.676165966590739,0.964525745841428,46.8696583055238,-1.50924460570494,23.16744995895359,-1.45258129999999,0,0.0,15.0,0,0.0,0,1741122.0,1135250721.0374,0,1,1,1
GNB,2015,1.61191900956541,1.61191900956541,20.865098821750497,7.709994473486486,6.1340893623123,54.3703755891285,1.47672048910485,23.08539293987198,-1.3953114,0,0.0,16.0,0,0.0,0,1786457.0,1152384166.79638,0,1,1,1
GNB,2016,1.92748272635559,1.92748272635559,20.9424610149668,7.737781386367727,5.4326782650304,54.3006730474711,1.50312055861088,23.093978242946136,-1.44082809999999,0,0.0,17.0,0,0.0,0,1831893.0,1245074264.10396,0,1,1,1
GNB,2017,1.06744396733032,1.06744396733032,21.10851368397226,7.759000099302414,4.66367943913264,56.9137475938811,1.69111461822298,23.15441303501313,-1.5425984,0,0.0,18.0,0,0.0,0,1877072.0,1469978606.12143,0,1,1,1
GNB,2018,1.32316927565873,1.32316927565873,21.1641840529684,7.772183862716669,3.76145359637003,55.0195890357005,0.381324702790992,23.214308982273124,-1.23534299999999,0,0.0,19.0,0,0.0,0,1922168.0,1554133593.91699,0,1,1,1
GNB,2019,4.48928839147048,4.48928839147048,21.19090083828737,7.8006785801720415,5.32749571119344,49.943905496502,0.24660026814783,23.23001368742289,-1.2804308,0,0.0,20.0,0,0.0,0,1967696.0,1596214680.12925,0,1,1,1
GNB,2020,1.23102382929433,1.23102382929433,21.25686741025127,7.806293927095545,2.89149979806913,42.8852704163601,1.14000939393222,23.19394283180583,-1.2811844,0,0.0,21.0,0,0.0,0,2013255.0,1705062169.81422,0,1,1,1
GNB,2021,0.971357397018973,0.971357397018973,21.369117661874693,7.832858543140674,5.0173096003907,44.8202242773261,2.24248879577658,23.324141030278582,-1.3839632,0,0.0,22.0,0,0.0,0,2058841.0,1907611288.23036,0,1,1,1
GNB,2022,1.16676746385654,1.16676746385654,21.341818748953465,7.863575320420725,5.45776090019501,45.9934723683125,9.39075933985203,23.36572112100428,-1.5281779,0,0.0,23.0,0,0.0,0,2105529.0,1856239954.81555,0,1,1,1
GNB,2023,1.21022351361357,1.21022351361357,21.454069372169407,7.886387537827321,4.63052364601562,42.4351515242076,7.10220928557059,23.415528165418102,-1.4517345,0,0.0,24.0,0,0.0,0,2153339.0,2076748678.11987,0,1,1,1
GNB,2024,1.21259612687519,1.21259612687519,21.510712327436657,7.90748309991509,4.40920107183611,40.3719342566601,3.76555825770114,23.45430399139212,-1.3676142,0,0.0,25.0,0,0.0,0,2201352.0,2197777209.94218,0,1,1,1
GNQ,1996,161.823760047878,30.0341103550906,19.26424172863552,8.017584525762304,66.5799972215897,,4.54072771540235,22.21736872363958,-1.36183379999999,0,0.0,30.0,0,0.0,0,593492.0,232463022.802961,0,0,0,0
GNQ,1997,12.0838692640296,12.0838692640296,19.90758456136258,8.895095251245914,149.972963487965,,3.01650540694366,22.20838531692263,,0,0.0,30.0,0,0.0,0,616893.0,442337870.69437,0,0,0,0
GNQ,1998,74.1238969100452,30.0341103550906,19.730870310202068,9.069313220016054,23.7744823299607,,7.93571069814148,22.21675189684533,-1.36739599999999,0,0.0,30.0,0,0.0,0,641474.0,370687634.425712,0,0,0,0
GNQ,1999,24.8416884395355,24.8416884395355,20.247031453876307,9.258412654487884,25.6640154410418,,0.372266170311928,22.190768558492582,,0,0.0,30.0,0,0.0,0,667214.0,621117885.668503,0,0,0,0
GNQ,2000,14.7705365281136,14.7705365281136,20.768237765149028,9.373094298781588,18.2137799569674,,4.80228886901398,22.204002219092192,-1.36547209999999,0,0.0,30.0,0,0.0,0,703279.0,1045998496.43872,0,0,0,0
GNQ,2001,64.3841007471897,30.0341103550906,21.10248212058124,9.79990129390156,63.3798754250602,,8.82538925854966,22.2036748493043,,0,0.0,30.0,0,0.0,0,749836.0,1461139022.02954,0,0,0,0
GNQ,2002,17.899145375458,17.899145375458,21.31479147111257,9.915536223325477,19.4628340359251,,7.5924784983324,22.25753767153208,-1.3653191,0,0.0,30.0,0,0.0,0,797957.0,1806742742.27311,0,0,0,0
GNQ,2003,27.7605754478919,27.7605754478919,21.63343625186912,9.98550869216936,13.9552503163825,,7.32354399351809,22.396497353626128,-1.373151,0,0.0,30.0,0,0.0,0,847862.0,2484745935.09329,0,0,0,0
GNQ,2004,7.72914723671237,7.72914723671237,22.207313830812787,10.247998315462738,37.9987268556423,,4.21968787094834,22.53141613957312,-1.374142,0,0.0,30.0,0,0.0,0,899917.0,4410764338.66733,0,0,0,0
GNQ,2005,9.36000539014063,9.36000539014063,22.82951593306268,10.351467875381744,16.7487006053541,131.02447181321,5.63163351357613,22.618537760666968,-1.4036206,0,0.0,30.0,0,0.0,0,947367.0,8217369092.65224,0,1,1,0
GNQ,2006,4.65478286948259,4.65478286948259,23.034466578309047,10.381328142682548,7.70491760658767,118.532782368937,4.41589984169561,22.712775082348912,-1.4051422,0,0.0,30.0,0,0.0,0,990343.0,10086528698.8604,0,1,1,0
GNQ,2007,9.50702132548057,9.50702132548057,23.29371686004813,10.47842670028898,15.2821139194857,134.083789857569,2.80373831775704,22.84671871398653,-1.4028412,0,0.0,30.0,0,0.0,0,1036044.0,13071718758.7373,0,1,1,0
GNQ,2008,-4.01962840224965,-4.01962840224965,23.70641393771296,10.596500123513229,17.7991091333811,128.688006601458,6.55176691184535,22.95222834334404,-1.4010464,0,0.0,30.0,0,0.0,0,1084530.0,19749893536.3204,0,1,0,0
GNQ,2009,10.8879553596521,10.8879553596521,23.43316733488856,10.563765542779915,1.34335628806095,122.212077110801,4.69106567747375,22.87982496930856,-1.3669139,0,0.0,30.0,0,0.0,0,1135673.0,15027795173.2187,0,1,1,0
GNQ,2010,16.7581567258275,16.7581567258275,23.51531665278985,10.42432907130745,-8.92417588851806,144.668225001248,7.78916547991184,22.965248574391108,-1.3172768,0,0.0,30.0,0,0.0,0,1189085.0,16314443436.2903,0,1,1,1
GNQ,2011,9.24740468952516,9.24740468952516,23.78466148323692,10.444122459619702,6.52392362989873,114.37734663649,4.805389221557,23.07349647209067,-1.3209115,0,0.0,30.0,0,0.0,0,1241835.0,21357343668.9447,0,1,1,1
GNQ,2012,4.4007560526439,4.4007560526439,23.83180630965982,10.483227818695156,8.31287184445641,116.675422472364,3.65662048278806,23.086327624562315,-1.3207353,0,0.0,30.0,0,0.0,0,1293483.0,22388344143.9131,0,1,1,1
GNQ,2013,2.65594378481707,2.65594378481707,23.81197986725712,10.40105677678455,-4.13319850131583,106.893284926066,2.94887694639662,23.122736612450527,-1.35304729999999,0,0.0,30.0,0,0.0,0,1346218.0,21948834283.7856,0,1,1,1
GNQ,2014,0.771291915530887,0.771291915530887,23.80358982873297,10.366148657105128,0.415066301596866,104.379198671388,4.30999866149107,23.15119400991376,-0.977450199999999,0,0.0,30.0,0,0.0,0,1399828.0,21765453081.9826,0,1,1,1
GNQ,2015,9.00761663149669,9.00761663149669,23.30238334136714,10.232711954096343,-9.11004114881537,98.8780591680756,1.67663085315988,23.06361757960285,-0.997541799999999,0,0.0,30.0,0,0.0,0,1453923.0,13185496881.0174,0,1,1,1
GNQ,2016,15.6154447046738,15.6154447046738,23.1428166403787,10.10377445166844,-8.81641723219757,92.6007307237942,1.41193915479015,23.06360176425192,-0.973975199999999,0,0.0,30.0,0,0.0,0,1508186.0,11240808847.8878,0,1,1,1
GNQ,2017,3.1541343035206,3.1541343035206,23.224776693993487,10.0101170142774,-5.66750850486686,102.428258251803,0.74435474661241,23.12229134244517,-1.0052134,0,0.0,30.0,0,0.0,0,1562396.0,12200913878.9827,0,1,1,1
GNQ,2018,-1.10304372116447,-1.10304372116447,23.29564995973563,9.911727488579896,-6.23654406734575,103.645681622953,1.06007410662171,23.185918552971835,-0.984674699999999,0,0.0,30.0,0,0.0,0,1616422.0,13097012133.6159,0,1,0,0
GNQ,2019,7.22811929659373,7.22811929659373,23.15372805287104,9.82263489841778,-5.48182537893445,94.8787924253545,1.53027528964189,23.218086083325144,-1.009579,0,0.0,30.0,0,0.0,0,1670177.0,11364133549.7478,0,1,1,1
GNQ,2020,-0.0916985922610923,-0.0916985922610923,23.01517575323172,9.74619925623984,-4.79108083383294,77.9278846441807,4.76669523944228,23.177833034696125,-1.06237919999999,0,0.0,30.0,0,0.0,0,1716468.0,9893816007.7398,0,1,0,0
GNQ,2021,4.59725955429429,4.59725955429429,23.226002420588653,9.730410056277323,0.860269956382069,76.9666485998527,-0.0971007664640198,23.307162903771506,-1.041591,0,0.0,30.0,0,0.0,0,1758786.0,12215878032.7166,0,1,1,1
GNQ,2022,10.1419330984832,10.1419330984832,23.339759323783284,9.73700611694773,3.22350831658598,81.8130161368099,4.78671704710803,23.349935294305745,-1.17575719999999,0,0.0,30.0,0,0.0,0,1803545.0,13687643435.6249,0,1,1,1
GNQ,2023,1.13046555239989,1.13046555239989,23.25233404053805,9.635748736937131,-7.4250553172124,60.6886626813037,2.85949506037322,23.381215660302008,-1.1523444,0,0.0,30.0,0,0.0,0,1847549.0,12541814272.8021,0,1,1,1
GNQ,2024,1.41848628768048,1.41848628768048,23.307594524066428,9.61565589818404,0.39622552095193,74.2894990329407,2.92140227309103,23.404903724082697,-1.1825117,0,0.0,30.0,0,0.0,0,1892516.0,13254388261.1258,0,1,1,1
GRC,1996,0.742440592629103,0.742440592629103,25.682628777803988,10.236564982210382,1.38247057325857,36.8209292630895,8.19455217632728,22.907456702101147,0.5079684,0,0.0,30.0,0,0.0,0,10608800.0,142502984144.96,0,1,1,0
GRC,1997,0.709107072596583,0.709107072596583,25.65605538567975,10.267027284956947,3.60288326516122,39.4385486529083,5.5360026677348,22.876729577602863,,0,0.0,30.0,0,0.0,0,10661259.0,138766067640.085,0,0,0,0
GRC,1998,0.050998184830191,0.050998184830191,25.662138800826384,10.295277090961884,3.43693579661333,42.4898959577488,4.76622572397641,22.888625696316023,0.2820447,0,0.0,30.0,0,0.0,0,10720509.0,139612812175.718,0,1,1,0
GRC,1999,0.0603079297166702,0.0603079297166702,25.644205222686853,10.317682919806336,2.65878562321184,48.1760370261319,2.6366330602198,22.89506727457375,,0,0.0,30.0,0,0.0,0,10761698.0,137131371955.307,0,0,0,0
GRC,2000,-0.0065167449554775,-0.0065167449554775,25.55764248738856,10.354137596754128,4.13782699405849,59.1126577488086,3.1511816249383,22.88193702522147,0.3180535,0,0.0,30.0,0,0.0,0,10805808.0,125760166224.805,0,1,0,0
GRC,2001,0.0015155315166,0.0015155315166,25.60645007068521,10.394393976734628,4.65041459442163,56.8576339551067,3.37396832213867,22.87852069410273,,0,0.0,30.0,0,0.0,0,10862132.0,132050474720.03,0,0,0,0
GRC,2002,0.0227485404811931,0.0227485404811931,25.735591701794743,10.436496173443272,4.68313727063017,50.0533371904633,3.62935871878874,22.94303422537552,0.4355371,0,0.0,30.0,0,0.0,0,10902022.0,150253800085.865,0,1,1,0
GRC,2003,0.71501703822218,0.71501703822218,26.00611676139224,10.490460043890216,5.79682274294369,47.8943121550822,3.53065027765552,23.10407675204381,0.5176036,0,0.0,30.0,0,0.0,0,10928070.0,196930509813.384,0,1,1,0
GRC,2004,0.914091172780157,0.914091172780157,26.182764606469743,10.540368339811096,5.37786634595851,49.825317672568,2.8988481075817,23.24384184470824,0.6671438,0,0.0,30.0,0,0.0,0,10955141.0,234979615898.225,0,1,1,0
GRC,2005,0.284127006962334,0.284127006962334,26.2135071288746,10.549201425970567,1.18350635493289,50.3555334391407,3.54507273335078,23.319377925704902,0.4979127,0,0.0,30.0,0,0.0,0,10987314.0,242315668619.405,0,1,1,0
GRC,2006,2.01112523714783,2.01112523714783,26.318250098768555,10.608641288137244,6.44339762487436,51.1047465834807,3.19594684144545,23.400948431016484,0.5463793,0,0.0,30.0,0,0.0,0,11020362.0,269073415333.676,0,1,1,0
GRC,2007,0.622837777539062,0.622837777539062,26.473381481877887,10.640561511387062,3.50686976639459,54.5256818189044,2.89500321516578,23.54364156573896,0.4958193,0,0.0,30.0,0,0.0,0,11048473.0,314226996944.108,0,1,1,0
GRC,2008,1.6328960526629,1.6328960526629,26.58439786826765,10.638481508158083,0.0574740238200775,57.1052836264926,4.15279708110293,23.64834239031775,0.4581092,0,0.0,30.0,0,0.0,0,11077841.0,351121399546.485,0,1,1,0
GRC,2009,0.846404808815716,0.846404808815716,26.51270310260914,10.593786018099395,-4.11927606715011,46.3779593986083,1.21007269197809,23.559091390154897,0.4951187,0,0.0,30.0,0,0.0,0,11107017.0,326829054686.306,0,1,1,0
GRC,2010,0.179789223267027,0.179789223267027,26.41503525762501,10.533874586209912,-5.6937412158003,50.9225181997227,4.71298907760388,23.61925864073576,0.3044238,0,0.0,30.0,0,0.0,0,11121341.0,296417644404.034,0,1,1,1
GRC,2011,0.38562256563474,0.38562256563474,26.369518345602323,10.43136177189576,-9.87677875300243,56.2929957941907,3.3298532335065,23.72345910903116,0.2558843,0,0.0,30.0,0,0.0,0,11104899.0,283228079776.041,0,1,1,1
GRC,2012,0.695897838082299,0.695897838082299,26.19906448175999,10.349781914549258,-8.33113421099992,62.3942117351318,1.50152696177758,23.71772475646713,0.2269435,0,0.0,30.0,0,0.0,0,11045011.0,238841140018.233,0,1,1,1
GRC,2013,1.24506178790059,1.24506178790059,26.18945198545077,10.334049849034262,-2.27211699888024,62.9547272215374,-0.921269454256994,23.75323306595212,0.396537,0,0.0,30.0,0,0.0,0,10965211.0,236556279640.705,0,1,1,1
GRC,2014,1.15314480305525,1.15314480305525,26.178209024150664,10.348602016277187,0.792225060962835,66.4335364513677,-1.31226096405506,23.77379206867192,0.2447728,0,0.0,30.0,0,0.0,0,10892413.0,233911581521.062,0,1,1,1
GRC,2015,0.652184629866422,0.652184629866422,25.994044334256152,10.35290500090324,-0.228301892172851,65.2716454619318,-1.73588804765284,23.67409088165021,0.1817351,0,0.0,30.0,0,0.0,0,10820883.0,194567373678.099,0,1,1,1
GRC,2016,1.3975055397238,1.3975055397238,25.986459728018016,10.356746132951525,-0.0317947678412054,63.6575490882866,-0.825653978390973,23.68570651110858,0.0838989,0,0.0,30.0,0,0.0,0,10775971.0,193097239005.87,0,1,1,1
GRC,2017,1.7162955046024,1.7162955046024,26.02348691021588,10.37334776161764,1.47312472702352,70.8824967397253,1.12125452031419,23.741595679608483,0.2623317,0,0.0,30.0,0,0.0,0,10754679.0,200381103984.298,0,1,1,1
GRC,2018,1.88723349665643,1.88723349665643,26.085960181089536,10.395813030367432,2.06467207892409,79.2379908638706,0.62562141345364,23.803209463815502,0.3398991,0,0.0,30.0,0,0.0,0,10732882.0,213298873494.394,0,1,1,1
GRC,2019,2.41172201156202,2.41172201156202,26.05746011065745,10.419382823364783,2.27718065334808,80.5900949510457,0.253007522038157,23.8076824938678,0.4589741,0,0.0,30.0,0,0.0,0,10721582.0,207305649887.019,0,1,1,1
GRC,2020,1.72637818314203,1.72637818314203,25.97743790935777,10.32505934652245,-9.19623149726978,70.2937464580745,-1.24798355581405,23.775546643018146,0.5867351,0,0.0,30.0,0,0.0,0,10698599.0,191362985554.861,0,1,1,1
GRC,2021,3.0165221032062,3.0165221032062,26.10915351627061,10.420142963629074,8.65449786002131,88.0126654490379,1.22382501019854,23.91049676507492,0.5727218,0,0.0,30.0,0,0.0,0,10570130.0,218303801895.326,0,1,1,1
GRC,2022,3.69648293387112,3.69648293387112,26.10771589689119,10.486489892568931,5.52198580589408,108.121843229922,9.64525981280632,23.94030151358605,0.5636045,0,0.0,30.0,0,0.0,0,10437805.0,217990189600.69,0,1,1,1
GRC,2023,1.94366777616511,1.94366777616511,26.216105806126617,10.510546024765103,2.13591131996631,92.4710882947018,3.46480128513405,23.99750848045923,0.2578486,0,0.0,30.0,0,0.0,0,10407351.0,242946187738.269,0,1,1,1
GRC,2024,2.6312519942121,2.6312519942121,26.26937398794254,10.531410105280996,2.0865743380603,89.7765279446168,2.74101875679486,24.046602843066182,0.1912731,0,0.0,30.0,0,0.0,0,10405134.0,256238371778.118,0,1,1,1
GTM,1996,0.490595256545279,0.490595256545279,23.47532243634909,9.014577184293156,2.95777988740716,40.392952957301,11.0569165321987,22.434313985105742,-0.944999199999999,0,0.0,30.0,0,0.0,0,10583526.0,15674835615.3139,0,1,1,0
GTM,1997,3.54917970403487,3.54917970403487,23.601903812575507,9.031711810665527,4.36408994678341,41.5519511569592,9.23290294884935,22.468112152841663,,0,0.0,30.0,0,0.0,0,10857754.0,17790026221.6139,0,0,0,0
GTM,1998,6.94130368276462,6.94130368276462,23.688306504518096,9.05485433097994,4.99352780305848,44.4237399632554,6.61346070518058,22.49393359720595,-0.728223499999999,0,0.0,30.0,0,0.0,0,11139145.0,19395491992.9939,0,1,1,0
GTM,1999,5.04738067531559,5.04738067531559,23.631172524934595,9.06744308428022,3.8470621889051,46.3605068544295,5.21361058601122,22.53589018987996,,0,0.0,30.0,0,0.0,0,11422965.0,18318412251.3642,0,0,0,0
GTM,2000,-4.08835554722306,-4.08835554722306,23.68279714288529,9.079138623932446,3.6088687174876,49.1455879049537,5.97757734737136,22.58879651970851,-1.0470244,0,0.0,30.0,0,0.0,0,11697592.0,19288929030.0508,0,1,0,0
GTM,2001,-5.088199966054,-5.087275859003976,23.6359001704236,9.079224262740771,2.33257486608854,70.6690331769476,7.28587366610138,22.605259046968744,,0,0.0,30.0,0,0.0,0,11969422.0,18405220247.4412,0,0,0,0
GTM,2002,-4.97449876130187,-4.97449876130187,23.740965353668685,9.09397962665514,3.83928708556792,67.1048115244645,8.13263054281054,22.63609515215265,-0.926044099999999,0,0.0,30.0,0,0.0,0,12246915.0,20444205991.025,0,1,0,0
GTM,2003,0.0903239703402523,0.0903239703402523,23.79486372775448,9.096741314522662,2.56037766801896,67.0023391862425,5.60347675434469,22.711947377464465,-0.9461887,0,0.0,30.0,0,0.0,0,12525842.0,21576351798.9145,0,1,1,0
GTM,2004,1.36317570702825,1.36317570702825,23.883550140870177,9.105408804738824,3.13791683609193,70.2148723581872,7.57862247309729,22.808528696243684,-0.8896651,0,0.0,30.0,0,0.0,0,12807402.0,23577298094.6571,0,1,1,0
GTM,2005,2.01617500337249,2.01617500337249,24.01104772984068,9.115999747743723,3.27602692588886,67.1036996082037,9.1086498571922,22.888393527964343,-0.8990503,0,0.0,30.0,0,0.0,0,13087629.0,26783389293.922,0,1,1,0
GTM,2006,2.13587522888421,2.13587522888421,24.115901566276754,9.146975082135288,5.35139778711536,67.9119237396616,6.56085282795384,22.965575424087355,-0.700804099999999,0,0.0,30.0,0,0.0,0,13367459.0,29744246827.1839,0,1,1,0
GTM,2007,2.55959192771149,2.55959192771149,24.23683462515924,9.187359310695586,6.33771869016203,69.0013643101763,6.82161753590326,23.058363275556687,-0.6725821,0,0.0,30.0,0,0.0,0,13652040.0,33567850824.1039,0,1,1,0
GTM,2008,1.89952208705823,1.89952208705823,24.37402070277488,9.199236621293135,3.29352400028485,65.1787305213103,11.355761126315,23.12589622086244,-0.649019599999999,0,0.0,30.0,0,0.0,0,13935174.0,38503720224.3166,0,1,1,0
GTM,2009,1.34627822535543,1.34627822535543,24.33758736327819,9.184069687250716,0.476898106596394,58.0406869738673,1.85910254733028,23.07230081121971,-0.581593,0,0.0,30.0,0,0.0,0,14215611.0,37126148264.6383,0,1,1,0
GTM,2010,2.71030706792051,2.71030706792051,24.428918295038898,9.1926876997576,2.88417542800377,63.1251925746222,3.8595090983316,23.151054103707,-0.6073928,0,0.0,30.0,0,0.0,0,14500112.0,40676578423.4871,0,1,1,1
GTM,2011,1.87038244023626,1.87038244023626,24.570771788147663,9.213544561371227,4.16390688293349,65.0470510420457,6.214123930671,23.23165512235581,-0.6813602,0,0.0,30.0,0,0.0,0,14792126.0,46876006272.2387,0,1,1,1
GTM,2012,2.82256297187213,2.82256297187213,24.627134273814647,9.222943918217874,2.97470856847661,61.9594193352042,3.78180754679678,23.25878236448248,-0.6922625,0,0.0,30.0,0,0.0,0,15089647.0,49593929487.1263,0,1,1,1
GTM,2013,2.87216286478145,2.87216286478145,24.69349020439548,9.239689375462255,3.69476814623695,56.6852489007381,4.34337131279521,23.288373197458228,-0.645259799999999,0,0.0,30.0,0,0.0,0,15387337.0,52996420177.4409,0,1,1,1
GTM,2014,2.43302117698753,2.43302117698753,24.78115661067836,9.264218900716648,4.44397825774911,55.0832736168677,3.4183616966296,23.316479769119265,-0.5721862,0,0.0,30.0,0,0.0,0,15681725.0,57852159007.6243,0,1,1,1
GTM,2015,1.93508794944894,1.93508794944894,24.85339680110961,9.286000410934736,4.09217170075418,49.8934518550985,2.3887203283955,23.279563487697608,-0.652722799999999,0,0.0,30.0,0,0.0,0,15971743.0,62186066547.6566,0,1,1,1
GTM,2016,1.28045862124744,1.28045862124744,24.91372946697537,9.294000580005616,2.6778031930216,46.3727343925686,4.44844199942827,23.291553966571904,-0.6757539,0,0.0,30.0,0,0.0,0,16268760.0,66053408205.8838,0,1,1,1
GTM,2017,1.39328931381397,1.39328931381397,24.995111756617344,9.306146727317056,3.0798512212244,46.0694034412912,4.42453655182546,23.34732718926969,-0.6982041,0,0.0,30.0,0,0.0,0,16567357.0,71653780740.4226,0,1,1,1
GTM,2018,1.25790065429015,1.25790065429015,25.01821321970378,9.322987746607383,3.40687328176345,47.0116853424691,3.75186186704508,23.400817857413163,-0.7651424,0,0.0,30.0,0,0.0,0,16845685.0,73328356007.6152,0,1,1,1
GTM,2019,1.51707073546928,1.51707073546928,25.06930683198356,9.34717424854932,4.01789830861587,45.5167341849579,3.69998398008605,23.424642363356384,-0.777929099999999,0,0.0,30.0,0,0.0,0,17103803.0,77172331693.4093,0,1,1,1
GTM,2020,1.29230382378627,1.29230382378627,25.076371619542986,9.314443632747077,-1.78555117570465,41.1407594007818,3.21444062197345,23.39101840191445,-0.7764521,0,0.0,30.0,0,0.0,0,17357325.0,77719468248.3666,0,1,1,1
GTM,2021,4.19448571319716,4.19448571319716,25.18289592526275,9.37798316033012,8.04170398855833,49.261149442668,4.26105127422813,23.511504747407624,-0.7444335,0,0.0,30.0,0,0.0,0,17598650.0,86455522272.7383,0,1,1,1
GTM,2022,1.51665826758099,1.51665826758099,25.283540399271104,9.40463002834687,4.15492196609047,54.4490964612191,6.88512823344287,23.57921854301894,-0.8842065,0,0.0,30.0,0,0.0,0,17847877.0,95609727055.5754,0,1,1,1
GTM,2023,1.58230175223989,1.58230175223989,25.3705188040454,9.423867554851295,3.52430434049013,48.3297978472591,6.20657592272126,23.642294475553985,-0.8628806,0,0.0,30.0,0,0.0,0,18124838.0,104298081428.769,0,1,1,1
GTM,2024,1.63228788754296,1.63228788754296,25.45255958292304,9.444936817679896,3.71558453779777,47.3052981448815,2.86992752918294,23.686552718928827,-0.9093696,0,0.0,30.0,0,0.0,0,18406359.0,113215575150.885,0,1,1,1
HND,1996,1.89420995385281,1.89420995385281,22.29163890442853,8.024259134551816,22.957391093437,122.725112727964,23.8378353073358,22.442247686989948,-1.1801635,0,0.0,30.0,0,0.0,0,5903954.0,4798834459.45946,0,1,1,0
HND,1997,2.18165022864844,2.18165022864844,22.44051343068252,8.198634150986033,22.4277452884418,121.466190207647,20.1998667554962,22.475061837260093,,0,0.0,30.0,0,0.0,0,6071454.0,5569178707.22433,0,0,0,0
HND,1998,1.60617614424743,1.60617614424743,22.54194430571775,8.281682224709693,11.5761659693973,122.69670703096,13.6681077485868,22.500912958654304,-0.9633877,0,0.0,30.0,0,0.0,0,6234431.0,6163707533.23486,0,1,1,0
HND,1999,3.71123925401503,3.71123925401503,22.57864005581877,8.364933742772505,11.5758601448677,121.502105602734,11.66374097913,22.54021988226304,,0,0.0,30.0,0,0.0,0,6400463.0,6394090592.33449,0,0,0,0
HND,2000,4.8698431531529,4.8698431531529,22.69548930948631,8.429386503722112,9.61221879337278,120.392164584236,11.0480349344976,22.591396770152127,-1.0776822,0,0.0,30.0,0,0.0,0,6577773.0,7186638029.05875,0,1,1,0
HND,2001,4.04940697578742,4.04940697578742,22.758123408191047,8.429224530073801,2.72319327321379,115.943071737954,9.67415556864781,22.606584729073703,,0,0.0,30.0,0,0.0,0,6757993.0,7651162302.3456,0,0,0,0
HND,2002,3.6562173778393,3.6562173778393,22.78483046109993,8.439668913734847,3.75433786119939,117.997454450299,7.6905097203429,22.63804795003814,-1.0247734,0,0.0,30.0,0,0.0,0,6938859.0,7858255412.86038,0,1,1,0
HND,2003,4.74055553954205,4.74055553954205,22.831099401740865,8.458475988945423,4.54703805165397,122.248277175534,7.67416639397743,22.715662143759616,-1.0735697,0,0.0,30.0,0,0.0,0,7119213.0,8230391346.67228,0,1,1,0
HND,2004,6.67606399673031,6.67606399673031,22.905861626126367,8.49399469168715,6.23230296069102,135.461758741854,8.11379097093383,22.813249560317733,-0.7452631,0,0.0,30.0,0,0.0,0,7298994.0,8869299234.3377,0,1,1,0
HND,2005,6.16028277171203,6.16028277171203,23.001252114348627,8.528464519492113,6.05059922215973,136.489768018486,8.80906074819817,22.893701139363426,-0.697415,0,0.0,30.0,0,0.0,0,7478355.0,9757012696.56212,0,1,1,0
HND,2006,6.57287305327357,6.57287305327357,23.1136307426708,8.568485041091943,6.56724355177587,133.13183510432,5.57775207654292,22.971323905861333,-0.716458199999999,0,0.0,30.0,0,0.0,0,7656832.0,10917477066.1429,0,1,1,0
HND,2007,7.82223281251053,7.82223281251053,23.237833037890194,8.605552271642306,6.18832716678008,135.070634917917,6.93621470895786,23.065465335341305,-0.613212099999999,0,0.0,30.0,0,0.0,0,7834798.0,12361257680.5627,0,1,1,0
HND,2008,8.65020371949481,8.65020371949481,23.353839559151027,8.62455884651556,4.23160011009342,135.748955193053,11.4034270813932,23.13461256083876,-0.686731099999999,0,0.0,30.0,0,0.0,0,8012587.0,13881731875.7466,0,1,1,0
HND,2009,3.38987200238321,3.38987200238321,23.40343057606247,8.578054159828222,-2.43162787988011,96.9050060188904,5.49634273772203,23.0823288625693,-0.6465044,0,0.0,30.0,0,0.0,0,8189899.0,14587496229.1811,0,1,1,0
HND,2010,3.83460574737835,3.83460574737835,23.48576284570797,8.593426612211514,3.73114034433009,109.441838241682,4.69889064976232,23.160868538839942,-0.6254799,0,0.0,30.0,0,0.0,0,8365878.0,15839344591.9842,0,1,1,1
HND,2011,5.88681418228473,5.88681418228473,23.59741085527202,8.610398196159723,3.83569066207505,122.216902597337,6.7622795731476,23.241714775962823,-0.604003699999999,0,0.0,30.0,0,0.0,0,8540583.0,17710275685.4074,0,1,1,1
HND,2012,5.83610988955542,5.83610988955542,23.64257886003795,8.63063039950402,4.12868774866939,121.188215808285,5.19618615531848,23.269252916572977,-0.688157399999999,0,0.0,30.0,0,0.0,0,8715076.0,18528554397.5695,0,1,1,1
HND,2013,5.77862113948416,5.77862113948416,23.641021931891352,8.638372027790806,2.79155975746801,116.306049247436,5.16189898581494,23.29880341665631,-0.805053399999999,0,0.0,30.0,0,0.0,0,8889278.0,18499729214.904,0,1,1,1
HND,2014,8.62899693066618,8.62899693066618,23.70675010759876,8.64912673913082,3.0580805621437,112.97509728471,6.12924930313031,23.327201733148865,-0.6009781,0,0.0,30.0,0,0.0,0,9063122.0,19756533971.8698,0,1,1,1
HND,2015,6.27594328427599,6.27594328427599,23.76682551066679,8.66777205209876,3.84007997093951,107.26440535424,3.15783117980915,23.290908865294828,-0.5555614,0,0.0,30.0,0,0.0,0,9237305.0,20979791685.416,0,1,1,1
HND,2016,5.28156973350556,5.28156973350556,23.80138905669556,8.6871874542665,3.89297219726413,99.8157169505924,2.72461223295289,23.304237633987604,-0.431288299999999,0,0.0,30.0,0,0.0,0,9412380.0,21717604952.1835,0,1,1,1
HND,2017,4.10592046689605,4.10592046689605,23.86466640168437,8.715979679105063,4.84291391050387,101.813111079622,3.93436084442037,23.36035838904851,-0.4193229,0,0.0,30.0,0,0.0,0,9588137.0,23136247990.5977,0,1,1,1
HND,2018,5.99386120691106,5.99386120691106,23.904138638612665,8.73540938123885,3.84499476966735,103.551162215452,4.34734937777536,23.41313717398824,-0.5271479,0,0.0,30.0,0,0.0,0,9765210.0,24067750760.499,0,1,1,1
HND,2019,3.83846408231678,3.83846408231678,23.93741955989221,8.742577245770704,2.55963434592314,99.4595352452417,4.36587159819274,23.436750064634403,-0.5125275,0,0.0,30.0,0,0.0,0,9943633.0,24882225741.8119,0,1,1,1
HND,2020,1.0106822391556,1.0106822391556,23.873958426073667,8.63110456117571,-8.96508223267296,88.0008563836292,3.46841177951171,23.40421623591381,-0.582503099999999,0,0.0,30.0,0,0.0,0,10119640.0,23352232483.755,0,1,1,1
HND,2021,2.84361329738544,2.84361329738544,24.060611803816773,8.732785227776699,12.5652843771279,103.372643459918,4.48087963413446,23.52278765641436,-0.6672516,0,0.0,30.0,0,0.0,0,10289877.0,28144331506.6149,0,1,1,1
HND,2022,2.41292398026651,2.41292398026651,24.170902743038628,8.75661742651745,4.14356194013767,112.698524913966,9.08963911525032,23.590638232799662,-0.686258199999999,0,0.0,30.0,0,0.0,0,10463872.0,31426041806.7985,0,1,1,1
HND,2023,1.68381240542467,1.68381240542467,24.260036852337787,8.774603673103579,3.57584760454412,98.7919798336365,6.66325180347463,23.65301618508909,-0.6579014,0,0.0,30.0,0,0.0,0,10644851.0,34355805527.9795,0,1,1,1
HND,2024,1.29157460831069,1.29157460831069,24.333647698969827,8.79343666831499,3.63240745450875,91.6694117874122,4.60621098127101,23.69833714532901,-0.6196728,0,0.0,30.0,0,0.0,0,10825703.0,36980171442.0603,0,1,1,1
HRV,1996,2.0393300632941,2.0393300632941,23.907611073020032,9.844276856502647,6.11143125777198,67.053592053592,4.29999999999993,23.393566643291216,-0.335196,0,0.0,30.0,0,0.0,0,4557097.0,24151469716.5173,0,1,1,0
HRV,1997,2.46745844738732,2.46745844738732,23.908596153158488,9.908982558291989,6.16532327216601,74.8854961832061,4.17066155321186,23.34471733734692,,0,0.0,30.0,0,0.0,0,4534920.0,24175272571.5846,0,0,0,0
HRV,1998,3.87827135851735,3.87827135851735,23.977115425178216,9.931881247512552,2.25345287133511,64.9843577475156,6.39668660837555,23.36257011770428,-0.3071658,0,0.0,30.0,0,0.0,0,4532135.0,25889813449.4579,0,1,1,0
HRV,1999,6.11828850381507,6.11828850381507,23.891982072717536,9.927660713689798,-0.850447604002099,66.264736205119,4.01913875598084,23.365167124078408,,0,0.0,30.0,0,0.0,0,4512597.0,23776940769.2095,0,0,0,0
HRV,2000,4.58600703994628,4.58600703994628,23.820383876056223,9.96657557160894,2.94765913375998,74.6004590027123,4.61131554737801,23.32455211829045,0.1833787,0,0.0,30.0,0,0.0,0,4468302.0,22134069750.2586,0,1,1,0
HRV,2001,4.49453736192097,4.49453736192097,23.861671960364813,10.03568713580277,3.11089328552634,79.437800900761,3.77670246665889,23.33193625866592,,0,0.0,30.0,0,0.0,0,4299642.0,23067071477.8294,0,0,0,0
HRV,2002,3.66543741693173,3.66543741693173,24.010085628579084,10.091492139562131,5.80141595577015,81.1605470544581,1.67178437393384,23.40532237083149,0.2060399,0,0.0,30.0,0,0.0,0,4302174.0,26757633353.1909,0,1,1,0
HRV,2003,5.23888389777053,5.23888389777053,24.28558376179561,10.145396613276208,5.56842901730823,81.4423725005617,1.76733780760629,23.578805330125665,0.1631364,0,0.0,30.0,0,0.0,0,4303399.0,35244797328.5582,0,1,1,0
HRV,2004,3.14125847138829,3.14125847138829,24.45702535031977,10.185976296927898,4.17049297825163,81.6460024380816,2.05539679050328,23.71671660075493,0.3693341,0,0.0,30.0,0,0.0,0,4304600.0,41836096243.0481,0,1,1,0
HRV,2005,4.03158584721724,4.03158584721724,24.530212217649787,10.227060430124077,4.32819454299167,81.4930488377878,3.31717824448043,23.77648446615749,0.354903,0,0.0,30.0,0,0.0,0,4310145.0,45012776905.5255,0,1,1,0
HRV,2006,6.74942720543925,6.74942720543925,24.62692683903063,10.27628052479423,5.06986521577841,83.5173461635857,3.18982591472949,23.8496724771865,0.302513,0,0.0,30.0,0,0.0,0,4311159.0,49583643047.994,0,1,1,0
HRV,2007,7.83566324230563,7.83566324230563,24.805715724748502,10.32575425758256,5.04884076732965,83.2601359160464,2.89928275583389,23.990607161743057,0.3753871,0,0.0,30.0,0,0.0,0,4310217.0,59290547254.1358,0,1,1,0
HRV,2008,7.66668932687836,7.66668932687836,24.949706855131893,10.345398855548488,1.97176786914632,82.0792610890345,6.07696838798352,24.089565616294163,0.3957849,0,0.0,30.0,0,0.0,0,4309705.0,68473103476.6775,0,1,1,0
HRV,2009,4.925903970572,4.925903970572,24.85547523537653,10.275901232173366,-6.81168973851901,69.7025315039058,2.37852845904671,23.99703066238704,0.4213095,0,0.0,30.0,0,0.0,0,4305181.0,62315450610.8524,0,1,1,0
HRV,2010,2.61983395656206,2.61983395656206,24.80038161910081,10.26471774655706,-1.33616285467264,72.6475745178258,1.03055505333576,24.029376950914106,0.2868905,0,0.0,30.0,0,0.0,0,4295427.0,58975127200.9948,0,1,1,1
HRV,2011,1.98600142929806,1.98600142929806,24.864639503966107,10.267054495214246,-0.111527124990047,77.7839261603843,2.27272727272722,24.126749056735704,0.240585,0,0.0,30.0,0,0.0,0,4280622.0,62889150894.151,0,1,1,1
HRV,2012,2.5458971283455,2.5458971283455,24.77587645873895,10.249173066536589,-2.23702049605232,79.0091759505258,3.41207349081368,24.097554201404552,0.4012631,0,0.0,30.0,0,0.0,0,4260368.0,57547495859.7306,0,1,1,1
HRV,2013,1.59392354890083,1.59392354890083,24.81505497015378,10.254073367616233,-0.132561080066893,80.919621854334,2.21658206429779,24.13440902128621,0.4156062,0,0.0,30.0,0,0.0,0,4233922.0,59846869998.8711,0,1,1,1
HRV,2014,5.34791756323206,5.34791756323206,24.811040692447232,10.256126099319578,-0.559537666687092,85.2166354640278,-0.215196159576176,24.158329537363805,0.4256344,0,0.0,30.0,0,0.0,0,4201598.0,59607109597.2123,0,1,1,1
HRV,2015,0.958162552964542,0.958162552964542,24.65507717659967,10.29100762859294,2.32056679330526,90.6517861027716,-0.464499004645003,24.045581099092352,0.2567445,0,0.0,30.0,0,0.0,0,4151725.0,50999271058.5849,0,1,1,1
HRV,2016,2.99037238331044,2.99037238331044,24.68694734705536,10.335945229303098,3.46613146011039,92.1393432283564,-1.12500000000002,24.057727041416868,0.2649439,0,0.0,30.0,0,0.0,0,4106867.0,52650804052.1394,0,1,1,1
HRV,2017,3.24022473811694,3.24022473811694,24.751866264087884,10.38432567782205,3.2840626939789,97.2452344566878,1.12937210282347,24.1145204977376,0.404068,0,0.0,30.0,0,0.0,0,4041407.0,56182225079.1072,0,1,1,1
HRV,2018,2.6691078382689,2.6691078382689,24.84503554652919,10.426129455720485,2.91107146210912,99.0845893099948,1.50012501041747,24.18357486264265,0.4927546,0,0.0,30.0,0,0.0,0,3988775.0,61668280700.0968,0,1,1,1
HRV,2019,6.47280555618669,6.47280555618669,24.841770534164382,10.466605675077028,3.10247285336254,101.395111645358,0.771820346498112,24.1801050218991,0.4191078,0,0.0,30.0,0,0.0,0,3949390.0,61467261345.012,0,1,1,1
HRV,2020,2.53925977136019,2.53925977136019,24.783015921926744,10.388792323121102,-8.31046995309319,89.5475327132272,0.154811374562106,24.15195465180923,0.5056587,0,0.0,30.0,0,0.0,0,3914206.0,57959824238.1808,0,1,1,1
HRV,2021,7.42755621800021,7.42755621800021,24.95740513093337,10.516781568559324,12.6312741312741,102.327614281062,2.55450699642041,24.28206009210753,0.7557995,0,0.0,30.0,0,0.0,0,3878981.0,69002262504.9821,0,1,1,1
HRV,2022,5.51627272111755,5.51627272111755,24.988708938350804,10.593226705806751,7.29479114889533,125.410793782261,10.7805806758686,24.292367342290028,0.7162336,0,0.0,30.0,0,0.0,0,3855641.0,71196460236.6301,0,1,1,1
HRV,2023,3.90313322235581,3.90313322235581,25.17320035928068,10.62910816706142,3.76204092717136,107.277801631602,7.94128177586822,24.36065293662726,0.7487411,0,0.0,30.0,0,0.0,0,3859686.0,85621337533.3348,0,1,1,1
HRV,2024,4.87790164584768,4.87790164584768,25.25567062477989,10.66496604610646,3.82578440126859,104.912403236133,2.97200477643626,24.40506620652248,0.7097625,0,0.0,30.0,0,0.0,0,3866200.0,92981894167.9687,0,1,1,1
HTI,1996,0.141013763586083,0.141013763586083,21.79056549694485,8.073323727421114,4.14077332856783,40.223379852938,20.5835962145112,22.453253158006493,-1.35382919999999,0,0.0,5.0,0,0.0,0,7707557.0,2907517603.76719,0,1,1,0
HTI,1997,0.11979817057364,0.11979817057364,21.928921969160427,8.081151935580927,2.70471393077787,36.8940488093915,20.5590073395833,22.48051968564184,,0,0.0,6.0,0,0.0,0,7854298.0,3338949151.59927,0,0,0,0
HTI,1998,0.288944097337968,0.288944097337968,22.03803834308336,8.084087241074544,2.18184032957123,36.5207867041288,5.26903547042201,22.505522031106768,-1.3597903,0,0.0,7.0,0,0.0,0,8002143.0,3723903723.63772,0,1,1,0
HTI,1999,0.722243133970601,0.722243133970601,22.147271571739804,8.092361400720756,2.71024801048499,41.9484795102088,3.00439421550734,22.53937850718309,,0,0.0,8.0,0,0.0,0,8151296.0,4153725883.84082,0,0,0,0
HTI,2000,0.194464980712557,0.194464980712557,22.642181476269126,8.082566212985688,0.870059259424892,27.1535220636918,9.33322197565603,22.58523052095196,-1.3577285,0,0.0,9.0,0,0.0,0,8303151.0,6813566098.8675,0,1,1,0
HTI,2001,0.0694886389960982,0.0694886389960982,22.56887729233231,8.060901376939189,-0.342747883252144,27.569933019116,13.31672224251,22.59996743430068,,0,0.0,10.0,0,0.0,0,8455918.0,6331970324.31022,0,0,0,0
HTI,2002,0.0918488613041635,0.0918488613041635,22.54875778353244,8.053580900960378,1.05182013450109,24.9396784759828,7.03287406224601,22.631121290644334,-1.83755129999999,0,0.0,11.0,0,0.0,0,8607641.0,6205847213.6351,0,1,1,0
HTI,2003,0.272084819262136,0.272084819262136,22.346990761889696,8.070261045282825,3.48077973188326,37.1973434444641,28.6995777887374,22.71327761935042,-1.8356586,0,0.0,12.0,0,0.0,0,8759912.0,5071947798.27263,0,1,1,0
HTI,2004,0.0969221359795515,0.0969221359795515,22.5294804395568,8.03997697060807,-1.3178567596495,33.7809703531059,21.0318339277222,22.815857707953683,-1.8983869,0,5.337538079701318,0.0,1,207.0,1,8910263.0,6087360684.2969,0,1,1,0
HTI,2005,0.369835650694654,0.369835650694654,22.673473841309868,8.05343038039234,3.07217337664731,34.9651045038228,13.973008326384,22.90137265261932,-1.65564659999999,0,0.0,1.0,0,0.0,0,9061273.0,7030149730.33692,0,1,1,0
HTI,2006,2.10244121995639,2.10244121995639,22.75649839020543,8.053970817772496,1.76875060288195,37.0570704128996,11.3452152244299,22.97997213163108,-1.65926859999999,0,0.0,2.0,0,0.0,0,9216562.0,7638739122.67242,0,1,1,0
HTI,2007,0.807269738778004,0.807269738778004,22.94557728710321,8.083099403477144,4.70652994008303,34.2825489611293,6.55722772638066,23.08023766782853,-1.658091,0,0.0,3.0,0,0.0,0,9373296.0,9228637767.69009,0,1,1,0
HTI,2008,0.285633151798952,0.285633151798952,23.068236114989503,8.092671471123547,2.6580323082747,36.1450381454244,15.2817744823772,23.15474453435253,-1.4364822,0,0.0,4.0,0,0.0,0,9530774.0,10432962634.8748,0,1,1,0
HTI,2009,0.478313239983432,0.478313239983432,23.17401252536163,8.133380430333755,5.89037894844316,33.0964998246108,0.393886040173341,23.10498780624815,-1.4421191,0,0.0,5.0,0,0.0,0,9689581.0,11597002834.7786,0,1,1,0
HTI,2010,1.50093014768549,1.50093014768549,23.196379279860896,8.063538228393323,-5.65151153448299,44.7215241260457,4.82734190074673,23.18301769002385,-1.5677862,0,0.0,6.0,0,0.0,0,9803294.0,11859312725.1448,0,1,1,1
HTI,2011,0.91476918408797,0.91476918408797,23.288887740420225,8.1019426944899,5.09821354410036,44.1635704019387,6.33279483849042,23.26045149461756,-1.61896169999999,0,0.0,7.0,0,0.0,0,9914904.0,13008746038.8867,0,1,1,1
HTI,2012,1.13794476642421,1.13794476642421,23.341312952331013,8.09145547309644,0.502424403581585,40.2582414988129,5.01804155429246,23.286194874833104,-1.59966299999999,0,0.0,8.0,0,0.0,0,10069771.0,13708925477.1304,0,1,1,1
HTI,2013,1.0865204500402,1.0865204500402,23.4247940563704,8.118754536355853,4.32478411472874,40.3325097562551,4.76502404779142,23.31032620491208,-1.523841,0,0.0,9.0,0,0.0,0,10222362.0,14902488604.2421,0,1,1,1
HTI,2014,0.653599798370867,0.653599798370867,23.44106063801345,8.132581618921169,2.88877250863379,42.3515259071619,3.43816659958601,23.33615030811149,-1.92983739999999,0,0.0,10.0,0,0.0,0,10373235.0,15146883497.6331,0,1,1,1
HTI,2015,0.711667596569424,0.711667596569424,23.421240739499883,8.132127120599272,1.40000000859727,41.9457381172044,6.73184069658997,23.29206814952854,-1.86939899999999,0,0.0,11.0,0,0.0,0,10523242.0,14849629308.6025,0,1,1,1
HTI,2016,0.745596209929376,0.745596209929376,23.36725935822752,8.136103235110099,1.81246807847532,41.4109022161974,11.5029073942666,23.30610144718009,-1.8833592,0,0.0,12.0,0,0.0,0,10671457.0,14069277526.2278,0,1,1,1
HTI,2017,2.48360915333592,2.48360915333592,23.43752056087007,8.147279984684724,2.51027134544685,42.0745477868911,10.6800887242584,23.36190414651873,-1.8904667,0,0.0,13.0,0,0.0,0,10817754.0,15093357161.1498,0,1,1,1
HTI,2018,0.640093066153268,0.640093066153268,23.52078279144569,8.15054144592924,1.66781095484656,45.1385763027223,12.4814111170435,23.41460607173247,-1.7517146,0,0.0,14.0,0,0.0,0,10962362.0,16403864617.8458,0,1,1,1
HTI,2019,0.499464210439719,0.499464210439719,23.432388191720577,8.120217929045477,-1.72309699839232,44.5687187758294,18.7037825672506,23.435642314723488,-1.8885565,0,0.0,15.0,0,0.0,0,11105163.0,15016090929.5125,0,1,1,1
HTI,2020,0.17231607778598,0.17231607778598,23.397981395877085,8.074193211073279,-3.30550546965893,37.4138801252638,22.7963113642528,23.400819061320004,-1.9163196,0,0.0,16.0,0,0.0,0,11243848.0,14508222518.3018,0,1,1,1
HTI,2021,0.247164798843834,0.247164798843834,23.75605196579913,8.044486730080793,-1.79823988931486,33.4120026772124,16.8415240198785,23.518399474051208,-2.0602282,0,0.0,17.0,0,0.0,0,11374586.0,20754978152.2134,0,1,1,1
HTI,2022,0.195958763168676,0.195958763168676,23.724632563412168,8.016244847590054,-1.68198396897978,29.7746074753724,33.98393194707,23.586144182616017,-2.0132007,0,0.0,18.0,0,0.0,0,11503606.0,20113007125.93,0,1,1,1
HTI,2023,0.1208234771512,0.1208234771512,23.697380570848765,7.985866786940444,-1.86388420254838,25.2478984941791,36.8135162780854,23.644245737345383,-2.0108367,0,0.0,19.0,0,0.0,0,11637398.0,19572288894.1581,0,1,1,1
HTI,2024,0.0824597396111034,0.0824597396111034,23.911915725316,7.931569093657307,-4.18495104762965,18.6547617785224,26.9490564091987,23.689460954870952,-2.0156868,0,5.384495062789089,0.0,1,217.0,1,11772557.0,24255657481.2502,0,1,1,1
HUN,1996,7.02257505750731,7.02257505750731,24.569870299436783,9.85372538687206,0.101234227633242,83.021980635108,23.4690301919185,23.322252154089902,0.8135893,0,0.0,30.0,0,0.0,0,10311238.0,46833767123.6915,0,1,1,0
HUN,1997,8.78533630127407,8.78533630127407,24.5818577866922,9.88508398905633,2.97787906543104,94.6879101466758,18.3050744143799,23.274652666805714,,0,0.0,30.0,0,0.0,0,10290486.0,47398564799.2496,0,0,0,0
HUN,1998,6.68585430137196,6.68585430137196,24.610676685331228,9.925169929400008,3.84810814449837,107.319335097669,14.153789654534,23.29152525267329,0.8444668,0,0.0,30.0,0,0.0,0,10266570.0,48784412623.5939,0,1,1,0
HUN,1999,6.88558157302498,6.88558157302498,24.61835027943592,9.958396504585645,3.08605811588221,113.869532830977,9.99774409303368,23.29352141585073,,0,0.0,30.0,0,0.0,0,10237530.0,49160204397.4635,0,0,0,0
HUN,2000,5.81207210516034,5.81207210516034,24.57926764015988,10.00414343812089,4.40937501806403,137.26231309347,9.80361016908125,23.257517741873308,0.9862345,0,0.0,30.0,0,0.0,0,10210971.0,47275954428.9586,0,1,1,0
HUN,2001,7.54426473166249,7.54426473166249,24.70854056927686,10.046254170830675,4.06202617226026,130.903714236387,9.11680911680911,23.263519653676347,,0,0.0,30.0,0,0.0,0,10187576.0,53800068065.7969,0,0,0,0
HUN,2002,5.38678090915431,5.38678090915431,24.937413151231905,10.095317731984402,4.73006530805553,118.269335242555,5.26544821583985,23.33429204991033,0.9692987,0,0.0,30.0,0,0.0,0,10158608.0,67636468625.0428,0,1,1,0
HUN,2003,4.88025299452782,4.88025299452782,25.168155399748223,10.136813927677164,3.93877761242727,116.787088540862,4.66101694915254,23.50447960274068,0.8500324,0,0.0,30.0,0,0.0,0,10129552.0,85190469121.074,0,1,1,0
HUN,2004,4.36291277823616,4.36291277823616,25.36780444710366,10.187467236919806,4.96312536156307,123.615686104174,6.74434679569469,23.6429255350026,0.7962749,0,0.0,30.0,0,0.0,0,10107146.0,104015363080.271,0,1,1,0
HUN,2005,24.3060288068427,24.3060288068427,25.451522637019828,10.23155991646412,4.30028318461673,128.004810647538,3.56151711378352,23.70717349291637,0.7528133,0,0.0,30.0,0,0.0,0,10087065.0,113098237570.929,0,1,1,0
HUN,2006,16.1574876503265,16.1574876503265,25.473437358401192,10.271702319776496,3.93393162712054,149.231531568461,3.93032603841001,23.78473059031504,0.7191893,0,0.0,30.0,0,0.0,0,10071370.0,115604111412.139,0,1,1,0
HUN,2007,50.4065230275136,30.0341103550906,25.66578877818773,10.276569503972398,0.332354337878925,155.60143236807,7.9587451654491,23.928793182216022,0.4939081,0,0.0,30.0,0,0.0,0,10055780.0,140123326896.329,0,1,1,0
HUN,2008,47.2364211896638,30.0341103550906,25.78730454835247,10.28820582703738,0.993437085479655,158.453224115619,6.0425125388106,24.03217559225561,0.4953579,0,0.0,30.0,0,0.0,0,10038188.0,158228265915.534,0,1,1,0
HUN,2009,-2.28280495631194,-2.28280495631194,25.596992163312866,10.2199742396908,-6.7401660845502,145.30587733019,4.21171171171171,23.93833285504512,0.5418594,0,0.0,30.0,0,0.0,0,10022650.0,130807441076.16,0,1,0,0
HUN,2010,-15.8854380283338,-5.087275859003976,25.60530032301632,10.23285726211147,1.06795068152046,157.838960085896,4.85555795691956,23.976677466237245,0.4504472,0,0.0,30.0,0,0.0,0,10000023.0,131898737241.166,0,1,0,0
HUN,2011,7.45442145492381,7.45442145492381,25.677068346207143,10.254676583382723,1.91670916599742,166.754347209897,3.9299209893507,24.07690072796583,0.4689702,0,0.0,30.0,0,0.0,0,9971727.0,141712804953.868,0,1,1,1
HUN,2012,8.30549850772091,8.30549850772091,25.57896335023236,10.246355594620166,-1.33948446518181,166.17569860957,5.65214517088646,24.05277523978346,0.4322592,0,0.0,30.0,0,0.0,0,9920362.0,128470269689.958,0,1,1,1
HUN,2013,-2.74986395257086,-2.74986395257086,25.63331478442717,10.271286159899526,2.03216990678146,164.476024791467,1.73319984983101,24.09010762684108,0.5712638,0,0.0,30.0,0,0.0,0,9872734.0,135646053778.582,0,1,0,0
HUN,2014,9.1265022330579,9.1265022330579,25.672938051543166,10.31774553081624,4.33435364113967,168.358355086413,-0.227566270988219,24.1133235083248,0.6662414,0,0.0,30.0,0,0.0,0,9833038.0,141128696412.321,0,1,1,1
HUN,2015,-4.3672559097876,-4.3672559097876,25.55353068258463,10.357284546568334,3.65981615406955,167.290738494524,-0.0616446800641672,24.00150684715168,0.579719,0,0.0,30.0,0,0.0,0,9797755.0,125244126623.289,0,1,0,0
HUN,2016,53.8467636785015,30.0341103550906,25.58295079803477,10.38526433970369,2.43864141309342,163.97194450015,0.394769306686392,24.01322848674896,0.5552886,0,0.0,30.0,0,0.0,0,9759755.0,128983560865.293,0,1,1,1
HUN,2017,-8.6313549623639,-5.087275859003976,25.68845107543791,10.429065275317866,4.12418389451805,165.032855840268,2.34824281150154,24.07187774146101,0.6076573,0,0.0,30.0,0,0.0,0,9726756.0,143335098991.862,0,1,0,0
HUN,2018,-40.1082460169744,-5.087275859003976,25.805816693612304,10.48564845791439,5.60613813768876,162.700858777925,2.85024792594646,24.14151746294879,0.6259032,0,0.0,30.0,0,0.0,0,9706964.0,161184691013.835,0,1,0,0
HUN,2019,59.5775493833952,30.0341103550906,25.828827491949408,10.536424878021364,5.07718495088933,159.925556464831,3.33858635382008,24.139694434157786,0.5238239,0,0.0,30.0,0,0.0,0,9694824.0,164936682033.992,0,1,1,1
HUN,2020,105.635755544096,30.0341103550906,25.7888215950664,10.49458875089724,-4.33872540024058,154.527002936377,3.32674385766738,24.113530476792995,0.7208016,0,0.0,30.0,0,0.0,0,9670419.0,158468487754.196,0,1,1,1
HUN,2021,18.2639108972104,18.2639108972104,25.93429552710394,10.568420193960309,7.22291580811137,159.187527332834,5.11096534382855,24.24426861096631,0.784219,0,0.0,30.0,0,0.0,0,9630932.0,183282685440.486,0,1,1,1
HUN,2022,-1.05246677407293,-1.05246677407293,25.89943014875947,10.611793534130534,4.15238057779229,184.969952581351,14.6081439492433,24.258066479883368,0.657731,0,0.0,30.0,0,0.0,0,9605074.0,177002580544.155,0,1,0,0
HUN,2023,-33.2799471781632,-5.087275859003976,26.08469654249008,10.604931586044698,-0.817107370513455,158.618825607913,17.1249659678737,24.3244087349976,0.5461907,0,0.0,30.0,0,0.0,0,9592186.0,213029511028.874,0,1,0,0
HUN,2024,-27.5090725956422,-5.087275859003976,26.129756708639565,10.615142371961635,0.709070599066038,147.926666538068,3.70370370370369,24.370827567543824,0.501908,0,0.0,30.0,0,0.0,0,9562065.0,222848211034.367,0,1,0,0
IDN,1996,2.72419788646708,2.72419788646708,26.14984307329089,8.809177459818349,7.81818707670867,52.264743657148,7.97328096513346,22.01402851816162,-0.2559615,0,0.0,4.0,0,0.0,0,203204348.0,227369679374.973,0,1,1,0
IDN,1997,2.16779685196237,2.16779685196237,26.09738152546064,8.838842156425768,4.69987885390397,55.9938588086777,6.22615154887214,21.998064856649616,,0,4.04305126783455,0.0,1,56.0,1,206536095.0,215748998609.635,0,0,0,0
IDN,1998,-0.252290447660406,-0.252290447660406,25.28182174247574,8.682315232338343,-13.1267254923818,96.1861923602686,58.4510413515526,21.961291919874817,-0.742317799999999,0,3.871201010907891,0.0,1,47.0,1,209826788.0,95445547872.715,0,1,0,0
IDN,1999,-1.33257354110795,-1.33257354110795,25.66491791104816,8.675163653568625,0.79112608199847,62.9439128601924,20.4778324428892,22.00882257975104,,0,5.579729825986222,0.0,1,264.0,1,213004668.0,140001351215.462,0,0,0,0
IDN,2000,-2.75743993350903,-2.75743993350903,25.82933864866531,8.708867867504278,4.9200677470169,71.4368759173731,3.68862037056682,22.053470190827216,-0.5497447,0,5.659482215759621,0.0,1,286.0,1,216077790.0,165021012077.81,0,1,0,0
IDN,2001,-1.85568619300523,-1.85568619300523,25.801229181478767,8.730774294371379,3.64346644721492,69.7932075256238,11.5001160550887,22.032310708878423,,0,5.631211781821365,0.0,1,278.0,1,219097902.0,160446947784.909,0,0,0,0
IDN,2002,0.0741516383181159,0.0741516383181159,25.999647419579027,8.761228902043543,4.49947539085764,59.0794617663723,11.9001200338414,22.06920047326232,-0.7684151,0,6.1463292576688975,0.0,1,466.0,1,222088495.0,195660611165.183,0,1,1,0
IDN,2003,-0.254256320381005,-0.254256320381005,26.18188264299673,8.79468733308973,4.78036912167654,53.6164937473016,6.75731256333564,22.18481959911099,-0.908526499999999,0,6.767343125265392,0.0,1,868.0,1,225048008.0,234772463823.808,0,1,0,0
IDN,2004,0.738243979887563,0.738243979887563,26.27170699384066,8.831061377662767,5.03087394501685,59.761294836691,6.06406189133648,22.31013814109069,-0.7626847,0,6.841615476477592,0.0,1,935.0,1,227926649.0,256836875295.452,0,1,1,0
IDN,2005,2.91611483313067,2.91611483313067,26.3787981687817,8.873587735016326,5.69257130383384,63.9879358688635,10.4532001873347,22.392892480455224,-0.7337593,0,5.365976015021851,0.0,1,213.0,1,230871650.0,285868619196.085,0,1,1,0
IDN,2006,1.34794264068931,1.34794264068931,26.62198582817102,8.91388497333706,5.50095178520348,56.6571268148867,13.108670985346,22.47676390627188,-0.5173516,0,0.0,1.0,0,0.0,0,233951652.0,364570515618.357,0,1,1,0
IDN,2007,1.6030105718879,1.6030105718879,26.79219300718941,8.962194869079482,6.34502222667214,54.8292499782075,6.40656087966005,22.608592363671445,-0.4571356,0,0.0,2.0,0,0.0,0,237062337.0,432216737774.861,0,1,1,0
IDN,2008,1.82632902403998,1.82632902403998,26.958124766113,9.007619543792105,6.01370360009123,58.5613996312961,10.2266663272483,22.720015990529355,-0.4526811,0,0.0,3.0,0,0.0,0,240157903.0,510228634992.258,0,1,1,0
IDN,2009,0.90391941965406,0.90391941965406,27.014057054765768,9.040199023972509,4.62887118256153,45.5121213687054,4.38641311792074,22.68579683696836,-0.3302307,0,0.0,4.0,0,0.0,0,243220028.0,539580085612.401,0,1,1,0
IDN,2010,2.02517914569356,2.02517914569356,27.350108290501566,9.08797212319324,6.22385418062366,46.7012738758737,5.13420639015885,22.802187866107776,-0.2531404,0,0.0,5.0,0,0.0,0,246305322.0,755094157621.936,0,1,1,1
IDN,2011,2.30298429381592,2.30298429381592,27.517817819870736,9.135074604647285,6.16978420771008,50.1800131841104,5.35604849112582,22.926173022188905,-0.3273953,0,0.0,6.0,0,0.0,0,249470032.0,892969104563.171,0,1,1,1
IDN,2012,2.30978031853073,2.30978031853073,27.545321510916256,9.180768587657385,6.03005065305615,49.5828982992627,4.2795142691943,22.96431149986492,-0.257083599999999,0,0.0,7.0,0,0.0,0,252698525.0,917869913332.649,0,1,1,1
IDN,2013,2.55135633401058,2.55135633401058,27.53948037325106,9.22244819095582,5.5572636889101,48.6373726752893,6.41249457900391,22.99267308436692,-0.1633885,0,0.0,8.0,0,0.0,0,255852467.0,912524136718.018,0,1,1,1
IDN,2014,2.81997260412102,2.81997260412102,27.51540233655429,9.259548252804986,5.006668425755,48.0801755855227,6.39492882396559,23.024234979445243,0.3191278,0,0.0,9.0,0,0.0,0,258877399.0,890814755533.537,0,1,1,1
IDN,2015,2.29761639380441,2.29761639380441,27.481191027025265,9.295936441694025,4.87632230022123,41.9376402415294,6.36312061196646,22.982598292976515,-0.062646,0,0.0,10.0,0,0.0,0,261799249.0,860854232686.214,0,1,1,1
IDN,2016,0.487372471368879,0.487372471368879,27.56046705932357,9.33429661887468,5.03306918280177,37.4213418023318,3.52580452815451,23.00591769642246,0.1221929,0,0.0,11.0,0,0.0,0,264627418.0,931877364037.698,0,1,1,1
IDN,2017,2.01948919812582,2.01948919812582,27.64651914284897,9.373527895931772,5.06978590134916,39.3554970704606,3.80879857691949,23.074125246748544,0.1565617,0,0.0,12.0,0,0.0,0,267346658.0,1015618744159.73,0,1,1,1
IDN,2018,1.81428979349441,1.81428979349441,27.67242361359333,9.414279169286644,5.17429153955024,43.0743089552002,3.19834755924996,23.14638584315392,0.2534613,0,3.367295829986474,0.0,1,28.0,1,269951846.0,1042271532988.63,0,1,1,1
IDN,2019,2.23336204282241,2.23336204282241,27.74354579181212,9.453896959189269,5.01928768046282,37.6277775357108,3.03058460941661,23.16449176785174,0.3122885,0,3.555348061489413,0.0,1,34.0,1,272489381.0,1119099871350.2,0,1,1,1
IDN,2020,1.81058402027127,1.81058402027127,27.6883979684576,9.424527528405674,-2.06551182934165,32.9721754002427,1.91983527270793,23.14270091436732,0.213754,0,3.4657359027997265,0.0,1,31.0,1,274814866.0,1059054842698.48,0,1,1,1
IDN,2021,1.7878556314554,1.7878556314554,27.80203708058216,9.453841270741709,3.70288562827751,40.2047582749671,1.56007882983334,23.28211270870834,0.1470804,0,3.970291913552122,0.0,1,52.0,1,276758053.0,1186509691086.73,0,1,1,1
IDN,2022,1.87264100861425,1.87264100861425,27.907971698912664,9.498092346592028,5.30719722664799,45.4646701959453,4.20946463714784,23.3110560871478,0.2328093,0,3.8501476017100575,0.0,1,46.0,1,278830529.0,1319101183380.15,0,1,1,1
IDN,2023,1.57116966408747,1.57116966408747,27.9466832638382,9.538920800125208,5.04883117855516,41.4604765447233,3.66938654859761,23.33817670642679,0.2732116,0,4.0943445622221,0.0,1,59.0,1,281190067.0,1371166925749.88,0,1,1,1
IDN,2024,1.73855290316368,1.73855290316368,27.9648482777515,9.579882436961109,5.03257477088519,42.809937870822,2.18151273615189,23.3770968839807,0.179804,0,4.060443010546419,0.0,1,57.0,1,283487931.0,1396301788461.69,0,1,1,1
IND,1996,0.617479351603705,0.617479351603705,26.69681298741517,7.864514533533552,7.54952224888829,21.9294878713867,8.97715233826453,22.194217937745048,-0.2447752,0,6.732210706467206,0.0,1,838.0,1,979678458.0,392896866204.516,0,1,1,0
IND,1997,0.860208959660141,0.860208959660141,26.7536326897734,7.884549926769736,4.04982084902483,22.6193868670479,7.16425211462721,22.17612494227001,,0,6.907755278982137,0.0,1,999.0,1,999133762.0,415867563592.829,0,0,0,0
IND,1998,0.625286204187864,0.625286204187864,26.766732805361244,7.9251974566937236,6.18441582080355,23.6994700790647,13.2308389767977,22.15123738929369,-0.4484838,0,6.839476438228843,0.0,1,933.0,1,1018665080.0,421351317224.941,0,1,1,0
IND,1999,0.472644191458928,0.472644191458928,26.85192610740824,7.990938772243937,8.84575556114116,24.8155980442929,4.6698203803759,22.18796116020464,,0,7.637234388789473,0.0,1,2073.0,1,1038225823.0,458821052615.79,0,0,0,0
IND,2000,0.765211694280817,0.765211694280817,26.872578907681607,8.009835401585484,3.84099115686554,26.9009229104474,4.0094359104519,22.22686757416249,-0.5480326,1,8.025843344150903,0.0,1,3058.0,2,1057922733.0,468395521654.458,0,1,1,0
IND,2001,1.05638020993358,1.05638020993358,26.908321819865293,8.038241564853406,4.82396626397303,25.9932547534365,3.77929312235637,22.2146879672943,,0,7.198183577101943,0.0,1,1336.0,1,1077898575.0,485440139204.171,0,0,0,0
IND,2002,1.01156946489919,1.01156946489919,26.96731455648869,8.05746270434607,3.80397532120038,29.5086629350614,4.29715203929562,22.25976943008459,-0.4818453,1,7.617759576608505,0.0,1,2033.0,2,1097600380.0,514939140318.756,0,1,1,0
IND,2003,0.605887857091792,0.605887857091792,27.13294830696962,8.115786324583674,7.86038147545045,30.592436132908,3.80585899528853,22.387202715086065,-0.4274791,1,7.53689712956617,0.0,1,1875.0,2,1116803006.0,607700687237.318,0,1,1,0
IND,2004,0.765596855110284,0.765596855110284,27.287336754710047,8.174997856463941,7.92293661307978,37.503814059447,3.76725173477517,22.51706308640771,-0.1952701,1,7.413970290190444,0.0,1,1658.0,2,1135991513.0,709152728830.775,0,1,1,0
IND,2005,0.886098378458823,0.886098378458823,27.43303807200711,8.234935455743377,7.92343062131789,42.0016696148691,4.24634362031924,22.60188205966076,-0.1809739,1,7.232010331664759,0.0,1,1382.0,2,1154676322.0,820383763511.445,0,1,1,0
IND,2006,2.13016842534495,2.13016842534495,27.569422151431365,8.296817425213051,8.06073257305057,45.7244804992652,5.79652337561634,22.691604754331063,-0.1259439,0,7.2254814727822945,0.0,1,1373.0,1,1172878890.0,940259888787.721,0,1,1,0
IND,2007,2.07339404668754,2.07339404668754,27.8271933401982,8.355573008622832,7.66081506510766,45.686268679348,6.37288135593231,22.82625478207485,-0.0160503,0,6.99117688712121,0.0,1,1086.0,1,1190676021.0,1216736438834.96,0,1,1,0
IND,2008,3.6205232354017,3.6205232354017,27.81242153110673,8.371585467367755,3.08669805950082,53.3682204392226,8.34926704907575,22.946355172683106,-0.1554864,0,6.988413181999592,0.0,1,1083.0,1,1207930964.0,1198895139005.92,0,1,1,0
IND,2009,2.65159033235479,2.65159033235479,27.9250987061341,8.43280670983525,7.8618888330338,46.2728696428837,10.8823529411764,22.892050679293856,-0.0934347,0,7.017506142941256,0.0,1,1115.0,1,1225524753.0,1341888016994.9,0,1,1,0
IND,2010,1.6350340943491,1.6350340943491,28.147201688022804,8.499818399577364,8.49758470165625,49.2552064974161,11.9893899204245,22.995173772542444,-0.114147699999999,0,6.9363427358340495,0.0,1,1028.0,1,1243481564.0,1675615519484.96,0,1,1,1
IND,2011,2.0020634629993,2.0020634629993,28.231533042320507,8.53673590018249,5.24131620024293,55.6238800135298,8.9117933648336,23.12365513335786,-0.0726295,0,6.0867747269123065,0.0,1,439.0,1,1261224954.0,1823051829894.55,0,1,1,1
IND,2012,1.31293453035323,1.31293453035323,28.234045314606547,8.576122631845719,5.45638755164772,55.7937217287511,9.47899691419793,23.15654754021896,-0.0887591,0,6.0330862217988015,0.0,1,416.0,1,1278674502.0,1827637590410.41,0,1,1,1
IND,2013,1.5162764665975,1.5162764665975,28.24983341808204,8.624700392249503,6.38610640091713,53.8441319466777,10.0178784746104,23.18834673292883,-0.0587027,0,6.042632833682381,0.0,1,420.0,1,1295829511.0,1856721507621.58,0,1,1,1
IND,2014,1.69565958990806,1.69565958990806,28.343542635589493,8.683572710188054,7.41022760516977,48.9221857470669,6.66565671867899,23.215703359688696,-0.0134938,0,6.198478716492308,0.0,1,491.0,1,1312277191.0,2039126479154.52,0,1,1,1
IND,2015,2.09211521443253,2.09211521443253,28.37466574529629,8.748570507214504,7.99625378567987,41.9229138658647,4.90697344127249,23.158567390990875,0.3968483,0,6.284134161070802,0.0,1,535.0,1,1328024498.0,2103588360044.94,0,1,1,1
IND,2016,1.9373641224439,1.9373641224439,28.46166545254542,8.815985639211323,8.25630550176662,40.082485713276,4.94821634062134,23.178143987552737,0.3761225,0,6.548219102762372,0.0,1,697.0,1,1343944296.0,2294796885663.16,0,1,1,1
IND,2017,1.50731583255894,1.50731583255894,28.606136926803075,8.870106190966709,6.79538341902422,40.7424969545225,3.32817337461305,23.24284563363741,0.3527821,0,6.630683385642372,0.0,1,757.0,1,1359657400.0,2651474262755.45,0,1,1,1
IND,2018,1.55821483801456,1.55821483801456,28.625357353157383,8.921674584842592,6.45385134495295,43.6169693323889,3.93882646691643,23.31428075058325,0.5015296,0,6.747586526829315,0.0,1,851.0,1,1374659064.0,2702929641648.74,0,1,1,1
IND,2019,1.78482633957161,1.78482633957161,28.673276877356702,8.949258210518808,3.87143694070524,39.9054035306442,3.72950573539123,23.327798790285485,0.5054858,0,6.473890696352274,0.0,1,647.0,1,1389030312.0,2835606256558.19,0,1,1,1
IND,2020,2.40620322673636,2.40620322673636,28.614915010096915,8.880010259769668,-5.77772470687303,37.7581053292768,6.6234367762853,23.30350630943508,0.3492894,0,6.480044561926653,0.0,1,651.0,1,1402617695.0,2674851578587.27,0,1,1,1
IND,2021,1.41217101040888,1.41217101040888,28.78389133081648,8.964268081907903,9.68959249191741,45.4230887840446,5.13140747176364,23.4438358848513,0.2400136,0,6.068425588244111,0.0,1,431.0,1,1414203896.0,3167270623260.47,0,1,1,1
IND,2022,1.53665241748393,1.53665241748393,28.809657186556787,9.029703569562734,7.6093649776932,50.6979382758042,6.69903414079858,23.480076570713507,0.3392526,0,5.739792912179234,0.0,1,310.0,1,1425423212.0,3249938492013.47,0,1,1,1
IND,2023,0.802254995836756,0.802254995836756,28.884042916822423,9.090492111270386,7.210224629335,46.3229520582338,5.64914318907925,23.505617545168526,0.422603,0,7.552762084214147,0.0,1,1905.0,1,1438069596.0,3500906030644.76,0,1,1,1
IND,2024,0.721648483526777,0.721648483526777,28.955656398467845,9.150171104580217,7.09927893176518,45.9166907678748,4.95303550973661,23.543755834987383,0.4046051,0,6.084499413075172,0.0,1,438.0,1,1450935791.0,3760813470500.86,0,1,1,1
IRN,1996,0.0215939791939169,0.0215939791939169,25.51411802614373,9.306560092352576,6.35052601873645,35.2212991546042,28.9373440168137,22.461374411027567,-0.2701396,0,5.950642552587727,0.0,1,383.0,1,62881300.0,120403931885.441,0,1,1,0
IRN,1997,0.0465242180580812,0.0465242180580812,25.45875494101881,9.30798602581416,1.3503992743003,32.6495581116416,17.3492257538708,22.447396683790164,,0,3.6635616461296463,0.0,1,38.0,1,63639638.0,113919163421.155,0,0,0,0
IRN,1998,0.0217633947743042,0.0217633947743042,25.42626043361444,9.314836222146166,2.08001178027133,29.2282196463134,17.8661342130398,22.43890353401919,-0.5448568,0,0.0,1.0,0,0.0,0,64519859.0,110276913362.508,0,1,1,0
IRN,1999,0.0307426231739111,0.0307426231739111,25.458134015734604,9.320422280922797,2.00269623253435,34.8854141345934,20.0707078146866,22.46373759917661,,0,3.367295829986474,0.0,1,28.0,1,65445391.0,113848450088.351,0,0,0,0
IRN,2000,0.0355866340456932,0.0355866340456932,25.42002754985916,9.362470881870944,5.84552747578209,41.2572474638031,14.4767513188567,22.488696175782334,-0.5434034,0,3.713572066704308,0.0,1,40.0,1,66418659.0,109591707802.216,0,1,1,0
IRN,2001,0.321660450664957,0.321660450664957,25.566497745288416,9.370672685316269,2.39217271207868,40.535566479523,11.2742471332117,22.479840092213948,,0,5.723585101952381,0.0,1,305.0,1,67452005.0,126878750295.944,0,0,0,0
IRN,2002,2.73611498145264,2.73611498145264,25.580181938695784,9.440105551078224,8.07882927975243,48.1726865520657,14.3359337378404,22.532919804082525,-0.718369599999999,0,4.663439094112067,1.0,0,105.0,0,68011317.0,128626917503.72,0,1,1,0
IRN,2003,1.89418626211609,1.89418626211609,25.74656212215692,9.511884682549123,8.6392983972006,50.6791057753261,16.4680116244792,22.67316526048023,-0.7233853,0,0.0,2.0,0,0.0,0,68769340.0,151911222119.488,0,1,1,0
IRN,2004,1.61769687939769,1.61769687939769,25.958401474818444,9.53294513464085,4.33666597851041,51.3138573265888,14.7615086970672,22.812208031757148,-0.6691357,0,5.6240175061873385,3.0,0,276.0,0,70256316.0,187754571247.666,0,1,1,0
IRN,2005,1.28425430112768,1.28425430112768,26.1392345474784,9.542214504124722,3.18980408728824,54.4404952635536,13.433118008508,22.903791582325844,-0.74235,0,6.0063531596017325,0.0,1,405.0,1,71828455.0,224970371324.67,0,1,1,0
IRN,2006,0.872560020177082,0.872560020177082,26.305265490221263,9.5694583091173,4.99979526181222,53.1673587143845,10.0158982511924,22.999450079148424,-0.7346343,0,6.008813185442595,0.0,1,406.0,1,73392747.0,265602187403.643,0,1,1,0
IRN,2007,0.5769461352122,0.5769461352122,26.58044611332374,9.631509771975862,8.15577352358517,49.8873069225934,17.3410404624277,23.14371434591916,-0.728764499999999,0,6.621405651764134,0.0,1,750.0,1,74602648.0,349736591832.418,0,1,1,0
IRN,2008,0.487596567096289,0.487596567096289,26.72979373387644,9.621870427860134,0.250856553493634,48.2294027741438,25.4105090311987,23.26285498209972,-0.7500004,0,4.804021044733257,0.0,1,121.0,1,75514204.0,406070949553.875,0,1,1,0
IRN,2009,0.720530462050838,0.720530462050838,26.749274542008,9.619475368778868,1.00738545790475,43.6995802243585,13.5515548281506,23.183149689218563,-0.745877999999999,0,4.897839799950911,0.0,1,133.0,1,76457825.0,414059094949.063,0,1,1,0
IRN,2010,0.74916862626536,0.74916862626536,26.91167280498792,9.66331947605785,5.79793830169604,43.7706437371399,10.0893629287979,23.277455177275588,-0.6340289,0,4.31748811353631,0.0,1,74.0,1,77420842.0,487069570463.768,0,1,1,1
IRN,2011,0.679834574763516,0.679834574763516,27.167527860092363,9.677074041849986,2.6457179180628,41.2194147918578,26.2933856738608,23.40099258184773,-0.536930599999999,0,5.493061443340548,0.0,1,242.0,1,78383598.0,629082257472.368,0,1,1,1
IRN,2012,0.723850091355471,0.723850091355471,27.19099455484253,9.626369142326416,-3.74717139864109,44.0893466807452,27.2568127242908,23.42271519623838,-0.5324399,0,0.0,1.0,0,0.0,0,79370580.0,644019315003.54,0,1,1,1
IRN,2013,0.609501593960532,0.609501593960532,26.93867329547492,9.597963289907833,-1.52197920494184,47.0867179194755,36.6030355191029,23.459578286105256,-0.5687029,0,0.0,2.0,0,0.0,0,80414686.0,500399839839.877,0,1,1,1
IRN,2014,0.45545387401938,0.45545387401938,26.859446973782507,9.633177153442125,4.98477506709476,45.3514201413161,16.6065532357449,23.48275293900065,-0.2574672,0,0.0,3.0,0,0.0,0,81502045.0,462284793280.825,0,1,1,1
IRN,2015,0.500987695412685,0.500987695412685,26.737449554338216,9.605209866575397,-1.42488493937503,39.42258866118,12.4846815611533,23.39560242069657,-0.191803399999999,0,0.0,4.0,0,0.0,0,82619362.0,409191686496.677,0,1,1,1
IRN,2016,0.70452835935243,0.70452835935243,26.89416875694654,9.6753548135302,8.8150866425182,39.8772417738866,7.24542548952979,23.406507905334426,-0.2031626,0,3.4339872044851463,0.0,1,30.0,1,83812228.0,478618064870.999,0,1,1,1
IRN,2017,0.983654956177998,0.983654956177998,26.958146831321425,9.690787262694942,3.02685468694025,43.1556931383906,8.04492437660278,23.472481968155268,-0.1973883,0,3.332204510175204,0.0,1,27.0,1,85026754.0,510239893417.645,0,1,1,1
IRN,2018,0.576106085876311,0.576106085876311,26.744054458764257,9.639834777136846,-3.74796015711334,56.6153496142829,18.0141183371874,23.54259269972972,-0.2727406,0,6.920671504248683,0.0,1,1012.0,1,86117998.0,411903303606.044,0,1,1,1
IRN,2019,0.433347777066285,0.433347777066285,26.57543498558495,9.60515396365901,-2.36143538770575,48.5917712137038,39.9073455697784,23.555997361537564,-0.4172702,0,3.4657359027997265,0.0,1,31.0,1,87051648.0,347988400957.999,0,1,1,1
IRN,2020,0.47769170946132,0.47769170946132,26.361386775336328,9.6409262640029,4.44180865358672,43.8844674905013,30.5941390387295,23.51605082549033,-0.7071428,0,6.208590026096629,0.0,1,496.0,1,87723443.0,280934329279.723,0,1,1,1
IRN,2021,0.34982143161472,0.34982143161472,26.73294028673426,9.673094516945095,4.13089685034471,42.672379536261,43.3890162681514,23.65872711492305,-0.6566521,0,3.4339872044851463,0.0,1,30.0,1,88455488.0,407350685583.335,0,1,1,1
IRN,2022,0.354893288694741,0.354893288694741,26.76983926096327,9.703691872524631,4.35281087521344,48.9183508223052,43.4884641742179,23.711915445048497,-0.7076616,0,0.0,0.0,1,0.0,1,89524246.0,422662261525.665,0,1,1,1
IRN,2023,0.310885408088419,0.310885408088419,26.84906563356887,9.74360146842565,5.33235116079808,49.3935500960203,44.5791857572797,23.74485313942001,-0.7402272,0,3.555348061489413,0.0,1,34.0,1,90608707.0,457510482317.483,0,1,1,1
IRN,2024,0.304914200880697,0.304914200880697,26.88711121433983,9.769049006517884,3.66312057949303,52.0621306794348,32.455871402917,23.7893280968966,-0.7061233,0,10.035173493361505,0.0,1,22814.0,1,91567738.0,475252089215.416,0,1,1,1
IRQ,1996,-0.0191111519736746,-0.0191111519736746,23.06830665684181,8.76707523279483,11.0207856442117,0.0268884829090311,-16.1173257510572,22.55112039616052,-1.8244459,0,4.454347296253507,0.0,1,85.0,1,21501321.0,10433698621.3427,0,1,0,0
IRQ,1997,0.0055526507929693,0.0055526507929693,23.756527830132548,8.928737087665425,21.2379361287918,106.188169939941,23.0631996788727,22.533613999862176,,0,4.204692619390966,0.0,1,66.0,1,22176593.0,20764857056.3795,0,0,0,0
IRQ,1998,0.0358338015096771,0.0358338015096771,23.749401461070903,9.197430798892686,35.0009676191703,132.243160520961,14.7687735575529,22.528269602730585,-2.09916309999999,0,3.332204510175204,0.0,1,27.0,1,22884399.0,20617405044.2425,0,1,1,0
IRQ,1999,,,24.33097866158504,9.327043157171412,17.5801703743879,138.314601242921,12.5777623393436,22.5461589602301,,0,0.0,1.0,0,0.0,0,23636527.0,36881601583.8194,0,0,0,0
IRQ,2000,-6.61645727484025e-05,-6.61645727484025e-05,24.602026760895704,9.44952766699085,16.7961344439661,125.336595640904,4.97896213183731,22.563837669837262,-2.0977097,0,0.0,2.0,0,0.0,0,24424056.0,48364250943.9051,0,1,0,0
IRQ,2001,-0.0183987197639496,-0.0183987197639496,24.31167364230535,9.435849794815756,1.76660876568174,126.780255976775,16.3740814963262,22.56063668720793,,0,0.0,3.0,0,0.0,0,25197840.0,36176430128.8057,0,0,0,0
IRQ,2002,-0.0009900252023457,-0.0009900252023457,24.217603004581697,9.318661049332189,-8.20370481187175,119.762047746987,19.316694601979,22.61456027412456,-2.20348469999999,0,0.0,4.0,0,0.0,0,26006559.0,32928454672.4246,0,1,0,0
IRQ,2003,4.56171717525217,4.56171717525217,23.81073689677401,8.831906409421391,-36.6567804383165,154.234525288266,33.6162105992383,22.760984291065515,-2.0070061,0,0.0,5.0,0,0.0,0,26802659.0,21921569478.8163,0,1,1,0
IRQ,2004,0.818918786960291,0.818918786960291,24.32423357987508,9.231178061498197,53.3855472887501,120.233977121676,26.9619068193271,22.90105410861061,-1.5863173,0,0.0,6.0,0,0.0,0,27577878.0,36633669269.3981,0,1,1,0
IRQ,2005,1.02925980764254,1.02925980764254,24.63659008874248,9.218154141281776,1.67522863586828,115.742540308642,36.9594809201871,22.99410265164092,-1.93431469999999,0,0.0,7.0,0,0.0,0,28407448.0,50065104667.8159,0,1,1,0
IRQ,2006,0.587900739517653,0.587900739517653,24.89991288881072,9.265672307764715,5.63829915220637,89.6505198581778,53.230962911428,23.089938351591723,-1.8349607,0,0.0,8.0,0,0.0,0,28616515.0,65147051918.0219,0,1,1,0
IRQ,2007,1.09391286623188,1.09391286623188,25.210069712050768,9.292272011622678,1.88853936243953,74.092853105498,-10.0674925768978,23.23692203333158,-1.6317277,0,0.0,9.0,0,0.0,0,28391607.0,88837057319.5179,0,1,1,0
IRQ,2008,1.40995173662765,1.40995173662765,25.60314253184051,9.351139929265686,8.22810710383277,81.0555432665835,12.6628528269228,23.35494339070883,-1.22924639999999,0,0.0,10.0,0,0.0,0,28971036.0,131614434153.505,0,1,1,0
IRQ,2009,1.43142990859109,1.43142990859109,25.43870270658053,9.34753535349614,3.37929909442771,78.6873788189898,6.87361547212555,23.27603489076227,-1.0843867,0,0.0,11.0,0,0.0,0,30058206.0,111657580326.315,0,1,1,0
IRQ,2010,1.00796493975113,1.00796493975113,25.654256896437328,9.377280997628167,6.40256484471193,73.4974796202443,2.42986826837753,23.36745052865764,-1.17899359999999,0,0.0,12.0,0,0.0,0,31045366.0,138516722649.573,0,1,1,1
IRQ,2011,1.12086339764167,1.12086339764167,25.94766571405244,9.414715688181769,7.546471200426,72.1713282233655,5.6040514426601,23.492730541212325,-1.1846155,0,0.0,13.0,0,0.0,0,32161424.0,185749664444.444,0,1,1,1
IRQ,2012,1.55961531280073,1.55961531280073,26.10777225806307,9.499796948181908,13.9364301737537,73.6086845912812,6.0890964159516,23.50872732793917,-1.1168342,0,0.0,14.0,0,0.0,0,33654842.0,218002476129.472,0,1,1,1
IRQ,2013,-0.995279210263068,-0.995279210263068,26.18130835331833,9.5260945873547,7.62828592298754,67.4100184095672,1.87949800749416,23.53132985072964,-1.07101239999999,0,0.0,15.0,0,0.0,0,35281989.0,234637675128.645,0,1,0,0
IRQ,2014,-4.45521124532956,-4.45521124532956,26.154432859554834,9.513168863697029,2.26368817563613,68.9824868569036,2.23597407904726,23.550037350300062,-0.9609496,0,5.220355825078324,0.0,1,184.0,1,36550059.0,228415656174.957,0,1,0,0
IRQ,2015,-4.54159235443502,-4.54159235443502,25.839906068770592,9.511631460181764,2.60676642939541,69.5917685983115,1.39333028780268,23.4612249469821,-1.0793082,0,6.643789733147672,0.0,1,767.0,1,37560535.0,166774104959.102,0,1,0,0
IRQ,2016,-3.75180911604806,-3.75180911604806,25.83972288679895,9.6168777093381,13.7873730187089,54.588320188677,0.556521397155548,23.476880274735368,-1.09191939999999,0,5.87493073085203,0.0,1,355.0,1,38469627.0,166743557747.671,0,1,0,0
IRQ,2017,-2.68799428357231,-2.68799428357231,25.95553773441791,9.576207090102232,-1.81975035118309,59.7809123923157,0.184058898847553,23.53924355912407,-1.09181669999999,0,6.210600077024653,0.0,1,497.0,1,39337353.0,187217660050.676,0,1,0,0
IRQ,2018,-2.14854834807913,-2.14854834807913,26.14983335189052,9.57888113715568,2.63385099105624,65.8017917701083,0.367441488936828,23.596922277973952,-1.0744668,0,6.523562306149512,0.0,1,680.0,1,40265624.0,227367469034.031,0,1,0,0
IRQ,2019,-1.31640616709339,-1.31640616709339,26.17703060421709,9.60980250035998,5.5137905789381,68.9899384202806,-0.198965380023882,23.60447696596253,-1.1066349,0,6.45833828334479,0.0,1,637.0,1,41192171.0,233636097800.338,0,1,0,0
IRQ,2020,-1.58049696252586,-1.58049696252586,25.921203582099885,9.459357071104856,-12.0367930960454,57.742316395146,0.574162679425856,23.562824268945167,-1.21784199999999,0,6.269096283706261,0.0,1,527.0,1,42116605.0,180898797516.874,0,1,0,0
IRQ,2021,-1.25770209772783,-1.25770209772783,26.06890536550008,9.451854433479586,1.5021807095434,61.5032683117218,6.04186489058043,23.71113507884264,-1.2310377,0,4.727387818712341,0.0,1,112.0,1,43071211.0,209691945713.103,0,1,0,0
IRQ,2022,-0.726653366772653,-0.726653366772653,26.384044188449423,9.505499252061304,7.95904804990212,68.75879409409,4.9947659638103,23.76140702171935,-1.223854,0,5.44673737166631,0.0,1,231.0,1,44070551.0,287372232137.931,0,1,0,0
IRQ,2023,-1.99474822313262,-1.99474822313262,26.31753493155596,9.488148063349998,0.517705525140073,69.4613207990167,4.35835351089595,23.79818480150435,-1.3398894,0,0.0,1.0,0,0.0,0,45074049.0,268881051643.549,0,1,0,0
IRQ,2024,-2.73525447039729,-2.73525447039729,26.3567733958458,9.451327230492462,-1.54525198319173,77.1389393108395,2.6116961151764,23.84333428186909,-1.1018847,0,0.0,2.0,0,0.0,0,46042015.0,279641257615.385,0,1,0,0
ISR,1996,1.21432092892405,1.21432092892405,25.46864966829796,10.321964218878051,5.83892253875895,58.1637958325213,11.4585122831129,22.634402202285937,1.3619807,0,5.093750200806762,0.0,1,162.0,1,5692000.0,115051957577.467,0,1,1,0
ISR,1997,1.36846430796266,1.36846430796266,25.505655444839647,10.332446499770771,3.61026597240067,57.6014513298969,8.95499383477184,22.619825041626505,,0,0.0,0.0,1,0.0,1,5836000.0,119389303067.2,0,0,0,0
ISR,1998,1.44220082706734,1.44220082706734,25.51465546680165,10.349778084593137,4.1019344139424,56.9416656287884,5.48875371339656,22.624967031255224,1.3774284,0,0.0,0.0,1,0.0,1,5971000.0,120468659245.809,0,1,1,0
ISR,1999,3.4204450621951,3.4204450621951,25.52177367942468,10.35666822760674,3.28835789304527,64.7865126543191,5.18975459299983,22.6401967117502,,0,0.0,0.0,1,0.0,1,6125000.0,121329240041.549,0,0,0,0
ISR,2000,5.89949838299584,5.89949838299584,25.63893017965926,10.412668060698245,8.59152200608253,68.3981650564852,1.03263640999489,22.64956998922546,1.4483316,0,4.653960350157523,0.0,1,104.0,1,6289000.0,136409902631.643,0,1,1,0
ISR,2001,1.3131522258027,1.3131522258027,25.627719237213142,10.391797950696866,0.270471415054473,62.1915859412765,1.12302839116721,22.64251250060713,,0,6.066108090103747,0.0,1,430.0,1,6439000.0,134889159474.047,0,0,0,0
ISR,2002,1.26381649811692,1.26381649811692,25.553305788325435,10.37012739301649,-0.152880392675172,65.5319511383591,5.80234589468429,22.6991027127074,1.493446,0,6.419994928147142,0.0,1,613.0,1,6570000.0,125215963105.239,0,1,1,0
ISR,2003,2.53049066402201,2.53049066402201,25.600589811841164,10.366315862849683,1.43455918035305,66.9479946684859,0.70763061681807,22.84554572318189,1.4410103,0,5.733341276897746,0.0,1,308.0,1,6689700.0,131278887815.375,0,1,1,0
ISR,2004,2.10605044907695,2.10605044907695,25.664375424949103,10.394085582100754,4.64944459908543,75.0388690350775,-0.421595034547416,22.984895059931954,1.3780584,0,6.650279048587422,0.0,1,772.0,1,6809000.0,139925423025.435,0,1,1,0
ISR,2005,3.27012530253451,3.27012530253451,25.71604964268897,10.419061626535788,4.35256427740218,78.416693799205,1.34070328119492,23.07296677771792,1.4177286,0,4.820281565605037,0.0,1,123.0,1,6930100.0,147346035831.272,0,1,1,0
ISR,2006,9.0705160460163,9.0705160460163,25.79032252224721,10.455787142508456,5.59106550120008,78.5311825907368,2.05407914587443,23.16554893980088,1.2719866,1,7.408530566894626,0.0,1,1649.0,2,7053700.0,158706516001.616,0,1,1,0
ISR,2007,4.76993944503941,4.76993944503941,25.940638202156656,10.499244192416953,6.31307137087018,78.9364099576763,0.466226972936065,23.310899010262645,1.1804772,0,5.6240175061873385,0.0,1,276.0,1,7180100.0,184448882451.742,0,1,1,0
ISR,2008,4.64995928220569,4.64995928220569,26.12121345835884,10.513130288114136,3.2158134842205,75.4761705381509,4.52744765138651,23.429783627650743,1.2768979,0,6.505784060128229,0.0,1,668.0,1,7308800.0,220952472408.027,0,1,1,0
ISR,2009,2.16172057771712,2.16172057771712,26.085086734187826,10.501356121545784,1.22017480850096,61.7597291545045,3.3676231727125,23.35491161396312,1.2296943,0,6.546785410760524,0.0,1,696.0,1,7485600.0,213112649594.385,0,1,1,0
ISR,2010,2.91791645550029,2.91791645550029,26.201288246593684,10.537053028841108,5.54470607068944,65.717030394986,2.70270270270273,23.43682162343533,1.3031018,0,3.332204510175204,0.0,1,27.0,1,7623600.0,239372857534.485,0,1,1,1
ISR,2011,3.23187455100204,3.23187455100204,26.313279779318776,10.572240209924615,5.51341969081251,69.0009721692523,3.48837209302323,23.54907344471064,1.3431697,1,7.156176637480615,0.0,1,1281.0,2,7765800.0,267739352609.375,0,1,1,1
ISR,2012,3.42638899025665,3.42638899025665,26.29607404328421,10.577592266005004,2.40993765217618,70.0759039186632,1.67553715750052,23.56200873244441,1.3000012,1,10.834193878644593,0.0,1,50725.0,2,7910500.0,263172104090.976,0,1,1,1
ISR,2013,3.9732882944923,3.9732882944923,26.42051140831441,10.599018780927064,4.09013743330735,64.2271703557815,1.58976347421476,23.591211579633107,1.2984187,1,11.21031924606004,0.0,1,73888.0,2,8059500.0,298045324735.571,0,1,1,1
ISR,2014,1.92409260277085,1.92409260277085,26.473857978840943,10.616330224573222,3.718144149431,61.8390527979395,0.467557251908503,23.612003054896835,1.3011387,1,11.31030731890096,0.0,1,81658.0,2,8215700.0,314376760832.047,0,1,1,1
ISR,2015,3.7432820780929,3.7432820780929,26.43647438049247,10.618631004263952,2.23599889603805,59.0201557126784,-0.617342577642765,23.52657458616136,1.4633523,1,11.023649307900758,0.0,1,61306.0,2,8380100.0,302841190257.708,0,1,1,1
ISR,2016,3.73360294740648,3.73360294740648,26.494968467308272,10.643389023846844,4.53601939236572,57.9533051643572,-0.535168195718695,23.53822429006868,1.526777,1,10.90718458340795,0.0,1,54566.0,2,8546000.0,321083954798.337,0,1,1,1
ISR,2017,4.72701516315835,4.72701516315835,26.60201179979649,10.66652418889426,4.34394518932547,56.4519373834561,0.249807840123008,23.58738728917433,1.545783,1,10.484473366207745,0.0,1,35755.0,2,8713300.0,357360816856.642,0,1,1,1
ISR,2018,5.73001193313582,5.73001193313582,26.651445536058567,10.686992959674605,4.05349952888294,58.8734013354625,0.805060379528526,23.64846678677254,1.397369,1,9.55414281969224,0.0,1,14102.0,2,8882800.0,375470422244.408,0,1,1,1
ISR,2019,4.34923898223678,4.34923898223678,26.71274784783155,10.70306743443329,3.57898762923605,56.5281618447823,0.817645940292794,23.660067492734587,1.5693245,1,9.001592700945706,0.0,1,8115.0,2,9054000.0,399207771081.611,0,1,1,1
ISR,2020,5.10300458684,5.10300458684,26.741637371669785,10.667245597569492,-1.80206927953466,51.1403984551453,-0.575254620897756,23.62195866948938,1.1657244,1,8.65259782842244,0.0,1,5724.0,2,9215100.0,410908899711.272,0,1,1,1
ISR,2021,3.86941902029446,3.86941902029446,26.91713030558712,10.739676092743007,9.33534690236249,54.8184036562688,1.47965474722561,23.757505767559863,1.5896737,0,7.734121303328305,0.0,1,2284.0,1,9371400.0,489735019666.026,0,1,1,1
ISR,2022,4.35745092445992,4.35745092445992,26.986964913742,10.78171007225928,6.36407234798706,60.6358428266501,4.41162725488371,23.80631764880514,1.5237704,0,6.958448393297656,0.0,1,1051.0,1,9557500.0,525157951212.871,0,1,1,1
ISR,2023,3.14968991459396,3.14968991459396,26.964308241046528,10.772083721395443,2.06272504731618,57.977782328645,4.22522603168918,23.843243962826104,1.3569151,1,10.26077730743986,0.0,1,28588.0,2,9849000.0,513393395491.904,0,1,1,1
ISR,2024,2.7251194069041,2.7251194069041,27.01905659825997,10.766139582086527,0.953618469238535,54.3822563777332,3.07480889805025,23.8899227730121,1.1726244,1,10.918337725098906,0.0,1,55178.0,2,10002200.0,542284494490.778,0,1,1,1
ITA,1996,0.269927027891048,0.269927027891048,27.90468781196009,10.73657576661562,1.34558477192847,42.8020490474117,4.0069766898104,23.146218632991697,0.7278188,0,0.0,30.0,0,0.0,0,56860281.0,1314776508972.27,0,1,1,0
ITA,1997,0.296168797044085,0.296168797044085,27.850147148967867,10.755120835852154,1.92572122608527,44.4771651978702,2.04310779750136,23.10036686439459,,0,0.0,30.0,0,0.0,0,56890372.0,1244988176443.84,0,0,0,0
ITA,1998,0.207433276751061,0.207433276751061,27.87218514824095,10.772715972445772,1.8043732818638,44.997874273345,1.95508557719381,23.118168672489062,0.5762609,0,0.0,30.0,0,0.0,0,56906744.0,1272729786996.77,0,1,1,0
ITA,1999,0.553126854699131,0.553126854699131,27.85816046258006,10.789188452333333,1.67799157943422,44.5298402267013,1.66345995007714,23.12489444516286,,0,0.0,30.0,0,0.0,0,56916317.0,1255004736463.98,0,0,0,0
ITA,2000,1.14581409094162,1.14581409094162,27.77048854836546,10.826821821193285,3.88209885062652,50.2747311455639,2.53768532095002,23.09538283046228,0.7494275,0,0.0,30.0,0,0.0,0,56942108.0,1149661363439.38,0,1,1,0
ITA,2001,1.26941636801649,1.26941636801649,27.78976820646181,10.846075276480828,2.00643329837733,49.8632723203495,2.78516542713554,23.099932460394903,,0,0.0,30.0,0,0.0,0,56976981.0,1172041488805.87,0,0,0,0
ITA,2002,1.34499006490549,1.34499006490549,27.87924453845525,10.846792393603504,0.26992966378873,47.8713186791542,2.46532319171165,23.16820334913105,0.7774041,0,0.0,30.0,0,0.0,0,57089824.0,1281746271196.04,0,1,1,0
ITA,2003,1.23649728851371,1.23649728851371,28.090298686462173,10.842053510243156,0.0665538088732092,45.9940859777074,2.6725555277285,23.33293763008467,0.5560185,0,0.0,30.0,0,0.0,0,57399184.0,1582930016538.82,0,1,1,0
ITA,2004,1.10881762156492,1.10881762156492,28.22589855581328,10.849240050567987,1.4740217064723,47.2663923891771,2.20673661423657,23.470001481322768,0.3632507,0,0.0,30.0,0,0.0,0,57828179.0,1812808753294.75,0,1,1,0
ITA,2005,1.9711754818286,1.9711754818286,28.25427265760475,10.850998706964672,0.762410677306491,49.1221742288618,1.9852929852798,23.534641507288107,0.4420055,0,0.0,30.0,0,0.0,0,58166682.0,1864982261286.85,0,1,1,0
ITA,2006,2.91006549515942,2.91006549515942,28.30323249112517,10.86483272315239,1.79947992234244,52.9235429597012,2.09084391012754,23.61180436739806,0.3090963,0,0.0,30.0,0,0.0,0,58399861.0,1958563654385.64,0,1,1,0
ITA,2007,2.9684958153757,2.9684958153757,28.42966465157717,10.873265790160357,1.46229205289291,54.8280415572531,1.82974112202403,23.751514805259458,0.1999166,0,0.0,30.0,0,0.0,0,58756247.0,2222524108127.65,0,1,1,0
ITA,2008,-0.393031898243063,-0.393031898243063,28.51375854480025,10.855268791634892,-1.02313851177097,54.2142548956671,3.34783258401022,23.84893145203405,0.26155,0,0.0,30.0,0,0.0,0,59211181.0,2417508414187.19,0,1,0,0
ITA,2009,0.751632233908177,0.751632233908177,28.42378026441696,10.794960693519632,-5.30515401233991,45.1414765721604,0.774768131387381,23.75943990404865,0.3589566,0,0.0,30.0,0,0.0,0,59555454.0,2209484319012.65,0,1,1,0
ITA,2010,0.462974196548407,0.462974196548407,28.394130949701434,10.805713759320811,1.52910573247101,51.6621118138339,1.52551602118248,23.80271926150556,0.3361573,0,0.0,30.0,0,0.0,0,59819407.0,2144936254535.0,0,1,1,1
ITA,2011,1.49396922230512,1.49396922230512,28.466957833798936,10.8091826468475,0.695463154440176,54.4722149449288,2.78063272879323,23.902934484170206,0.275086,0,0.0,30.0,0,0.0,0,60026841.0,2306974020278.21,0,1,1,1
ITA,2012,0.0016635941816029,0.0016635941816029,28.371972019580905,10.774696352896743,-3.12523877282996,54.8844952702204,3.04136333226775,23.88554933957776,0.4071077,0,0.0,30.0,0,0.0,0,60191247.0,2097929495121.68,0,1,1,1
ITA,2013,0.907076904789878,0.907076904789878,28.397988104456868,10.754351081171569,-1.81802510749792,54.0341846317499,1.21999342274306,23.92302248829428,0.4695114,0,0.0,30.0,0,0.0,0,60311613.0,2153225581941.46,0,1,1,1
ITA,2014,0.783743281747353,0.783743281747353,28.407247393348865,10.754186432704262,-0.0013876173045446,54.4545299332032,0.241047429826756,23.949626589842783,0.3588429,0,0.0,30.0,0,0.0,0,60320707.0,2173255507985.84,0,1,1,1
ITA,2015,0.720886367724088,0.720886367724088,28.24373237130293,10.764515554358685,0.885667635240807,55.4356858148221,0.0387903996579733,23.847080704431256,0.3701946,0,0.0,30.0,0,0.0,0,60229605.0,1845428048839.1,0,1,1,1
ITA,2016,1.35957350873308,1.35957350873308,28.26606830383127,10.77870288191205,1.23622108511661,54.4321467018313,-0.09401665691575,23.85591878646688,0.4338893,0,0.0,30.0,0,0.0,0,60115223.0,1887111188176.93,0,1,1,1
ITA,2017,0.44334154868577,0.44334154868577,28.309420533151776,10.79649365639052,1.60369995294101,57.5829940274911,1.22653316645812,23.9120402212493,0.3879336,0,0.0,30.0,0,0.0,0,60002252.0,1970720904584.71,0,1,1,1
ITA,2018,2.10769610409512,2.10769610409512,28.37268950375829,10.806812089272023,0.826646712344115,59.2749835128154,1.13748763600391,23.97986114711964,0.4350955,0,0.0,30.0,0,0.0,0,59877221.0,2099435266458.67,0,1,1,1
ITA,2019,1.77066894209208,1.77066894209208,28.33392395323722,10.813571660115295,0.429162533780342,58.6941902594738,0.611246943765304,23.981238616348566,0.4586098,0,0.0,30.0,0,0.0,0,59729081.0,2019606796583.53,0,1,1,1
ITA,2020,-0.893869914296462,-0.893869914296462,28.276804688695083,10.72557900249005,-8.86822122185345,53.9394839042764,-0.13770757391651,23.95494204633861,0.5477288,0,0.0,30.0,0,0.0,0,59438851.0,1907481094079.23,0,1,0,0
ITA,2021,1.20474315612308,1.20474315612308,28.409982520074063,10.816280040909026,8.93106210800055,60.3019776202798,1.87378325762481,24.084467642009457,0.574774,0,0.0,30.0,0,0.0,0,59133173.0,2179207773596.09,0,1,1,1
ITA,2022,2.94181405797187,2.94181405797187,28.37489355397537,10.86538868280361,4.82117669913565,72.0165023032697,8.20128991161718,24.1014202023785,0.7178718,0,0.0,30.0,0,0.0,0,59013667.0,2104067630319.46,0,1,1,1
ITA,2023,1.81363348239025,1.81363348239025,28.471243560073887,10.87507350916204,0.922796543670316,65.1028419441908,5.62219442195901,24.16383361486492,0.8533467,0,0.0,30.0,0,0.0,0,58984216.0,2316882296366.32,0,1,1,1
ITA,2024,1.19623307999136,1.19623307999136,28.49956407638553,10.883407789485068,0.783039135276795,62.5926144915658,0.982373023061417,24.209778875201263,0.7922891,0,0.0,30.0,0,0.0,0,58952704.0,2383435562458.12,0,1,1,1
JAM,1996,1.83529866886737,1.83529866886737,22.723920080205463,9.22497911208844,-0.113731205844019,,26.4066566074043,22.456581400555443,-0.0324486,0,0.0,30.0,0,0.0,0,2524463.0,7393891920.80358,0,0,0,0
JAM,1997,1.85356222176268,1.85356222176268,22.851502509872464,9.204288267745593,-1.14045987350366,,9.65755261268595,22.48516650891246,,0,0.0,30.0,0,0.0,0,2547848.0,8400041723.54861,0,0,0,0
JAM,1998,3.66556082099311,3.66556082099311,22.89656145592256,9.17211181985438,-2.33455353946911,,8.63189613012144,22.509982925259536,-0.0366506,0,0.0,30.0,0,0.0,0,2569736.0,8787195622.43502,0,0,0,0
JAM,1999,5.34147521194183,5.34147521194183,22.907861897771504,9.174758505723553,1.04767386709968,,5.95423949113006,22.546084398464355,,0,0.0,30.0,0,0.0,0,2589795.0,8887057997.36228,0,0,0,0
JAM,2000,4.65960017463684,4.65960017463684,22.92105297545209,9.176568957858777,0.87870355044231,,8.17108356120225,22.594197476384224,-0.0732758,0,0.0,30.0,0,0.0,0,2607826.0,9005064474.93003,0,0,0,0
JAM,2001,6.26989738675835,6.26989738675835,22.94189609489884,9.183592097010417,1.34492956615135,,6.8019093078759,22.608541931085096,,0,0.0,30.0,0,0.0,0,2624403.0,9194727831.07318,0,0,0,0
JAM,2002,4.56630894573429,4.56630894573429,22.997349546403967,9.197226045811178,1.99729094191295,,7.07635009310985,22.63959401998951,-0.1277929,0,0.0,30.0,0,0.0,0,2640572.0,9719009494.84779,0,0,0,0
JAM,2003,7.2479637433656,7.2479637433656,22.96718683368324,9.22717290902808,3.66631759041991,,10.0869565217391,22.72178609942128,-0.12582,0,0.0,30.0,0,0.0,0,2656623.0,9430234810.78586,0,0,0,0
JAM,2004,5.49763452709418,5.49763452709418,23.043166629545627,9.234467621880434,1.32372510450574,,13.5545023696682,22.82285777511483,-0.0669283,0,0.0,30.0,0,0.0,0,2672225.0,10174664853.9476,0,0,0,0
JAM,2005,5.67333342894728,5.67333342894728,23.14308855268297,9.237827460598773,0.893797935409893,,15.0528658875905,22.90480588819509,-0.298197,0,0.0,30.0,0,0.0,0,2687066.0,11243865777.7131,0,0,0,0
JAM,2006,7.06060472344707,7.06060472344707,23.20233708466909,9.261246082128782,2.89912534481287,,8.56106408706157,22.983560075960828,0.1152721,0,0.0,30.0,0,0.0,0,2700968.0,11930179089.8855,0,0,0,0
JAM,2007,6.34318590681939,6.34318590681939,23.27267976107009,9.27072442677876,1.43195403769627,,9.24482067275562,23.081450980984457,0.0841003,0,0.0,30.0,0,0.0,0,2713800.0,12799600047.1845,0,0,0,0
JAM,2008,10.0413036123443,10.0413036123443,23.34134767676203,9.258222372790064,-0.811736702186792,,22.0228384991843,23.153408058499057,0.1234829,0,0.0,30.0,0,0.0,0,2725635.0,13709401520.0326,0,0,0,0
JAM,2009,4.00285728105842,4.00285728105842,23.21816061512669,9.20963782478671,-4.34530185828071,,9.59224598930482,23.103738357757628,0.1987236,0,0.0,30.0,0,0.0,0,2736995.0,12120458114.8318,0,0,0,0
JAM,2010,1.4052035043033,1.4052035043033,23.305038267195407,9.190739700547972,-1.45714720850386,,12.6105519975603,23.18103286728278,0.1785637,0,0.0,30.0,0,0.0,0,2748568.0,13220549908.2494,0,0,0,0
JAM,2011,1.19599317121359,1.19599317121359,23.39359073840913,9.203565857631512,1.73037627006349,,7.555856465809,23.25943871364429,0.165791,0,0.0,30.0,0,0.0,0,2760494.0,14444661522.1463,0,0,0,0
JAM,2012,2.79145695894721,2.79145695894721,23.418371724437613,9.193096049640774,-0.613636042132399,,6.87397708674309,23.286064145565923,0.1538521,0,0.0,30.0,0,0.0,0,2772430.0,14807086555.5283,0,0,0,0
JAM,2013,3.81898294324016,3.81898294324016,23.381019099948173,9.19420743984294,0.517686011311724,,9.34150076569673,23.31235031186321,0.2032651,0,0.0,30.0,0,0.0,0,2783687.0,14264205152.6126,0,0,0,0
JAM,2014,4.18835617241287,4.18835617241287,23.35509839347916,9.197473866104511,0.689822359762587,,8.27407886231419,23.33893838325861,0.4521342,0,0.0,30.0,0,0.0,0,2793749.0,13899217679.9219,0,0,0,0
JAM,2015,6.18152374482186,6.18152374482186,23.42888574832485,9.203506952974797,0.92148712399856,,3.69154228855725,23.297382653208704,0.4342705,0,0.0,30.0,0,0.0,0,2802534.0,14963589915.5912,0,0,0,0
JAM,2016,6.22844979056863,6.22844979056863,23.424559917048686,9.228106971956668,2.76043761369557,,2.35102197485846,23.311084736949542,0.4750324,0,0.0,30.0,0,0.0,0,2809915.0,14898999754.1229,0,0,0,0
JAM,2017,5.63139063640052,5.63139063640052,23.4822362011541,9.248698965771707,2.29303371291363,,4.37839864991561,23.367116846408127,0.4596789,0,0.0,30.0,0,0.0,0,2815764.0,15783583236.675,0,0,0,0
JAM,2018,4.59566903085149,4.59566903085149,23.547939764111742,9.272008494187723,2.51584458612513,,3.73663882152163,23.41997209595876,0.4999179,0,0.0,30.0,0,0.0,0,2820097.0,16855447986.2221,0,0,0,0
JAM,2019,3.90817004443178,3.90817004443178,23.5580232390683,9.28881619479874,1.80943147301357,,3.90510000865872,23.44156417642072,0.5016204,0,0.0,30.0,0,0.0,0,2823271.0,17026269262.5307,0,0,0,0
JAM,2020,1.76731178461616,1.76731178461616,23.431330319029573,9.199478528112389,-8.30441923583135,,5.2267777929352,23.40901008836886,0.3867314,0,0.0,30.0,0,0.0,0,2830739.0,15000214216.2439,0,0,0,0
JAM,2021,2.00753132739669,2.00753132739669,23.493594843973927,9.252507794810604,5.70467978309095,,5.86278242801063,23.52206289680648,0.3396406,0,0.0,30.0,0,0.0,0,2837682.0,15963885376.3537,0,0,0,0
JAM,2022,1.69418617103882,1.69418617103882,23.65784142744148,9.314397432272932,6.43930323656186,,10.3495688391272,23.588665423296053,0.2544889,0,0.0,30.0,0,0.0,0,2839144.0,18813516805.214,0,0,0,0
JAM,2023,2.29897230060895,2.29897230060895,23.7875347768066,9.3412644218881,2.74634433906714,,6.47413734662063,23.647447207532487,0.1649969,0,0.0,30.0,0,0.0,0,2839786.0,21418797832.8216,0,0,0,0
JAM,2024,1.38581611857042,1.38581611857042,23.81496394127317,9.336114846856251,-0.535039063867487,,5.41194447981659,23.69335011592904,0.1712622,0,0.0,30.0,0,0.0,0,2839175.0,22014429050.9995,0,0,0,0
JOR,1996,0.223959605831094,0.223959605831094,22.65876534370064,9.035466859969098,2.08702078168048,131.059123299943,6.50121802679586,22.75146024908,0.2009393,0,4.574710978503383,6.0,0,96.0,0,4912516.0,6927503526.09309,0,1,1,0
JOR,1997,4.9812158137543,4.9812158137543,22.703693239020616,9.041149998226595,3.30847538304697,120.737112880307,3.0378842030025,22.74339926478748,,0,4.48863636973214,7.0,0,88.0,0,5046285.0,7245839210.15515,0,0,0,0
JOR,1998,3.9181432493137,3.9181432493137,22.79168065767164,9.047712836351309,3.0121726904659,109.052402937716,3.09166666666703,22.74737175625153,0.0652065,0,4.007333185232471,8.0,0,54.0,0,5164284.0,7912270803.94922,0,1,1,0
JOR,1999,1.93828634719554,1.93828634719554,22.821275111172568,9.059560439359796,3.38953079405096,104.470373639306,0.606256567779427,22.761994012493385,,0,3.737669618283368,9.0,0,41.0,0,5276444.0,8149929478.13822,0,0,0,0
JOR,2000,10.7940053678297,10.7940053678297,22.8587083684822,9.080414932645224,4.24571192079151,110.328904595996,0.66688092559796,22.787672309538017,-0.1715824,0,3.332204510175204,10.0,0,27.0,0,5386945.0,8460789844.8519,0,1,1,0
JOR,2001,3.04850514227071,3.04850514227071,22.91779953631788,9.111204274684455,5.26995757513606,109.285478573786,1.77220437351017,22.779389775184907,,0,0.0,11.0,0,0.0,0,5498894.0,8975814652.8196,0,0,0,0
JOR,2002,2.48601734100151,2.48601734100151,22.98320545913481,9.146347114554551,5.78380792679309,114.03885781572,1.83299389002049,22.81739630395324,-0.1530624,0,0.0,12.0,0,0.0,0,5616066.0,9582510578.27927,0,1,1,0
JOR,2003,5.36472671434697,5.36472671434697,23.045224803037613,9.164974908716037,4.16166755544363,115.706835253918,1.62999999999998,22.951604106167583,0.0946268,0,0.0,13.0,0,0.0,0,5741828.0,10195627644.5698,0,1,1,0
JOR,2004,8.2092227069918,8.2092227069918,23.15790556273405,9.223044605841276,8.56721424236906,134.621611934395,3.36186821476601,23.082675896383567,0.0497677,0,0.0,14.0,0,0.0,0,5882061.0,11411706629.055,0,1,1,0
JOR,2005,15.7636461414358,15.7636461414358,23.256089141693256,9.27659077914292,8.1465948107994,146.908891279018,3.49368534619531,23.16723827071935,-0.079024,0,0.0,15.0,0,0.0,0,6029587.0,12588998589.5628,0,1,1,0
JOR,2006,23.5372913427131,23.5372913427131,23.43510761853509,9.290525259707024,8.09297527811921,141.747381831126,6.25172466656443,23.25734877885672,0.0988902,0,7.408530566894626,16.0,0,1649.0,0,6427371.0,15056981664.3159,0,1,1,0
JOR,2007,15.3248262609959,15.3248262609959,23.56295447890992,9.308763176867714,8.17616995204655,145.994246288526,4.74390639021648,23.40349376906392,0.1912328,0,0.0,17.0,0,0.0,0,6827227.0,17110437235.543,0,1,1,0
JOR,2008,11.0197500384043,11.0197500384043,23.96787259684416,9.354936595218287,7.22038637280149,,13.9712310012729,23.52656685143652,0.1884765,0,0.0,18.0,0,0.0,0,6989866.0,25651620830.6149,0,0,0,0
JOR,2009,8.78688730340838,8.78688730340838,24.03608713618405,9.38334042836755,5.11667226950634,,-0.739069743144777,23.45365073218272,0.2225533,0,0.0,19.0,0,0.0,0,7141753.0,27462496197.1831,0,0,0,0
JOR,2010,5.59019642688163,5.59019642688163,24.13119959555825,9.38786477503836,2.6377158262256,,4.84551875852116,23.54071968994761,0.0759657,0,0.0,20.0,0,0.0,0,7297043.0,30202773521.1268,0,0,0,0
JOR,2011,4.5528280155948,4.5528280155948,24.20881329927252,9.39170282823702,2.90729315392207,,4.1624416292779,23.654930010019093,0.1349915,0,0.0,21.0,0,0.0,0,7480424.0,32640291549.2958,0,0,0,0
JOR,2012,4.4426748997237,4.4426748997237,24.27443425839193,9.4013013134475,2.40465716535539,,4.5152295667099,23.66350049374533,0.2203515,0,0.0,22.0,0,0.0,0,7587127.0,34854017887.3239,0,0,0,0
JOR,2013,5.1397527233423,5.1397527233423,24.35751387760412,9.37620411668606,2.72311205964112,,4.82462314269537,23.703295006202705,0.2411636,0,11.16360909448382,23.0,0,70516.0,0,7991809.0,37873362957.7465,0,0,0,0
JOR,2014,5.37423314588782,5.37423314588782,24.425434067640413,9.313500618203184,3.32287328047509,,2.89947905006057,23.72741592554741,0.3808336,0,10.969645517650628,0.0,1,58083.0,1,8791710.0,40535098591.5493,0,0,0,0
JOR,2015,3.77477904735167,3.77477904735167,24.470273842537026,9.256234024371448,2.52261671092148,,-0.876851359704049,23.64535127393344,0.3820942,0,4.343805421853684,0.0,1,76.0,1,9544729.0,42394049295.7747,0,0,0,0
JOR,2016,3.554614581726,3.554614581726,24.500350717506475,9.229898312384233,2.11166806967252,,-0.778430463054142,23.66351737631904,0.3625455,0,0.0,1.0,0,0.0,0,10006367.0,43688498732.3944,0,0,0,0
JOR,2017,4.45743038303198,4.45743038303198,24.54176059005036,9.232150079933144,2.50770398070352,,3.32389447576097,23.72368788702214,0.2771646,0,9.41548287218084,0.0,1,12276.0,1,10234226.0,45535614366.1972,0,0,0,0
JOR,2018,2.01309678009089,2.01309678009089,24.582644117796143,9.228477381196829,1.85383415616927,,4.46231108475481,23.78372295763725,0.089873,0,0.0,1.0,0,0.0,0,10462306.0,47435850422.5352,0,0,0,0
JOR,2019,1.50023479065386,1.50023479065386,24.60771770375824,9.227036104570852,1.85633006592765,,0.761514047265601,23.8021456357214,0.011123,0,0.0,2.0,0,0.0,0,10671891.0,48640273802.8169,0,0,0,0
JOR,2020,1.58617483665323,1.58617483665323,24.59304439885982,9.197489092010496,-1.15257534158022,,0.333294350628378,23.77275380945339,0.1138845,0,0.0,3.0,0,0.0,0,10865228.0,47931770985.9155,0,0,0,0
JOR,2021,1.22641995478769,1.22641995478769,24.64924975347292,9.215980548844966,3.75201276755828,,1.34609377243118,23.91749190319102,0.1228638,0,0.0,4.0,0,0.0,0,11066356.0,50702940985.9155,0,0,0,0
JOR,2022,1.79856207883079,1.79856207883079,24.70326389201899,9.226063500908287,2.7468615450031,,4.22915568897117,23.97070185852405,0.1428514,0,0.0,5.0,0,0.0,0,11256263.0,53516930140.8451,0,0,0,0
JOR,2023,3.57486440635924,3.57486440635924,24.75081995970155,9.240751451570231,3.12900102017251,,2.08486986327134,23.99717146090905,0.3908884,0,10.200959051807608,6.0,0,26928.0,0,11439213.0,56123472112.6761,0,0,0,0
JOR,2024,2.78862682935517,2.78862682935517,24.794314145839028,9.25610361050916,2.55605891810194,,1.55659611283953,24.0453048621448,0.2162114,0,10.164235126247704,7.0,0,25957.0,0,11552876.0,58618380563.3803,0,0,0,0
JPN,1996,-0.0007608093299746,-0.0007608093299746,29.244738183473125,10.5769871043639,3.07546731409349,17.8974380473791,0.136600358575909,22.058691081110258,1.1249252,0,0.0,30.0,0,0.0,0,125757000.0,5021441618840.38,0,1,0,0
JPN,1997,0.0543024907216003,0.0543024907216003,29.15267225121307,10.588142054076735,1.36297109407448,19.4062642232127,1.74780458692133,22.06538393584773,,0,0.0,30.0,0,0.0,0,126057000.0,4579780793431.57,0,0,0,0
JPN,1998,0.0605254118559516,0.0605254118559516,29.05421597085476,10.567539354343978,-1.77264091037956,18.7651112452697,0.661974191385911,22.02280633805933,1.1788166,0,0.0,30.0,0,0.0,0,126400000.0,4150359076370.48,0,1,1,0
JPN,1999,0.315217790582754,0.315217790582754,29.176236926413058,10.562231431277636,-0.347600398675738,17.9207503513808,-0.341296928327554,22.07869078747597,,0,0.0,30.0,0,0.0,0,126631000.0,4688983449627.24,0,0,0,0
JPN,2000,0.211966659175493,0.211966659175493,29.24889967335068,10.589907037030793,2.97832688768516,19.2751936529389,-0.676578683595175,22.13057486798424,1.4003303,0,0.0,30.0,0,0.0,0,126843000.0,5042381838343.44,0,1,1,0
JPN,2001,0.110976878146313,0.110976878146313,29.121403551810648,10.590339554286114,0.284608556379041,19.2772303804527,-0.740055504162738,22.14727086680205,,0,0.0,30.0,0,0.0,0,127149000.0,4438792748062.4,0,0,0,0
JPN,2002,0.272197790665394,0.272197790665394,29.076985992219804,10.588863809515066,0.0849888050363319,20.1432481553025,-0.923494026942321,22.21875193876483,1.3101354,0,0.0,30.0,0,0.0,0,127445000.0,4245946980572.3,0,1,1,0
JPN,2003,0.191794076237143,0.191794076237143,29.151280914429503,10.60043072577986,1.38010935830795,21.0750119103347,-0.256541816316025,22.33964901609428,1.2980431,0,0.0,30.0,0,0.0,0,127718000.0,4573413206709.02,0,1,1,0
JPN,2004,0.152341816004989,0.152341816004989,29.228687034297028,10.62100345350854,2.11294823723127,23.4324185456932,-0.0085733882031027,22.47048498009325,1.3168605,0,0.0,30.0,0,0.0,0,127761000.0,4941485123806.53,0,1,1,0
JPN,2005,0.111977275601545,0.111977275601545,29.21527423437594,10.639223614637432,1.8482813374834,25.9909279228382,-0.282946068764391,22.58128209444328,1.4051026,0,0.0,30.0,0,0.0,0,127773000.0,4875648486366.14,0,1,1,0
JPN,2006,-0.0515679721801721,-0.0515679721801721,29.167470814121373,10.653934627888273,1.54630843078741,29.714872929485,0.249355116079085,22.69503323817808,1.4570228,0,0.0,30.0,0,0.0,0,127854000.0,4648058930707.24,0,1,0,0
JPN,2007,0.467735072888992,0.467735072888992,29.162426171843045,10.669921665030335,1.72837912865577,32.4957200262739,0.060039454498669,22.846792993603486,1.2948017,0,0.0,30.0,0,0.0,0,128001000.0,4624670179654.96,0,1,1,0
JPN,2008,0.477207449449493,0.477207449449493,29.271995907071098,10.657702605858567,-1.16662209355141,33.7738026089171,1.3800788616492,22.947117909188613,1.2899509,0,0.0,30.0,0,0.0,0,128063000.0,5160197175876.43,0,1,1,0
JPN,2009,0.229098901311457,0.229098901311457,29.305640910796946,10.596633393603696,-5.9359411383964,24.1730393019729,-1.35283672951719,22.917364816040187,1.3261157,0,0.0,30.0,0,0.0,0,128047000.0,5336765697589.29,0,1,1,0
JPN,2010,0.128037155210339,0.128037155210339,29.39087326943664,10.63698571720916,4.13645589222239,28.2400150860666,-0.728243207517779,23.04425433733192,1.3323082,0,0.0,30.0,0,0.0,0,128070000.0,5811578109447.07,0,1,1,1
JPN,2011,-0.0135476953217396,-0.0135476953217396,29.46829914157882,10.63683239369146,-0.20035785332982,29.9713853558472,-0.27245561610124,23.18099576787438,1.3314858,0,0.0,30.0,0,0.0,0,127833000.0,6279422550218.7,0,1,0,0
JPN,2012,0.008635611369413,0.008635611369413,29.47692210821187,10.65478437272828,1.64893452981225,30.174299547803,-0.0440645104432602,23.23374528710942,1.3144799,0,0.0,30.0,0,0.0,0,127629000.0,6333803928787.76,0,1,1,1
JPN,2013,0.201969683435447,0.201969683435447,29.293487253991685,10.67600301785473,1.99727653399265,33.5913694460807,0.335037912184741,23.302127499320555,1.4512486,0,0.0,30.0,0,0.0,0,127445000.0,5272297037396.96,0,1,1,1
JPN,2014,0.396173028620197,0.396173028620197,29.23760762488505,10.68634832694488,0.905915486065865,36.7643250218282,2.75922671353253,23.356691253375782,1.7731694,0,0.0,30.0,0,0.0,0,127276000.0,4985763289560.81,0,1,1,1
JPN,2015,0.115829519336403,0.115829519336403,29.14272239480789,10.705249272592528,1.79997735783475,34.7276305886293,0.795279630579839,23.343243069300183,1.7060508,0,0.0,30.0,0,0.0,0,127141000.0,4534438580494.94,0,1,1,1
JPN,2016,0.801395644123668,0.801395644123668,29.26229045571318,10.712785777577947,0.704986495111257,30.6562793068554,-0.127258844489754,23.358377157166405,1.8137387,0,0.0,30.0,0,0.0,0,127076000.0,5110357383254.44,0,1,1,1
JPN,2017,0.37319148031924,0.37319148031924,29.248076269709703,10.729708656274562,1.62345062245441,33.6888336792782,0.484199796126385,23.436152108426057,1.7125133,0,0.0,30.0,0,0.0,0,126972000.0,5038231631660.71,0,1,1,1
JPN,2018,0.490646618599307,0.490646618599307,29.270851215597684,10.739284297879648,0.834143845965585,35.8035749582494,0.989094598021848,23.520473098686384,1.8248998,0,0.0,30.0,0,0.0,0,126811000.0,5154293721629.56,0,1,1,1
JPN,2019,0.761769170240795,0.761769170240795,29.28844029412463,10.737599210120193,-0.308496921143259,34.3582972799989,0.46877615938395,23.53650687990525,1.8365282,0,0.0,30.0,0,0.0,0,126633000.0,5245755000479.03,0,1,1,1
JPN,2020,1.20605775501323,1.20605775501323,29.277600185284136,10.69676397214068,-4.28327942675573,30.5192226892273,-0.024995834027731,23.53106892185317,1.8051167,0,0.0,30.0,0,0.0,0,126261000.0,5189197543645.38,0,1,1,1
JPN,2021,0.67025659122188,0.67025659122188,29.28465456207984,10.73638497533082,3.56419531474475,35.4253927340539,-0.233352779398264,23.68753126107879,1.653038,0,0.0,30.0,0,0.0,0,125681593.0,5225933520753.1,0,1,1,1
JPN,2022,1.08260095152642,1.08260095152642,29.123470323787608,10.754052084685291,1.33164750653741,44.86063102004,2.49770278172255,23.71015015396552,2.0307507,0,0.0,30.0,0,0.0,0,125124989.0,4447976207314.78,0,1,1,1
JPN,2023,0.456297698647986,0.456297698647986,29.10917750744033,10.766107793133138,0.720785304749811,43.5950833802735,3.26813365933163,23.73453997701249,1.9883877,0,0.0,30.0,0,0.0,0,124516650.0,4384854269961.93,0,1,1,1
JPN,2024,0.450454817292247,0.450454817292247,29.06372380412288,10.768060581122787,-0.240084236041696,44.8529388577573,2.73853681635241,23.76998947315868,2.0879101,0,0.0,30.0,0,0.0,0,123975371.0,4190008188358.57,0,1,1,1
KAZ,1996,5.40518494342609,5.40518494342609,23.769470570097013,9.292605413654334,0.500000002073506,71.2735732877076,39.1825423654111,22.42938565210475,-1.36183379999999,0,0.0,30.0,0,0.0,0,16416027.0,21035357936.8796,0,1,1,0
KAZ,1997,5.96140056843242,5.96140056843242,23.8218223553744,9.332432381740242,1.69999999949513,72.3595506961877,17.4080410607357,22.411387179665333,,0,0.0,30.0,0,0.0,0,16043251.0,22165932062.966,0,0,0,0
KAZ,1998,5.20165904469805,5.20165904469805,23.82043699443407,9.338208451605706,-1.89999999942479,65.2041827454395,7.14632665452334,22.394248660638706,-1.08275069999999,0,0.0,30.0,0,0.0,0,15647785.0,22135245507.3656,0,1,1,0
KAZ,1999,9.40677610871111,9.40677610871111,23.548851172270645,9.377190630691112,2.69999999784199,82.579151355772,8.29602765342564,22.42492208396668,,0,0.0,30.0,0,0.0,0,15455874.0,16870817181.7799,0,0,0,0
KAZ,2000,7.49246609878753,7.49246609878753,23.629729132247643,9.4677589163773,9.80000000214156,105.699692634521,13.1808905865731,22.45157890108825,-1.0960203,0,0.0,30.0,0,0.0,0,15501103.0,18291990662.0356,0,1,1,0
KAZ,2001,12.7154903277303,12.7154903277303,23.82122473373784,9.58960037292893,13.4999999984358,92.8490685069707,8.35413777161344,22.445668927773653,,0,0.0,30.0,0,0.0,0,15575550.0,22152689179.8815,0,0,0,0
KAZ,2002,10.5066901062522,10.5066901062522,23.92749891930657,9.677895621698015,9.79999999960842,94.03168564978,5.83692452105643,22.495341759204067,-1.12966219999999,0,0.0,30.0,0,0.0,0,15656677.0,24636598527.4437,0,1,1,0
KAZ,2003,8.05370034022495,8.05370034022495,24.151873854353845,9.761045300034096,9.30000000033759,91.4633324250457,6.4382181011894,22.6295371404228,-1.1338646,0,0.0,30.0,0,0.0,0,15747380.0,30833692900.1091,0,1,1,0
KAZ,2004,13.0128589220718,13.0128589220718,24.487986422985188,9.846206958981425,9.60000000136854,96.4091997009336,6.88205438981899,22.76257821286373,-0.9256831,0,0.0,30.0,0,0.0,0,15850159.0,43151647002.6096,0,1,1,0
KAZ,2005,4.45711144385218,4.45711144385218,24.76848443396739,9.93137162538961,9.69999999922682,97.7625030243024,7.57999929125766,22.84716790638822,-0.947066899999999,0,0.0,30.0,0,0.0,0,15968117.0,57123671733.8952,0,1,1,0
KAZ,2006,9.39605595950726,9.39605595950726,25.1177627019624,10.02456927300079,10.7,91.4535267973373,8.72169386091726,22.93702126584937,-0.9172701,0,0.0,30.0,0,0.0,0,16103716.0,81003864630.018,0,1,1,0
KAZ,2007,11.4190297456091,11.4190297456091,25.375795784168844,10.10034242103769,8.89999999999405,92.1616330969975,10.8468362075557,23.07850398525898,-0.9265416,0,0.0,30.0,0,0.0,0,16257214.0,104849915058.376,0,1,1,0
KAZ,2008,12.6039290016987,12.6039290016987,25.616930131985168,10.122448953571338,3.30000000021091,94.2948046483658,17.139899777207,23.19039804059622,-0.8344328,0,0.0,30.0,0,0.0,0,16426525.0,133441648851.982,0,1,1,0
KAZ,2009,12.3805834457831,12.3805834457831,25.470878603459504,10.122677407322897,1.19999999942873,75.7660674636533,7.31607858288578,23.128268815034907,-0.7609,0,0.0,30.0,0,0.0,0,16619846.0,115308686941.38,0,1,1,0
KAZ,2010,5.03630628288047,5.03630628288047,25.720797980091746,10.1801658335006,7.30000000329814,74.1382658957842,7.40046356341396,23.22616484403085,-0.7934049,0,0.0,30.0,0,0.0,0,16836810.0,148047348240.643,0,1,1,1
KAZ,2011,7.14351039762779,7.14351039762779,25.98401873402084,10.238035093235556,7.40000000144188,73.1178570509129,8.4529046617679,23.35086031277229,-0.749787,0,0.0,30.0,0,0.0,0,17066002.0,192626464617.071,0,1,1,1
KAZ,2012,6.56164821145973,6.56164821145973,26.06079703617112,10.270947589186736,4.79999999528297,73.7237324891671,5.19568369035073,23.37560212419817,-0.6199698,0,0.0,30.0,0,0.0,0,17306106.0,207998568865.789,0,1,1,1
KAZ,2013,4.23069709209016,4.23069709209016,26.18978303058247,10.314851518858822,5.99999999671084,65.4076093299538,5.94283871648418,23.405956916471823,-0.5895608,0,0.0,30.0,0,0.0,0,17556502.0,236634603409.089,0,1,1,1
KAZ,2014,3.3006311188168,3.3006311188168,26.123307376845805,10.341304901190492,4.20000000566705,64.9720346513507,6.84944977003358,23.43122159547838,-0.006638,0,0.0,30.0,0,0.0,0,17816285.0,221415613595.469,0,1,1,1
KAZ,2015,3.56737402233377,3.56737402233377,25.94031026488812,10.33830948407862,1.20000000053288,53.0497288072652,6.67828585615236,23.361457824943454,-0.011417,0,0.0,30.0,0,0.0,0,18084169.0,184388404706.042,0,1,1,1
KAZ,2016,12.5466202801438,12.5466202801438,25.645276235462084,10.333915894371502,1.09999999910173,60.3115965864153,14.3610942386248,23.380748545745263,-0.1075078,0,0.0,30.0,0,0.0,0,18363600.0,137278320084.171,0,1,1,1
KAZ,2017,2.85205738000704,2.85205738000704,25.84009603146809,10.358518448827873,4.10000000257358,56.825387935971,7.44266321306792,23.448688412256185,0.012276,0,0.0,30.0,0,0.0,0,18651931.0,166805788827.233,0,1,1,1
KAZ,2018,0.196995426846668,0.196995426846668,25.91254915807243,10.383757906100136,4.09999999309841,63.5279565118188,6.16366247577762,23.51469420545903,-0.1036204,0,0.0,30.0,0,0.0,0,18932727.0,179339977690.485,0,1,1,1
KAZ,2019,2.05367649290766,2.05367649290766,25.92544219534757,10.41325899193008,4.50000000091883,64.8586165517565,5.33356098916669,23.528707121043883,0.0590993,0,0.0,30.0,0,0.0,0,19209555.0,181667184854.501,0,1,1,1
KAZ,2020,4.21199990309163,4.21199990309163,25.86541094918672,10.373852027603563,-2.49999999628,57.0264423660931,6.71815454861458,23.501626034628845,0.0522732,0,0.0,30.0,0,0.0,0,19482117.0,171082365861.423,0,1,1,1
KAZ,2021,2.31675874599247,2.31675874599247,26.0070392275618,10.402620631324142,4.29999999729456,58.6686085779207,8.04147134028401,23.644946134062543,0.017817,0,0.0,30.0,0,0.0,0,19743603.0,197112255360.612,0,1,1,1
KAZ,2022,2.25355434978679,2.25355434978679,26.141569716047066,10.419487610476702,3.19999999970734,68.3343147415612,15.0278644440851,23.68069190903842,0.1603392,0,0.0,30.0,0,0.0,0,20034609.0,225496328925.494,0,1,1,1
KAZ,2023,2.18589516942702,2.18589516942702,26.29099985309986,10.454588187199525,5.09999999973641,62.3342837675021,14.5275597825952,23.712354627660424,0.1520225,0,0.0,30.0,0,0.0,0,20330104.0,261840101059.923,0,1,1,1
KAZ,2024,0.71809281452939,0.71809281452939,26.39823817200421,10.490550714904,4.99999999996936,57.1613431963924,8.69082156104494,23.75387442168153,0.1467641,0,0.0,30.0,0,0.0,0,20592571.0,291480274648.826,0,1,1,1
KEN,1996,0.902159604566332,0.902159604566332,23.2119873173508,8.279293602003836,4.14683926876013,57.3121107038102,8.86408741577522,22.07871364526733,-0.2701396,0,0.0,30.0,0,0.0,0,27344211.0,12045865396.1323,0,1,1,0
KEN,1997,0.473451703489222,0.473451703489222,23.29708072979339,8.256703730534621,0.474901921293579,54.0571168602893,11.3618450505783,22.067682226610696,,0,0.0,30.0,0,0.0,0,28101768.0,13115764358.2846,0,0,0,0
KEN,1998,0.188365603434476,0.188365603434476,23.369014929811605,8.261480415111867,3.29021372249065,48.8972419400753,6.72243650753928,22.061982764683023,-0.845059599999999,0,0.0,30.0,0,0.0,0,28888057.0,14093998843.7334,0,1,1,0
KEN,1999,0.402864561234926,0.402864561234926,23.280183833765808,8.255429570119606,2.30538859522412,48.1922749889095,5.74200109520484,22.077935026068754,,0,6.52795791762255,30.0,0,683.0,0,29733408.0,12896010459.3711,0,0,0,0
KEN,2000,0.872896453431273,0.872896453431273,23.265289009246352,8.231279214420397,0.599695390807426,53.3090443862273,9.98002515350979,22.09915944628897,-0.8436062,0,0.0,30.0,0,0.0,0,30642890.0,12705350097.8044,0,1,1,0
KEN,2001,0.0408333582871574,0.0408333582871574,23.28713826286976,8.237018480753276,3.77990649795343,55.9468360286644,5.73859814341467,22.093330506587428,,0,3.258096538021482,30.0,0,25.0,0,31619170.0,12986007425.8781,0,0,0,0
KEN,2002,0.210062364887451,0.210062364887451,23.299515481787413,8.211009533374105,0.546859530175595,55.1726722640053,1.96130821739162,22.14125651025044,-0.988563499999999,0,0.0,30.0,0,0.0,0,32629808.0,13147736898.5176,0,1,1,0
KEN,2003,0.548412532071825,0.548412532071825,23.424930201918954,8.209059653521198,2.93247554570904,54.132265895729,9.81569062979654,22.278220644765028,-1.10428099999999,0,0.0,30.0,0,0.0,0,33652223.0,14904517649.8476,0,1,1,0
KEN,2004,0.286194263505208,0.286194263505208,23.50179544548759,8.227794408224575,5.10429977629738,59.4770033484289,11.6240355442426,22.41222977290182,-0.7215366,0,0.0,30.0,0,0.0,0,34713455.0,16095337093.8366,0,1,1,0
KEN,2005,0.113202068934601,0.113202068934601,23.653813808237093,8.254460107456701,5.90666607980057,64.4788661639796,10.3127783574683,22.49977455970724,-0.7229603,0,0.0,30.0,0,0.0,0,35796484.0,18737895512.7378,0,1,1,0
KEN,2006,0.196219632064752,0.196219632064752,23.9746286885139,8.286706117037511,6.47249430015484,55.2364851257303,14.4537342081708,22.590047193343803,-0.6671859,0,0.0,30.0,0,0.0,0,36904008.0,25825512284.2891,0,1,1,0
KEN,2007,2.28124317373484,2.28124317373484,24.18769448510601,8.322746650527208,6.85072976998784,53.8947888046059,9.75888023027529,22.7267476501317,-0.5239398,0,7.344072850573066,30.0,0,1546.0,0,38036349.0,31958195182.2406,0,1,1,0
KEN,2008,0.266291327300955,0.266291327300955,24.303868118531405,8.294770290555581,0.232282744812977,57.5785986473131,26.2398166445063,22.8348689846262,-0.6190145,0,0.0,30.0,0,0.0,0,39206351.0,35895153327.8497,0,1,1,0
KEN,2009,0.274534230856511,0.274534230856511,24.4691685631574,8.297093573588297,3.30693981631089,45.9451918127805,9.23412592394652,22.772869213921062,-0.6026748,0,0.0,30.0,0,0.0,0,40408891.0,42347217912.9176,0,1,1,0
KEN,2010,0.392164287395035,0.392164287395035,24.538901614164388,8.345580005910666,8.05847360290906,50.3942873502834,3.96138889115385,22.86619645495373,-0.5014835,0,0.0,30.0,0,0.0,0,41598567.0,45405615063.7551,0,1,1,1
KEN,2011,3.09471103381268,3.09471103381268,24.570632408165192,8.368021522681547,5.1211061197056,58.4022059745625,14.0224913014704,22.98061385635353,-0.530936,0,7.582738488914411,30.0,0,1963.0,0,42758461.0,46869473150.61,0,1,1,1
KEN,2012,2.44725940988928,2.44725940988928,24.755676565934547,8.386614669233468,4.56867961444982,51.6236920232481,9.37777003547598,22.998142287908863,-0.468612,0,7.881182202227102,30.0,0,2646.0,0,43888303.0,56396704671.5777,0,1,1,1
KEN,2013,1.81417037253291,1.81417037253291,24.845086782379475,8.399168650128166,3.7978483925754,47.4646425127304,5.71749357037733,23.02887072597414,-0.418693999999999,0,6.846943139585379,30.0,0,940.0,0,44986791.0,61671440407.8387,0,1,1,1
KEN,2014,1.20220842439576,1.20220842439576,24.946967624565985,8.424760210089833,5.02011100232484,46.170489362216,6.87815499275949,23.05553950175744,-0.4155586,0,7.050989447068045,30.0,0,1153.0,0,46051440.0,68285796514.2896,0,1,1,1
KEN,2015,0.883799936312692,0.883799936312692,24.973480270293965,8.450972579732056,4.96772112759767,40.3273846919019,6.58215429284779,22.98073935664737,-0.3675673,0,7.149916836132109,0.0,1,1273.0,1,47088526.0,70120446896.8359,0,1,1,1
KEN,2016,0.627591266355583,0.627591266355583,25.038286163518293,8.47016666853181,4.21351706814744,34.8650195731824,6.29724953814625,22.99218121511595,-0.316579699999999,0,3.912023005428146,0.0,1,49.0,1,48139687.0,74815144163.8931,0,1,1,1
KEN,2017,1.64083690398642,1.64083690398642,25.13043023971498,8.486086786610356,3.83795817364721,35.9950578754074,8.00564967709945,23.05837005135287,-0.3033052,0,4.454347296253507,0.0,1,85.0,1,49197766.0,82036510877.2599,0,1,1,1
KEN,2018,0.832686217791619,0.832686217791619,25.24725828786828,8.520720532377375,5.64794640709219,34.4147531767425,4.6898064677633,23.12091772168981,-0.3449543,0,4.248495242049359,0.0,1,69.0,1,50207107.0,92202979985.2863,0,1,1,1
KEN,2019,0.468168547481475,0.468168547481475,25.332213242324723,8.55095917817664,5.11415885767801,31.759461841481,5.23963795764792,23.136152501145126,-0.2914418,0,4.127134385045092,0.0,1,61.0,1,51202827.0,100378436207.371,0,1,1,1
KEN,2020,-0.0053684543935162,-0.0053684543935162,25.334989559034163,8.528608024683692,-0.272766327438816,30.3991387830411,5.40516207933392,23.100889326369447,-0.3759713,0,4.553876891600541,0.0,1,94.0,1,52217334.0,100657505750.545,0,1,0,0
KEN,2021,0.382593996518954,0.382593996518954,25.421048557408785,8.582766008827674,7.59048947333467,35.0020477795269,6.10793603659176,23.23900603294464,-0.3468069,0,4.3694478524670215,0.0,1,78.0,1,53219166.0,109703658904.994,0,1,1,1
KEN,2022,0.691645983068062,0.691645983068062,25.46339495497517,8.610992008378261,4.85998104287999,40.2753238373561,7.65986268272224,23.284223164759588,-0.3324798,0,6.732210706467206,0.0,1,838.0,1,54252461.0,114448978152.637,0,1,1,1
KEN,2023,0.472521238226254,0.472521238226254,25.400764914108294,8.646786237505259,5.71999241214208,40.9337677377556,7.67139634029402,23.321237180805586,-0.3131112,0,8.30795254527102,0.0,1,4055.0,1,55339003.0,107500884685.013,0,1,1,1
KEN,2024,0.384924569449646,0.384924569449646,25.51406491985976,8.672759781515058,4.66019594571891,40.0062529666939,4.48978854243448,23.3607061292384,-0.2978904,0,7.716015266642587,0.0,1,2243.0,1,56432944.0,120397537849.826,0,1,1,1
KGZ,1996,2.58474284700824,2.58474284700824,21.32625337328435,8.05155319779678,7.08450239536558,87.2957738051993,31.9473377218567,22.39876750281728,-0.2734013,0,0.0,30.0,0,0.0,0,4628438.0,1827570586.16784,0,1,1,0
KGZ,1997,4.74131484698084,4.74131484698084,21.29303789533106,8.13151137843699,9.91525389550945,84.4771343003418,23.4354278497005,22.382480118329912,,0,0.0,30.0,0,0.0,0,4696421.0,1767864035.71943,0,0,0,0
KGZ,1998,6.63614159249767,6.63614159249767,21.221591915770112,8.137168701154351,2.12183528473682,94.5092945286033,10.4573825846721,22.364233765522727,-0.282528799999999,0,0.0,30.0,0,0.0,0,4769015.0,1645963749.83146,0,1,1,0
KGZ,1999,3.5556936517315,3.5556936517315,20.945658295872995,8.158212085382244,3.655789399748,99.1994912194321,37.0309258369344,22.397682010389563,,0,0.0,30.0,0,0.0,0,4840422.0,1249061487.01457,0,0,0,0
KGZ,2000,-0.172311073962181,-0.172311073962181,21.03784917725998,8.199316657990684,5.44333663288322,89.4309316270309,18.7007342838023,22.42840979837513,-0.353381699999999,0,0.0,30.0,0,0.0,0,4898362.0,1369688498.06778,0,1,0,0
KGZ,2001,0.328285301673471,0.328285301673471,21.14533655247438,8.241674337776349,5.32162141190466,73.7469123687968,6.9196798942304,22.421626635992656,,0,0.0,30.0,0,0.0,0,4945073.0,1525116370.27939,0,0,0,0
KGZ,2002,0.290348679041994,0.290348679041994,21.19679020157969,8.2323158220125,-0.0173246130360667,82.9207290212667,2.13420986310243,22.46981214011676,-0.6029641,0,0.0,30.0,0,0.0,0,4990704.0,1605643104.73021,0,1,1,0
KGZ,2003,2.37334214616148,2.37334214616148,21.37507426995913,8.289772310400593,7.03029319731168,83.9327828079655,2.97461295184355,22.602698369630435,-0.6120798,0,0.0,30.0,0,0.0,0,5043308.0,1919008090.49641,0,1,1,0
KGZ,2004,7.93380357994973,7.93380357994973,21.51695249385867,8.345579496237802,7.02681242497607,93.8157321567302,4.11065084723381,22.73655199858753,-0.556242799999999,0,0.0,30.0,0,0.0,0,5104713.0,2211534585.0034,0,1,1,0
KGZ,2005,1.73012109521201,1.73012109521201,21.623527493410226,8.332538954189836,-0.175515404044219,95.0840046303638,4.3386739184431,22.82422197660987,-0.7841751,0,0.0,30.0,0,0.0,0,5162640.0,2460246766.41401,0,1,1,0
KGZ,2006,6.422443742837,6.422443742837,21.765014570447786,8.352358683735549,3.10289874199981,120.749981766273,5.55212333162542,22.917550369053096,-0.8741635,0,0.0,30.0,0,0.0,0,5218373.0,2834168889.42019,0,1,1,0
KGZ,2007,5.46786640053175,5.46786640053175,22.05894313618228,8.424795555402616,8.54287477507607,137.058387838563,10.2301032660484,23.061721860602898,-0.7425505,0,0.0,30.0,0,0.0,0,5268385.0,3802570552.56105,0,1,1,0
KGZ,2008,7.33453630196803,7.33453630196803,22.36031092205845,8.49595786544534,8.40161604861429,146.106082230139,24.5201024234102,23.175538757168024,-0.961357199999999,0,0.0,30.0,0,0.0,0,5318729.0,5139958909.17936,0,1,1,0
KGZ,2009,4.03784480909439,4.03784480909439,22.268711506867472,8.511167337813667,2.88629457537731,133.379153167955,6.83656248105368,23.120827950155498,-1.00176699999999,0,0.0,30.0,0,0.0,0,5389643.0,4690061380.60253,0,1,1,0
KGZ,2010,9.86092233978431,9.86092233978431,22.290706452590864,8.492178855095627,-0.471566596791618,133.232850492333,7.96772225579684,23.227319621995857,-0.7697326,0,0.0,30.0,0,0.0,0,5467059.0,4794361863.01353,0,1,1,1
KGZ,2011,11.0646449339785,11.0646449339785,22.54745473894939,8.53559319972112,5.95627429693504,136.179840420492,16.6363262731495,23.3549581821385,-0.8697708,0,0.0,30.0,0,0.0,0,5546587.0,6197765984.28468,0,1,1,1
KGZ,2012,3.95036874399421,3.95036874399421,22.61111440744404,8.51587118131289,-0.0881501998439376,139.675937840309,2.76844236540957,23.383629497509908,-0.8926853,0,0.0,30.0,0,0.0,0,5652076.0,6605142884.36215,0,1,1,1
KGZ,2013,8.34375023535304,8.34375023535304,22.71592785665488,8.597581799863391,10.9154694528045,134.026785643922,6.61375202358082,23.415651564317468,-0.8625472,0,0.0,30.0,0,0.0,0,5777150.0,7335033800.59056,0,1,1,1
KGZ,2014,4.59301012553734,4.59301012553734,22.733906776067258,8.61500106203323,4.02403863083252,125.126181075833,7.5342472977589,23.44301020728625,-0.8594428,0,0.0,30.0,0,0.0,0,5905848.0,7468102412.68237,0,1,1,1
KGZ,2015,17.1312307587207,17.1312307587207,22.622110959675407,8.630560149970204,3.87582544512439,110.961570714633,6.50331838993384,23.38053260249782,-0.8949145,0,0.0,30.0,0,0.0,0,6040036.0,6678177511.66313,0,1,1,1
KGZ,2016,9.08868385870298,9.08868385870298,22.64211238821704,8.650851398062777,4.33585592190116,105.823574017406,0.388838296895799,23.39846026653262,-0.8966118,0,0.0,30.0,0,0.0,0,6175338.0,6813095379.1187,0,1,1,1
KGZ,2017,-1.39184288798722,-1.39184288798722,22.76486770072928,8.676113393323506,4.73993722377884,100.617445813258,3.1753098637994,23.4670634271248,-0.713917199999999,0,0.0,30.0,0,0.0,0,6306696.0,7702938379.42036,0,1,0,0
KGZ,2018,1.74369178553725,1.74369178553725,22.83603410189911,8.691453807212344,3.75791013557165,98.8755599017608,1.54266145238436,23.53198294669144,-0.5418628,0,0.0,30.0,0,0.0,0,6444079.0,8271106235.41552,0,1,1,1
KGZ,2019,4.3096066288398,4.3096066288398,22.96091502472214,8.714009512756887,4.60062565707598,94.4302823542939,1.13362257718804,23.547152690484456,-0.670415099999999,0,0.0,30.0,0,0.0,0,6590211.0,9371275264.36735,0,1,1,1
KGZ,2020,-4.85484703138398,-4.85484703138398,22.835957008734628,8.619351771520169,-7.14897757727955,78.9922784304738,6.32542296338078,23.519976006408,-0.586251299999999,0,0.0,30.0,0,0.0,0,6726596.0,8270468614.24051,0,1,0,0
KGZ,2021,2.44569276771409,2.44569276771409,22.94779575665665,8.654600857552541,5.50700762671923,100.261376861569,11.9050398185147,23.66415806487519,-0.842252799999999,0,0.0,30.0,0,0.0,0,6851224.0,9249133946.26531,0,1,1,1
KGZ,2022,0.451992680624909,0.451992680624909,23.219353991555582,8.722543845934766,8.96750520041391,133.786718048766,13.9229093174176,23.70081742825248,-0.9984392,0,0.0,30.0,0,0.0,0,6975220.0,12134931017.9465,0,1,1,1
KGZ,2023,1.04867105609341,1.04867105609341,23.443300099435493,8.791147783614026,9.0132928339342,132.373403912336,10.7532770416742,23.73374876607602,-1.0041023,0,0.0,30.0,0,0.0,0,7099750.0,15180842369.4894,0,1,1,1
KGZ,2024,1.40593817941355,1.40593817941355,23.622577002283343,8.883304212975576,11.5397119406559,130.100743509033,4.99760701207323,23.77657157183657,-0.8885033,0,0.0,30.0,0,0.0,0,7221868.0,18161630698.9052,0,1,1,1
KHM,1996,8.37255420712081,8.37255420712081,21.97794004060276,7.404288728814663,5.89750560694478,69.161566797509,7.15086140872796,22.303218322212217,-1.0472033,0,6.670766320845874,0.0,1,788.0,1,10801270.0,3506695719.57259,0,1,1,0
KHM,1997,5.91564174870823,5.91564174870823,21.95972908050753,7.374736411689574,4.00662107873787,78.9346444583816,7.96021397777456,22.2776784731927,,0,6.030685260261263,0.0,1,415.0,1,11570982.0,3443413388.65696,0,0,0,0
KHM,1998,3.71333117712453,3.71333117712453,21.86123520852749,7.379247619602812,4.68163210426384,75.6194730009492,14.8065035437763,22.21800173085207,-1.0527655,0,5.5093883366279774,0.0,1,246.0,1,12058173.0,3120425502.66241,0,1,1,0
KHM,1999,2.90641952247495,2.90641952247495,21.98094313240484,7.481788011836394,12.7053811380498,94.1768880770207,4.00820702088782,22.276497303475608,,0,0.0,1.0,0,0.0,0,12265731.0,3517242477.2548,0,0,0,0
KHM,2000,3.20257592365608,3.20257592365608,22.03002146194365,7.5611381299376275,9.99358032292079,110.397125303731,-0.791992529473567,22.32344662059634,-1.05084169999999,0,0.0,2.0,0,0.0,0,12462336.0,3694168979.32019,0,1,1,0
KHM,2001,3.53337669089546,3.53337669089546,22.14532928088572,7.616815630850209,7.38971065070517,111.771741244001,-0.600648300123686,22.302849424546423,,0,0.0,3.0,0,0.0,0,12658484.0,4145665969.92864,0,0,0,0
KHM,2002,2.90934773211661,2.90934773211661,22.227616002435145,7.662158178499462,6.26507280509637,118.269562072288,0.211466568022607,22.346522645642285,-1.13886129999999,0,0.0,4.0,0,0.0,0,12855241.0,4501227626.62752,0,1,1,0
KHM,2003,1.61651685032136,1.61651685032136,22.341999110206974,7.744933240415811,10.2836813071691,120.074969093599,0.94174611779921,22.46302344165462,-1.1451886,0,0.0,5.0,0,0.0,0,13050968.0,5046693484.31767,0,1,1,0
KHM,2004,2.2337173477841,2.2337173477841,22.49538318317528,7.820563674570706,9.45769481103929,131.351481056276,4.31933677434786,22.58651489554412,-1.06606509999999,0,0.0,6.0,0,0.0,0,13244731.0,5883297159.87352,0,1,1,0
KHM,2005,5.36603852621255,5.36603852621255,22.678602341323604,7.930885935671458,13.3033338358455,133.551965265648,6.61525912001587,22.672399456255445,-1.2866826,0,0.0,7.0,0,0.0,0,13439202.0,7066296463.3598,0,1,1,0
KHM,2006,5.78657071926189,5.78657071926189,22.8455909685964,8.01997612056088,10.9433600681694,140.348734318483,5.81068550464306,22.764981371942344,-1.1887831,0,0.0,8.0,0,0.0,0,13639028.0,8350531016.65753,0,1,1,0
KHM,2007,8.56334609470361,8.56334609470361,23.03856145388395,8.104146658537003,10.398458101201,133.700023826819,8.70882770568049,22.903089260900504,-0.947404799999999,0,0.0,9.0,0,0.0,0,13841770.0,10127916459.8983,0,1,1,0
KHM,2008,6.69590818514056,6.69590818514056,23.2225933378811,8.161068296799264,7.47636606631011,130.393510678736,24.096851930605,23.02099995849513,-1.0035669,0,0.0,10.0,0,0.0,0,14053479.0,12174303999.0812,0,1,1,0
KHM,2009,7.42542554520067,7.42542554520067,23.249226547904133,8.18524121386047,4.07477850599065,102.2879490147,-1.24171754189637,22.998694289389512,-0.803643099999999,0,0.0,11.0,0,0.0,0,14276810.0,12502901169.7377,0,1,1,0
KHM,2010,10.169807189939,10.169807189939,23.34856273082218,8.219201491801321,5.07691843229247,109.998400607758,3.99639528107218,23.131005892042573,-0.814118,0,0.0,12.0,0,0.0,0,14500726.0,13808673288.0696,0,1,1,1
KHM,2011,9.59845134883877,9.59845134883877,23.49789135998758,8.274351681814291,7.28665813879552,109.790505166814,5.4784474961745,23.25885230645805,-0.747837299999999,0,3.4011973816621555,0.0,1,29.0,1,14722584.0,16032622023.8265,0,1,1,1
KHM,2012,11.1524912445112,11.1524912445112,23.603954009898423,8.333069261219022,7.65025657870362,116.740233418212,2.93431609293951,23.30330341132056,-0.7009489,0,0.0,1.0,0,0.0,0,14945085.0,17826536699.8016,0,1,1,1
KHM,2013,10.4430587644193,10.4430587644193,23.709308076036866,8.393758963111813,7.8574997554252,124.887552768657,2.94162509547349,23.33654703451077,-0.8143031,0,0.0,2.0,0,0.0,0,15170208.0,19807135252.8649,0,1,1,1
KHM,2014,8.40902020300656,8.40902020300656,23.8161912422512,8.455898601595665,8.00032074618566,124.454908526693,3.85568861424207,23.370048875599817,-0.5981221,0,0.0,3.0,0,0.0,0,15396772.0,22041463967.9009,0,1,1,1
KHM,2015,7.54029662001984,7.54029662001984,23.90855055997504,8.510887908230153,7.20703472529512,122.109596815379,1.22393195511119,23.33913871792724,-0.5898441,0,0.0,4.0,0,0.0,0,15623251.0,24174170369.0738,0,1,1,1
KHM,2016,9.32318507305764,9.32318507305764,24.00254207603656,8.572387500335903,7.90550116130704,122.704555602667,3.01913975139128,23.36861753018099,-0.572328,0,0.0,5.0,0,0.0,0,15852803.0,26556545153.3573,0,1,1,1
KHM,2017,9.49760203098743,9.49760203098743,24.10275141091964,8.636225447590487,8.07503915535979,121.155451298689,2.91263557371478,23.44065231604525,-0.4673244,0,0.0,6.0,0,0.0,0,16073372.0,29355665909.7905,0,1,1,1
KHM,2018,9.69240300027112,9.69240300027112,24.224184629426272,8.70791121280492,8.77622376224463,118.43765541305,2.45908515380146,23.51617766599923,-0.4851255,0,0.0,7.0,0,0.0,0,16274522.0,33145892168.8958,0,1,1,1
KHM,2019,9.98500044202808,9.98500044202808,24.32564350441806,8.771662458327297,7.93695013588524,115.736679072448,1.94257500833107,23.54131523227217,-0.5152334,0,0.0,8.0,0,0.0,0,16481304.0,36685356407.7206,0,1,1,1
KHM,2020,10.410239809326,10.410239809326,24.27340245388873,8.72075138568378,-3.55572193406549,122.105396346568,2.9402951426397,23.522129670641974,-0.5904535,0,0.0,9.0,0,0.0,0,16725474.0,34818073901.4851,0,1,1,1
KHM,2021,9.4684591111041,9.4684591111041,24.328496355290547,8.736414284699956,3.08984284148661,146.179846509715,2.92073477592949,23.65506649853941,-0.643403,0,0.0,10.0,0,0.0,0,16974305.0,36790163687.4421,0,1,1,1
KHM,2022,8.94830125779534,8.94830125779534,24.41200860570952,8.773131956322144,5.12990110773977,145.873632761406,5.34370264895437,23.68170922916099,-0.4625515,0,0.0,11.0,0,0.0,0,17201724.0,39994532959.6074,0,1,1,1
KHM,2023,9.35096701989758,9.35096701989758,24.468895284325427,8.809159863991137,5.00733043811898,134.206842395931,2.12746796594194,23.707999279168483,-0.4160661,0,0.0,12.0,0,0.0,0,17423880.0,42335646895.7984,0,1,1,1
KHM,2024,9.48089832015712,9.48089832015712,24.55954423708465,8.85531855644414,6.0158145735202,143.447009703011,0.808042016536654,23.74609508095038,-0.293501299999999,0,0.0,13.0,0,0.0,0,17638801.0,46352647037.2406,0,1,1,1
KOR,1996,0.440845029462251,0.440845029462251,27.17088363776846,10.005132009225818,7.99042982526839,51.6134521171463,4.92454354292754,22.90197087031736,0.6958007,0,0.0,30.0,0,0.0,0,45524681.0,631196863758.281,0,1,1,0
KOR,1997,0.560265757859919,0.560265757859919,27.102035809414595,10.056682436743706,6.2821926537929,55.894947743273,4.4389318457463,22.85985936820729,,0,0.0,30.0,0,0.0,0,45953580.0,589202526424.141,0,0,0,0
KOR,1998,1.50748602088878,1.50748602088878,26.707950493681988,9.998813130419702,-4.9389297463141,66.3289851108207,7.51358008079307,22.812401567102537,0.3167817,0,0.0,30.0,0,0.0,0,46286503.0,397297216492.19,0,1,1,0
KOR,1999,2.07996136312975,2.07996136312975,26.96878537440189,10.101610722470856,11.6172629559591,57.8948578896383,0.81295725444637,22.892562492586634,,0,0.0,30.0,0,0.0,0,46616677.0,515697079289.011,0,0,0,0
KOR,2000,1.92630076608706,1.92630076608706,27.115998653541087,10.18127680921135,9.2018583880479,64.0588155729056,2.25916580080157,22.95156481984205,0.6589077,0,0.0,30.0,0,0.0,0,47008111.0,597487173479.109,0,1,1,0
KOR,2001,1.14917273381718,1.14917273381718,27.06462077579169,10.219781006174069,4.72593560322356,60.4277386641693,4.06657587897792,22.89745886331148,,0,0.0,30.0,0,0.0,0,47370164.0,567564806235.441,0,0,0,0
KOR,2002,0.842304427693724,0.842304427693724,27.20026034031439,10.288589280680826,7.74399895319569,56.6688767960273,2.76226210296599,22.905872168937982,1.0191571,0,0.0,30.0,0,0.0,0,47644736.0,650014391470.21,0,1,1,0
KOR,2003,0.962229414316563,0.962229414316563,27.31427610430787,10.313690106492023,3.07472661826947,59.4242945541732,3.51487451459939,23.005123588502435,0.9613302,0,0.0,30.0,0,0.0,0,47892330.0,728516494684.269,0,1,1,0
KOR,2004,1.61486572889407,1.61486572889407,27.43652710364846,10.360264351184044,5.1836368597334,67.9270638751076,3.59066298882578,23.113420219034303,0.8638735,0,0.0,30.0,0,0.0,0,48082519.0,823251107638.814,0,1,1,0
KOR,2005,1.403996477148,1.403996477148,27.60235445549353,10.400803750904968,4.35823667337156,66.1695148242697,2.75379162735039,23.16534966381757,1.0210353,0,0.0,30.0,0,0.0,0,48184561.0,971740329983.878,0,1,1,0
KOR,2006,0.836569086676283,0.836569086676283,27.72193577548877,10.446672583321847,5.24500550580342,68.3749509402263,2.24234028518921,23.215660779335824,0.9280549,0,0.0,30.0,0,0.0,0,48438292.0,1095175538508.19,0,1,1,0
KOR,2007,0.722975995794071,0.722975995794071,27.83061915824373,10.498397127204878,5.8419633918717,71.3239614988013,2.53457382137932,23.32148976698718,1.146123,0,0.0,30.0,0,0.0,0,48683638.0,1220911904593.06,0,1,1,0
KOR,2008,1.02488987542862,1.02488987542862,27.71864793832328,10.520405524012617,3.00440451679569,92.0833544961819,4.67389655533408,23.45936315586253,0.9389247,0,0.0,30.0,0,0.0,0,49054708.0,1091580692542.34,0,1,1,0
KOR,2009,0.917731561520283,0.917731561520283,27.61394132561073,10.523423887210669,0.81986175641795,83.1246099057162,2.7564965449393,23.47153917025854,1.025545,0,0.0,30.0,0,0.0,0,49307835.0,983065242417.36,0,1,1,0
KOR,2010,0.796207328344812,0.796207328344812,27.80734976417966,10.58592888125948,6.98166138853071,88.0278677123124,2.93928652655686,23.58514943562238,1.2722652,0,0.0,30.0,0,0.0,0,49554112.0,1192830015737.68,0,1,1,1
KOR,2011,0.747683727442323,0.747683727442323,27.898834718989217,10.61445567700626,3.6880320602952,101.68061646213,4.0259650043609,23.71504939652701,1.323113,0,0.0,30.0,0,0.0,0,49936638.0,1307103477219.1,0,1,1,1
KOR,2012,0.711120351080011,0.711120351080011,27.92020974278537,10.634356074221731,2.54766550568242,101.51727207905,2.18707104433314,23.76471047753781,1.3333071,0,0.0,30.0,0,0.0,0,50199853.0,1335343586437.67,0,1,1,1
KOR,2013,0.889863368558993,0.889863368558993,27.991955755021404,10.662187782842338,3.2913959543442,94.1675235855873,1.30134754547413,23.766542457876884,1.2238913,0,0.0,30.0,0,0.0,0,50428893.0,1434669686501.84,0,1,1,1
KOR,2014,0.595893048504325,0.595893048504325,28.07330175347657,10.687547191140098,3.21468019683108,86.9342577972039,1.27477446401322,23.79679992795685,1.1863908,0,0.0,30.0,0,0.0,0,50746659.0,1556252422020.44,0,1,1,1
KOR,2015,0.266636382581676,0.266636382581676,28.062291908727914,10.711058951281682,2.92029267301234,75.3881774564907,0.70633177245575,23.77503936374686,1.1983681,0,0.0,30.0,0,0.0,0,51014947.0,1539212301135.55,0,1,1,1
KOR,2016,0.766507046338007,0.766507046338007,28.0879081721468,10.738313165624536,3.17152748983935,69.8997221316919,0.971685739912168,23.814214342784084,1.186349,0,0.0,30.0,0,0.0,0,51217803.0,1579150518945.44,0,1,1,1
KOR,2017,1.04741749331971,1.04741749331971,28.16762954222931,10.76925921353719,3.433191763972,73.1921408264016,1.94433230786366,23.872668782525444,1.1827271,0,0.0,30.0,0,0.0,0,51361911.0,1710196756713.17,0,1,1,1
KOR,2018,0.66781363782051,0.66781363782051,28.232190856799896,10.79619122634259,3.17611568177327,74.7075162140824,1.47583935002645,23.95154615409833,1.3865026,0,0.0,30.0,0,0.0,0,51585058.0,1824251454306.83,0,1,1,1
KOR,2019,0.550202642546341,0.550202642546341,28.19123429799121,10.815586872472467,2.31380210595475,71.4470632403511,0.383000303608136,23.974616741048663,1.6276354,0,0.0,30.0,0,0.0,0,51764822.0,1751045752054.63,0,1,1,1
KOR,2020,0.502554290313687,0.502554290313687,28.1872427366891,10.807181124612836,-0.700242317542106,65.544957860621,0.537288023411737,23.974149753113487,1.5914906,0,0.0,30.0,0,0.0,0,51836239.0,1744070276373.34,0,1,1,1
KOR,2021,1.13577953855347,1.13577953855347,28.29490093567121,10.853566032346718,4.61296795454287,75.3063047610912,2.49833333333339,24.11188148877745,1.6261842,0,0.0,30.0,0,0.0,0,51769539.0,1942313560965.9,0,1,1,1
KOR,2022,1.39186469730544,1.39186469730544,28.21845389425716,10.88235119184817,2.72756456708991,90.5851475278549,5.08951365062842,24.106274461222213,1.4844938,0,0.0,30.0,0,0.0,0,51672569.0,1799363116866.52,0,1,1,1
KOR,2023,1.03221435142435,1.03221435142435,28.243392492961263,10.897282576090191,1.58301467403629,82.2580090716629,3.5974562502901,24.118886124662787,1.4955907,0,0.0,30.0,0,0.0,0,51712619.0,1844800934391.54,0,1,1,1
KOR,2024,0.685857996519477,0.685857996519477,28.25983679893702,10.91637742622626,2.00361101838986,84.6424951192038,2.32174328643542,24.141632869376377,1.4867237,0,0.0,30.0,0,0.0,0,51751065.0,1875388209406.8,0,1,1,1
KWT,1996,1.10297007855258,1.10297007855258,24.173011236280413,11.045561937245749,0.605127158807079,91.4721447434007,3.55398569684287,22.4723055934496,-0.002761,0,0.0,30.0,0,0.0,0,1730246.0,31492373308.7516,0,1,1,0
KWT,1997,0.0651699660417899,0.0651699660417899,24.13606863793913,11.037337501546826,2.47332525804084,92.4435465476229,0.682191434707604,22.46079040157204,,0,0.0,30.0,0,0.0,0,1787683.0,30350190704.4361,0,0,0,0
KWT,1998,0.227661054359541,0.227661054359541,23.97919486547314,11.042122931765316,3.66205472795443,94.9598431670145,0.129658287674027,22.45234288420944,-0.3071658,0,0.0,30.0,0,0.0,0,1844302.0,25943705784.2996,0,1,1,0
KWT,1999,0.23992087080218,0.23992087080218,24.12853378424533,10.994302088857326,-1.78900912450079,85.3681145511849,2.99081035923166,22.47896989633617,,0,0.0,30.0,0,0.0,0,1900030.0,30122365849.2518,0,0,0,0
KWT,2000,0.0432141499494191,0.0432141499494191,24.353422982387865,11.011807612589704,4.69458187079211,86.618324503254,1.81294613887089,22.505584259552204,-0.3057124,0,0.0,30.0,0,0.0,0,1954709.0,37718743480.0751,0,1,1,0
KWT,2001,-0.319626515627054,-0.319626515627054,24.27545347727139,10.986980540321644,0.213332576499354,86.8504672897196,1.29999999999999,22.49967372023149,,0,0.0,30.0,0,0.0,0,2008121.0,34889559869.8326,0,0,0,0
KWT,2002,0.0094909326066186,0.0094909326066186,24.36441900663309,10.9911841019426,3.01428315192251,81.2251941328732,0.888450148074907,22.549886971940456,-0.0322085,0,0.0,30.0,0,0.0,0,2059974.0,38135788413.8276,0,1,1,0
KWT,2003,-0.140181900729054,-0.140181900729054,24.591850558176,11.127032288524395,17.3260204175143,86.5551755074577,0.961350293542112,22.688557023808222,0.1578868,0,0.0,30.0,0,0.0,0,2109881.0,47874582231.588,0,1,0,0
KWT,2004,0.0399618649631494,0.0399618649631494,24.80821793778751,11.20228945071693,10.2402980586354,89.2976416790834,1.24856443679889,22.83044558757651,0.1276102,0,0.0,30.0,0,0.0,0,2157320.0,59439090600.6108,0,1,1,0
KWT,2005,0.289490192089246,0.289490192089246,25.115225848579573,11.266946933885386,10.6090449840228,92.2426800942645,4.14297583631023,22.927265459125937,0.0907877,0,0.0,30.0,0,0.0,0,2236788.0,80798630136.9863,0,1,1,0
KWT,2006,0.119445435810722,0.119445435810722,25.34388931068269,11.28378079835275,7.51477300024021,89.7130931980522,3.05701339166722,23.02628128593236,-0.0339183,0,0.0,30.0,0,0.0,0,2364733.0,101557330723.423,0,1,1,0
KWT,2007,0.0972971788343997,0.0972971788343997,25.465010659605674,11.283194780233597,5.99157551059315,91.7325033915889,5.48494983277596,23.1749631428486,-0.0808076,0,0.0,30.0,0,0.0,0,2507887.0,114634043361.692,0,1,1,0
KWT,2008,-0.0040383793398518,-0.0040383793398518,25.716278339339944,11.252034723317534,2.47975694278544,92.6834562516721,10.5827097865144,23.298595825154266,-0.0990446,0,0.0,30.0,0,0.0,0,2651421.0,147379737229.753,0,1,0,0
KWT,2009,1.05086514387032,1.05086514387032,25.38640952804843,11.12573634952082,-7.07605643073411,88.8110649851457,4.60959548447787,23.2229908634474,0.1063085,0,0.0,30.0,0,0.0,0,2795484.0,105968691905.415,0,1,1,0
KWT,2010,1.13036730425536,1.13036730425536,25.47181095443809,11.05019476836214,-2.37054804425912,97.0280216600064,4.49640287769787,23.324327220889472,0.1289714,0,0.0,30.0,0,0.0,0,2943372.0,115416245241.742,0,1,1,1
KWT,2011,2.11573865053541,2.11573865053541,25.760473155266904,11.079747404376176,9.62863419534361,99.1164927646913,4.8394034987095,23.45614158905555,0.0334503,0,0.0,30.0,0,0.0,0,3132814.0,154039231245.856,0,1,1,1
KWT,2012,1.65046109668041,1.65046109668041,25.88259502209928,11.080730207982,6.62587485078971,101.011435104032,3.25514600287211,23.47966709621042,0.0282044,0,0.0,30.0,0,0.0,0,3337109.0,174047662680.041,0,1,1,1
KWT,2013,0.823130244872496,0.823130244872496,25.88328685668459,11.042262561204796,1.14946552780648,97.6054913328151,2.68229684085039,23.503707681305787,0.016508,0,0.0,30.0,0,0.0,0,3507844.0,174168116534.844,0,1,1,1
KWT,2014,0.298681408941651,0.298681408941651,25.81486926074865,11.00319348308694,0.500914669444924,100.037189841844,2.90892672858625,23.524892794392084,0.1409051,0,0.0,30.0,0,0.0,0,3665876.0,162650450684.725,0,1,1,1
KWT,2015,0.248414926379679,0.248414926379679,25.464587592170734,10.964112669521366,0.592770817217982,98.6999884455485,3.27170166092133,23.436956740235548,0.237773,0,0.0,30.0,0,0.0,0,3834574.0,114585555688.511,0,1,1,1
KWT,2016,0.266918369047007,0.266918369047007,25.41833773169734,10.949694013140642,2.92607584256388,96.1576723758617,3.19839776658374,23.453190961663463,-0.0028171,0,0.0,30.0,0,0.0,0,4004096.0,109406674124.652,0,1,1,1
KWT,2017,0.0936402094114043,0.0936402094114043,25.516470726958023,10.864476031147602,-4.71222270495362,97.840046457409,2.17183298510006,23.51787502822508,-0.0073085,0,0.0,30.0,0,0.0,0,4154812.0,120687539805.505,0,1,1,1
KWT,2018,-0.0154187787915342,-0.0154187787915342,25.655192040683588,10.851738237739175,2.74333045031415,102.785630655,0.543133148199567,23.581196080888542,0.1281525,0,0.0,30.0,0,0.0,0,4323515.0,138646316350.727,0,1,0,0
KWT,2019,0.366059041832984,0.366059041832984,25.671006732158844,10.847016834529343,2.26381706595791,91.6857123895953,1.09184802655856,23.588762915869967,-0.112275699999999,0,0.0,30.0,0,0.0,0,4442316.0,140856394860.529,0,1,1,1
KWT,2020,-0.502546857177858,-0.502546857177858,25.43320559947363,10.807155324900638,-4.81731593381585,82.0125101293052,2.101729548274,23.539699019157844,-0.11216,0,0.0,30.0,0,0.0,0,4400267.0,111045470605.715,0,1,0,0
KWT,2021,-0.183575378772919,-0.183575378772919,25.72284471005752,10.832733157176976,1.67213054307859,82.0003751775886,3.42362947609188,23.68945958723133,0.0296612,0,0.0,30.0,0,0.0,0,4360865.0,148350671489.144,0,1,0,0
KWT,2022,0.409943823254394,0.409943823254394,25.935491658023945,10.847001999727311,6.75866711966617,90.9188102023425,3.98064961990313,23.75066871380438,0.3336204,0,0.0,30.0,0,0.0,0,4589643.0,183502046693.878,0,1,1,1
KWT,2023,1.277994317906,1.277994317906,25.832011364168203,10.774575736843673,-1.64087799968877,96.0343509693162,3.64216403030709,23.78253316817493,0.3091212,0,0.0,30.0,0,0.0,0,4853420.0,165462656226.772,0,1,1,1
KWT,2024,0.381956730773215,0.381956730773215,25.80406819864669,10.750732972511337,-1.47401818168846,93.9909162684119,2.89855072463762,23.826389740420435,0.3278963,0,0.0,30.0,0,0.0,0,4897263.0,160903106639.233,0,1,1,1
LAO,1996,8.52870931249719,8.52870931249719,21.35116573877751,7.813499736907024,6.9283237283322,63.7571736099789,13.0244156963462,22.34132006531769,-0.7897088,0,0.0,30.0,0,0.0,0,5045678.0,1873671550.34636,0,1,1,0
LAO,1997,5.20889423950572,5.20889423950572,21.281172655328344,7.859107172998318,6.87209127120695,65.1569707659458,27.5088624491449,22.318537498744124,,0,0.0,30.0,0,0.0,0,5152011.0,1747011857.33107,0,0,0,0
LAO,1998,3.58543935160818,3.58543935160818,20.97026484172641,7.879505764543623,3.96760809197698,84.2695405093512,90.9807345622878,22.268299182875342,-0.798836299999999,0,0.0,30.0,0,0.0,0,5248266.0,1280177838.71905,0,1,1,0
LAO,1999,5.42480319770453,5.42480319770453,21.097880349956515,7.93254892693066,7.30637607138169,80.0584561654881,125.27212839928,22.32612193977866,,0,0.0,30.0,0,0.0,0,5340784.0,1454430642.44959,0,0,0,0
LAO,2000,1.95760389973722,1.95760389973722,21.27207950432583,7.972127896334935,5.79878232861959,68.8373013678325,25.0846414281315,22.37278771477788,-0.7956793,0,0.0,30.0,0,0.0,0,5431212.0,1731198022.46763,0,1,1,0
LAO,2001,1.35157901983042,1.35157901983042,21.293464885998585,8.011564899693063,5.75141287983195,65.8994368798482,7.81180794783471,22.35368915963315,,0,0.0,30.0,0,0.0,0,5521482.0,1768619058.34647,0,0,0,0
LAO,2002,0.253176893420544,0.253176893420544,21.28754311641562,8.053004073343951,5.91874368370564,67.2549028523532,10.6313446323333,22.39599661551114,-1.1502742,0,0.0,30.0,0,0.0,0,5610889.0,1758176653.07746,0,1,1,0
LAO,2003,0.962969691363706,0.962969691363706,21.42800774178354,8.096508469464652,6.06700230344272,60.572095882788,15.4893529233525,22.51219086078849,-1.5309061,0,0.0,30.0,0,0.0,0,5697945.0,2023324407.28414,0,1,1,0
LAO,2004,0.714895049062071,0.714895049062071,21.58463485540697,8.14356680796722,6.35769548008234,66.0797516222837,10.4622667314208,22.63552147081139,-1.0127681,0,0.0,30.0,0,0.0,0,5781626.0,2366398119.86321,0,1,1,0
LAO,2005,1.01332132437858,1.01332132437858,21.72960154253646,8.197141851415761,7.10756836811267,71.7926462737852,7.16541759946639,22.72078461031496,-1.3102987,0,0.0,30.0,0,0.0,0,5869523.0,2735558734.7379,0,1,1,0
LAO,2006,5.42138961728604,5.42138961728604,21.96309699484556,8.263986582574246,8.61926620832807,81.9613754162421,6.54559439052787,22.8117856550223,-0.9221857,0,0.0,30.0,0,0.0,0,5963200.0,3455030060.9785,0,1,1,0
LAO,2007,7.66062749777557,7.66062749777557,22.16384778061748,8.321726336515763,7.59682880054878,79.2126289035269,4.66197269469701,22.95053078598321,-0.8734057,0,0.0,30.0,0,0.0,0,6056236.0,4223152739.04052,0,1,1,0
LAO,2008,4.18200303606929,4.18200303606929,22.418226764832955,8.381868850765049,7.82490276337012,81.8491820941317,7.62880887577516,23.069681547960457,-0.8754327,0,0.0,30.0,0,0.0,0,6148969.0,5446433157.40114,0,1,1,0
LAO,2009,5.45905949594973,5.45905949594973,22.487334998795657,8.439247159717098,7.50177491225853,76.930826218652,0.141187674980385,23.050946945598508,-0.8878944,0,0.0,30.0,0,0.0,0,6241642.0,5836137329.63305,0,1,1,0
LAO,2010,3.90935018167503,3.90935018167503,22.68782542968826,8.506355805876277,8.52690551739717,84.7203378916677,5.98254521550082,23.178838871825548,-0.8602557,0,0.0,30.0,0,0.0,0,6334194.0,7131771014.70456,0,1,1,1
LAO,2011,3.43702755895922,3.43702755895922,22.892331493492804,8.569193183190347,8.03865268023725,91.6986958680216,7.5689885610998,23.308395469410467,-0.8422502,0,0.0,30.0,0,0.0,0,6426590.0,8750104617.17303,0,1,1,1
LAO,2012,6.06067602678934,6.06067602678934,23.04495197190897,8.632122303102205,8.02609843461283,98.1851264313662,4.2551267783209,23.35393851153357,-0.8376374,0,0.0,30.0,0,0.0,0,6518978.0,10192846339.4029,0,1,1,1
LAO,2013,5.68624628337024,5.68624628337024,23.206775897502943,8.695251287469608,8.02630022699017,98.1791466159604,6.37142717782947,23.38912998731346,-0.7057833,0,0.0,30.0,0,0.0,0,6611385.0,11983252626.5452,0,1,1,1
LAO,2014,6.53385086120159,6.53385086120159,23.309468193718583,8.754825243143248,7.61196343979319,99.0597382933399,4.12924306873771,23.42605628349857,-0.2761781,0,0.0,30.0,0,0.0,0,6703172.0,13279245886.3854,0,1,1,1
LAO,2015,7.47075777292731,7.47075777292731,23.39232432071877,8.810421044085407,7.27006584373785,85.798321703681,1.27735427102992,23.398950065061847,-0.353978299999999,0,0.0,30.0,0,0.0,0,6801645.0,14426380125.6488,0,1,1,1
LAO,2016,5.87774436155716,5.87774436155716,23.490370909085343,8.86266133659847,7.02283625501138,75.0918909204124,1.59691227583204,23.42836084404298,-0.2622768,0,0.0,30.0,0,0.0,0,6908802.0,15912501722.6143,0,1,1,1
LAO,2017,9.87799160512334,9.87799160512334,23.560656062235093,8.91361212371704,6.8925308726989,,0.825478607568026,23.50067886905915,-0.2334031,0,0.0,30.0,0,0.0,0,7018147.0,17071155481.4994,0,0,0,0
LAO,2018,7.4856486219066,7.4856486219066,23.621475745556648,8.958679765220557,6.24796000755872,,2.04039266890201,23.57745122975081,-0.649149,0,0.0,30.0,0,0.0,0,7128045.0,18141641089.7963,0,0,0,0
LAO,2019,4.03149139231071,4.03149139231071,23.653956076624524,8.996562206182086,5.4577350924848,,3.32255881256925,23.601603947445792,-0.757151799999999,0,0.0,30.0,0,0.0,0,7237636.0,18740561512.5555,0,0,0,0
LAO,2020,5.09807193491087,5.09807193491087,23.66674673889512,8.98664604717387,0.503031829018681,,5.10407262959919,23.586201668738816,-0.765948,0,0.0,30.0,0,0.0,0,7346533.0,18981805250.2424,0,0,0,0
LAO,2021,5.69344695957329,5.69344695957329,23.6585657359092,8.997201052599484,2.52835100486102,,3.75562036658877,23.723469761026543,-0.7431648,0,0.0,30.0,0,0.0,0,7453194.0,18827148530.9347,0,0,0,0
LAO,2022,4.69509225789707,4.69509225789707,23.462089972510974,9.009818126739106,2.70742652643155,,22.9562225132056,23.7459829333155,-0.710403999999999,0,0.0,30.0,0,0.0,0,7559007.0,15468785203.7532,0,0,0,0
LAO,2023,11.2425630959408,11.2425630959408,23.486003428947964,9.032666707227165,3.74568140158232,,31.2301341732646,23.77085528210052,-0.753464199999999,0,0.0,30.0,0,0.0,0,7664993.0,15843155731.2552,0,0,0,0
LAO,2024,5.98958863567394,5.98958863567394,23.526803966984204,9.059555219512887,4.13019264438475,,23.1305695942588,23.807446593018284,-0.5819014,0,0.0,30.0,0,0.0,0,7769819.0,16502933121.3379,0,0,0,0
LBN,1996,0.584358875032073,0.584358875032073,23.339947351474144,9.37222811386441,11.2859357161668,68.0966127579704,,22.726625627603813,-0.273276099999999,0,0.0,30.0,0,0.0,0,4034781.0,13690217333.5879,0,0,0,0
LBN,1997,11.4246771134021,11.4246771134021,23.480224765947483,9.364639670939402,1.05496666740667,62.0865979381443,,22.71321558766592,,0,0.0,30.0,0,0.0,0,4108405.0,15751867489.4446,0,0,0,0
LBN,1998,6.5802246247728,6.5802246247728,23.57091443113855,9.383058229509906,3.66572378505683,54.7171975983785,,22.71744173945686,-0.006963,0,0.0,30.0,0,0.0,0,4181281.0,17247179005.5219,0,0,0,0
LBN,1999,5.01221157296938,5.01221157296938,23.57922190925411,9.360246321743205,-0.525584634783087,50.8141707661214,,22.73108088450812,,0,0.0,30.0,0,0.0,0,4255277.0,17391056369.2265,0,0,0,0
LBN,2000,5.75581691967717,5.75581691967717,23.571678660411568,9.356320558683226,1.34187161970405,50.1152959262106,,22.74866815292341,-0.0055096,0,0.0,30.0,0,0.0,0,4329340.0,17260364842.4544,0,0,0,0
LBN,2001,8.23754952644041,8.23754952644041,23.59398752638964,9.377373191137304,3.83966927702973,55.5568083587026,,22.73966615280868,,0,0.0,30.0,0,0.0,0,4401918.0,17649751243.7811,0,0,0,0
LBN,2002,6.97552914588529,6.97552914588529,23.675685454667693,9.39713807555964,3.42314982843781,51.0425325574951,,22.78797107687257,-0.287673199999999,0,0.0,30.0,0,0.0,0,4463504.0,19152238805.9701,0,0,0,0
LBN,2003,14.2410590326381,14.2410590326381,23.72313547676637,9.415103560025427,3.22709826879041,54.0908340214699,,22.931102294864875,-0.291902699999999,0,0.0,30.0,0,0.0,0,4525508.0,20082918739.6352,0,0,0,0
LBN,2004,8.97351609461343,8.97351609461343,23.77537031498285,9.46359215123145,6.67944461641103,90.9727970270956,,23.06858464355448,-0.1571532,0,0.0,30.0,0,0.0,0,4599279.0,21159827992.0398,0,0,0,0
LBN,2005,12.2038495910608,12.2038495910608,23.79119488063088,9.474600138267226,2.68577931016345,92.762656272585,,23.155639700943865,-0.164887999999999,0,0.0,30.0,0,0.0,0,4671102.0,21497336498.8391,0,0,0,0
LBN,2006,12.1444381288428,12.1444381288428,23.81534002385774,9.472987735129612,1.54951500083213,91.0693970298409,,23.24711674052136,-0.204128099999999,0,0.0,30.0,0,0.0,0,4751136.0,22022709851.4096,0,0,0,0
LBN,2007,13.5978268963012,13.5978268963012,23.93521190702785,9.542629688406004,9.31062252641144,97.9677079660494,,23.394203862357426,-0.266994,0,0.0,30.0,0,0.0,0,4844118.0,24827355014.9254,0,0,0,0
LBN,2008,14.8805177180667,14.8805177180667,24.094653837929428,9.612810423130725,9.06912826789082,106.625673176194,,23.51526470991868,-0.299543499999999,0,0.0,30.0,0,0.0,0,4925354.0,29118916105.4726,0,0,0,0
LBN,2009,13.5696589141535,13.5696589141535,24.28996587534131,9.696730913011782,10.232155577776,90.3978388619092,1.19509671165543,23.4368270026262,-0.3214416,0,0.0,30.0,0,0.0,0,4992287.0,35399582928.6899,0,1,1,0
LBN,2010,11.1327936305686,11.1327936305686,24.372466055897103,9.76369421774274,7.97513555844932,95.0966529416243,3.98347941855833,23.52073167132045,-0.243552799999999,0,0.0,30.0,0,0.0,0,5041288.0,38443907042.1227,0,1,1,1
LBN,2011,7.85693989450406,7.85693989450406,24.41032177850961,9.761531980774798,0.86733987855277,102.139882412503,4.97148571692384,23.634033198168563,-0.2594872,0,0.0,30.0,0,0.0,0,5096020.0,39927125961.5257,0,1,1,1
LBN,2012,7.06847166156729,7.06847166156729,24.5078372051711,9.759807774600803,2.56479133680038,88.5455019230591,6.58147447683677,23.639315214074777,-0.2600992,0,0.0,30.0,0,0.0,0,5235742.0,44016799515.7546,0,1,1,1
LBN,2013,5.67636791033718,5.67636791033718,24.570859181030947,9.704822989180094,3.8278734986016,86.1743285920565,4.82101956297399,23.67239343623628,-0.325725999999999,0,0.0,30.0,0,0.0,0,5743436.0,46880103080.597,0,1,1,1
LBN,2014,5.95175528625723,5.95175528625723,24.59644850279936,9.629437031241087,2.48406010500743,79.8171565925627,1.8546042134091,23.6937480853164,-0.266612,0,0.0,30.0,0,0.0,0,6346990.0,48095213746.6003,0,1,1,1
LBN,2015,4.32469174487594,4.32469174487594,24.633874599540743,9.614472626603918,0.462320792597581,71.8390426347811,-3.74914524799629,23.606006781782337,-0.2826924,0,10.589509408153484,30.0,0,39715.0,0,6472469.0,49929337836.8159,0,1,1,1
LBN,2016,5.02174040562454,5.02174040562454,24.65797571357334,9.653252902269324,1.55454940856943,67.7236177908116,-0.783359624361508,23.62085607943244,-0.245921199999999,0,3.555348061489413,0.0,1,34.0,1,6323060.0,51147308774.1294,0,1,1,1
LBN,2017,4.756779140202,4.756779140202,24.69407989125185,9.688348369348184,0.903028464073813,68.4554292593276,4.32135218303191,23.678692646006706,-0.221958699999999,0,0.0,1.0,0,0.0,0,6160128.0,53027680685.9038,0,1,1,1
LBN,2018,4.84140308956364,4.84140308956364,24.72880685640065,9.698309872116493,-1.88470575631651,68.2573073043718,6.07698907889607,23.73832677257884,-0.499689699999999,0,0.0,2.0,0,0.0,0,5984119.0,54901519155.5556,0,1,1,1
LBN,2019,3.69413245000342,3.69413245000342,24.666902989806008,9.658837261881324,-6.91492472851026,62.98091601016,3.00538949390383,23.753053746127406,-0.6222753,0,0.0,3.0,0,0.0,0,5794594.0,51605959131.2741,0,1,1,1
LBN,2020,5.06712986613403,5.06712986613403,24.179965039415908,9.434078677333762,-21.3998996914321,50.1298042879627,84.8643330472041,23.72209191696834,-0.9492217,0,0.0,4.0,0,0.0,0,5702398.0,31712128253.7961,0,1,1,1
LBN,2021,2.5929006838647,2.5929006838647,23.86448025072978,9.358741024181024,-7.00123862514116,78.8286204025241,154.756096023393,23.865532806640783,-1.0567104,0,0.0,5.0,0,0.0,0,5718122.0,23131941556.7843,0,1,1,1
LBN,2022,2.50966160641735,2.50966160641735,23.767427349963786,9.347904299141833,-0.621678970663112,114.888278265666,171.205491336641,23.9164273544044,-1.0420809,0,0.0,6.0,0,0.0,0,5744489.0,20992421948.8081,0,1,1,1
LBN,2023,3.26435467389127,3.26435467389127,23.722921422088422,9.335233072958957,-0.760584470257314,104.206410069182,221.341644023365,23.950354876660576,-1.16583329999999,0,0.0,7.0,0,0.0,0,5773493.0,20078620356.9931,0,1,1,1
LBN,2024,7.09437049742925,7.09437049742925,23.980271142919204,9.256194907276136,-7.07989192861814,82.2323604617121,45.2430422716718,23.9990699055147,-1.1301199,0,6.309918278226516,8.0,0,549.0,0,5805962.0,25971643441.3408,0,1,1,1
LBR,1996,-82.892095357591,-5.087275859003976,18.88692732432039,6.367634688187322,12.1212036605122,,,22.225716835016787,-2.0282198,0,0.0,6.0,0,0.0,0,2232289.0,159400000.0,0,0,0,0
LBR,1997,72.2608989523488,30.0341103550906,19.50553211737044,7.01385936038876,106.279814466616,,,22.217123562552377,,0,0.0,7.0,0,0.0,0,2412989.0,295900000.0,0,0,0,0
LBR,1998,52.9226918798665,30.0341103550906,19.700502860561738,7.176564639168202,30.2081273744464,,,22.22858954341201,-2.0341809,0,0.0,8.0,0,0.0,0,2670124.0,359600000.0,0,0,0,0
LBR,1999,58.0036215482119,30.0341103550906,19.906367848950293,7.318085003995635,21.7414468042611,,,22.2256720663502,,0,0.0,9.0,0,0.0,0,2821684.0,441800000.0,0,0,0,0
LBR,2000,2.37986270022883,2.37986270022883,20.58859093361981,7.53271984321484,28.6159342546183,,,22.23656634231144,-2.0321191,0,4.060443010546419,0.0,1,57.0,1,2928117.0,874000000.0,0,0,0,0
LBR,2001,0.916114790286976,0.916114790286976,20.624549864007253,7.532151938623822,2.92027476569781,,,22.23822414876286,,0,6.651571873589727,0.0,1,773.0,1,3015338.0,906000000.0,0,0,0,0
LBR,2002,0.302049622437972,0.302049622437972,20.647464123530128,7.543085837446244,3.76301761700071,,14.1596470116325,22.286615152207496,-1.6490728,0,6.20050917404269,0.0,1,492.0,1,3094782.0,927000000.0,0,0,0,0
LBR,2003,49.7620320855615,30.0341103550906,20.432913535938752,7.176369893407671,-30.145132727942,,10.3302881236823,22.421029678901185,-1.65576179999999,1,7.488852955733459,0.0,1,1787.0,2,3119532.0,748000000.0,0,0,0,0
LBR,2004,8.4004160144418,8.4004160144418,20.61456642002307,7.190326052241777,2.61984689477413,,7.82908704883235,22.55002735779628,-1.66107579999999,0,0.0,1.0,0,0.0,0,3156892.0,897000000.0,0,0,0,0
LBR,2005,8.72519614731938,8.72519614731938,20.670919356574203,7.197148852585786,5.28121245309295,,10.8343588481414,22.63135887299544,-1.6617126,0,0.0,2.0,0,0.0,0,3301015.0,949000000.0,0,0,0,0
LBR,2006,9.63866591009294,9.63866591009294,20.8357012662762,7.218619169619979,8.04390997190059,,7.34144608278558,22.71910970870845,-1.30702269999999,0,0.0,3.0,0,0.0,0,3490787.0,1119000000.0,0,0,0,0
LBR,2007,9.58759370688019,9.58759370688019,21.040263963732244,7.259890069695243,9.53527536282282,,11.3918966807102,22.84888762747759,-1.3265554,0,0.0,4.0,0,0.0,0,3669050.0,1373000000.0,0,0,0,0
LBR,2008,16.4273509506381,16.4273509506381,21.269072429607647,7.28832921073398,7.14569112811476,,17.489448642993,22.946476219016184,-1.2155432,0,0.0,5.0,0,0.0,0,3821003.0,1726000000.0,0,0,0,0
LBR,2009,7.22870048206176,7.22870048206176,21.293114801161863,7.308541574390773,5.30054050291531,,7.42764305914919,22.8766904065922,-1.1046515,0,0.0,6.0,0,0.0,0,3943028.0,1768000000.0,0,0,0,0
LBR,2010,103.337387099033,30.0341103550906,21.41541251717277,7.338791205740021,6.09982524004147,,7.28992796890218,22.95455478249904,-1.0232677,0,0.0,7.0,0,0.0,0,4058890.0,1998000000.0,0,0,0,0
LBR,2011,86.9894467611897,30.0341103550906,21.59790089355173,7.378404787390488,8.20076822497064,,8.488167518494,23.05690379637974,-0.9978425,0,0.0,8.0,0,0.0,0,4221178.0,2398000000.0,0,0,0,0
LBR,2012,82.7471577822006,30.0341103550906,21.74988576013983,7.419963683798249,7.99381444555367,,6.83178703418548,23.063978500849,-0.881558299999999,0,0.0,9.0,0,0.0,0,4373043.0,2791614000.0,0,0,0,0
LBR,2013,62.9068538615833,30.0341103550906,21.879265544712243,7.481285568378514,8.68728781639683,,7.577306817414,23.09830526994258,-1.1231932,0,0.0,10.0,0,0.0,0,4470239.0,3177198100.0,0,0,0,0
LBR,2014,15.558740639735,15.558740639735,21.89440093730307,7.467453262929546,0.701393100287518,,9.86111285574904,23.124249109163205,-1.115021,0,0.0,11.0,0,0.0,0,4564293.0,3225652000.0,0,0,0,0
LBR,2015,7.21023781604438,7.21023781604438,21.894842208061515,7.446637886331926,-0.0185649695590939,,7.74869687621322,23.040931937583668,-1.20267369999999,0,0.0,12.0,0,0.0,0,4659431.0,3227075700.0,0,0,0,0
LBR,2016,9.1719033259717,9.1719033259717,21.94657633697517,7.410534921749264,-1.5549586174878,,8.83424868336488,23.048069740720425,-1.1576727,0,0.0,13.0,0,0.0,0,4755608.0,3398419600.0,0,0,0,0
LBR,2017,7.30948578439651,7.30948578439651,21.94430322944052,7.415357457719986,2.45515592012239,,12.4196323907138,23.10879154919792,-1.1579163,0,0.0,14.0,0,0.0,0,4848925.0,3390703400.0,0,0,0,0
LBR,2018,3.77268493884788,3.77268493884788,21.95371156085828,7.407302199389449,1.15757512207355,,23.5635148953742,23.16890188838128,-1.1977202,0,0.0,15.0,0,0.0,0,4944726.0,3422754800.0,0,0,0,0
LBR,2019,2.61121194879185,2.61121194879185,21.923109076344115,7.362497194742206,-2.46729763532686,,26.9662760197878,23.18774991290538,-1.2862251,0,0.0,16.0,0,0.0,0,5043721.0,3319596500.0,0,0,0,0
LBR,2020,-2.96003538007919,-2.96003538007919,21.87892814654313,7.311470139208175,-2.98249127649473,,16.9557241496255,23.15059753886739,-1.3754275,0,0.0,17.0,0,0.0,0,5149463.0,3176126300.0,0,0,0,0
LBR,2021,-1.11842850292887,-1.11842850292887,21.97975030065175,7.339023877092364,4.98671283481617,,7.81559385858648,23.2808460350166,-1.32722149999999,0,0.0,18.0,0,0.0,0,5259323.0,3513049500.0,0,0,0,0
LBR,2022,3.09332516183889,3.09332516183889,22.109821913815747,7.36454598239428,4.80810517290655,,7.59298486560313,23.322771644102144,-1.33159689999999,0,0.0,19.0,0,0.0,0,5373294.0,4001047000.0,0,0,0,0
LBR,2023,7.11347042965831,7.11347042965831,22.20259506403349,7.38828069307638,4.68375688761311,,10.0944535665552,23.36908283235549,-1.2153121,0,0.0,20.0,0,0.0,0,5493031.0,4390000000.0,0,0,0,0
LBR,2024,9.86626133953545,9.86626133953545,22.28756011752332,7.40613899036364,4.02185464964835,,8.21497439118964,23.404977943635352,-1.24629299999999,0,0.0,21.0,0,0.0,0,5612817.0,4779300900.0,0,0,0,0
LBY,1996,-0.400657026152394,-0.400657026152394,24.051340953779604,9.787467757082393,2.13412320029278,52.5451559934319,4.02807775377965,22.794289686915217,-1.0785486,0,0.0,30.0,0,0.0,0,4987393.0,27884615384.6154,0,1,0,0
LBY,1997,-0.221216991796812,-0.221216991796812,24.14755773785033,9.822911777752347,5.21267102136972,48.6324121846067,3.55029585798822,22.7642943975268,,0,0.0,30.0,0,0.0,0,5064639.0,30700897874.8704,0,0,0,0
LBY,1998,-0.469313640294635,-0.469313640294635,24.0283671146504,9.771835883801776,-3.55224474739784,40.2527075812274,3.70927318295734,22.777171677960315,-1.3532658,0,0.0,30.0,0,0.0,0,5140704.0,27251301398.2813,0,1,0,0
LBY,1999,-0.355987232621814,-0.355987232621814,24.3061140187488,9.76437308247328,0.749659257603952,34.8016301090735,2.64862252295822,22.783169459254072,,0,0.0,30.0,0,0.0,0,5218038.0,35975860857.1164,0,0,0,0
LBY,2000,0.368425619834711,0.368425619834711,24.367957067824285,9.783972830690374,3.6792704082,45.2810937659422,-2.90000000000024,22.768758266996805,-1.3518124,0,0.0,30.0,0,0.0,0,5305021.0,38270954138.1128,0,1,1,0
LBY,2001,-0.389891046511628,-0.389891046511628,24.25291781898196,9.747768326474706,-1.76283887062603,43.1734496124031,-8.81393752145546,22.77150651079641,,0,0.0,30.0,0,0.0,0,5403639.0,34112093927.254,0,0,0,0
LBY,2002,0.707942488082424,0.707942488082424,23.742806906482816,9.718929683134125,-0.958897332849631,78.8597570352145,-9.79764705882356,22.83609921529444,-1.4595055,0,0.0,30.0,0,0.0,0,5508410.0,20481889763.7795,0,1,1,0
LBY,2003,0.544437834622249,0.544437834622249,23.99152688699536,9.82134070288322,13.0160372478013,90.6127305175491,-2.19115191986647,22.995566750862466,-1.46452119999999,0,0.0,30.0,0,0.0,0,5619398.0,26265625000.0,0,1,1,0
LBY,2004,1.07782345154323,1.07782345154323,24.223472840736274,9.844332058794048,4.46163899648637,96.1293320792401,-2.19756774055898,23.132389398435347,-1.22649379999999,0,0.0,30.0,0,0.0,0,5736693.0,33122307692.3077,0,1,1,0
LBY,2005,2.19289483627204,2.19289483627204,24.58050929366861,9.935444566961609,11.8707565226151,90.8608896854615,2.65020576131657,23.202838981159235,-1.3464635,0,0.0,30.0,0,0.0,0,5858798.0,47334691241.4924,0,1,1,0
LBY,2006,3.43460585952791,3.43460585952791,24.819179693958443,9.977912911102257,6.50052541959279,97.7381011197381,1.45926876202722,23.283353299029315,-1.3287689,0,0.0,30.0,0,0.0,0,5980211.0,60094231606.642,0,1,1,0
LBY,2007,6.89224565927254,6.89224565927254,24.943258400891867,10.017798423174922,6.22998278561838,102.732315500893,6.25098782993553,23.42160624280142,-1.4187378,0,0.0,30.0,0,0.0,0,6104380.0,68032978390.6007,0,1,1,0
LBY,2008,4.74139501074499,4.74139501074499,25.185843904661176,9.99493563041788,-0.162048238799883,103.242158045544,10.3607288954998,23.52190248561969,-1.3014774,0,0.0,30.0,0,0.0,0,6235430.0,86710767415.1371,0,1,1,0
LBY,2009,2.25461670882223,2.25461670882223,24.830996438922,9.929104822439806,-4.4001817631021,107.620930501039,2.45990025609954,23.43886059901364,-1.29301739999999,0,0.0,30.0,0,0.0,0,6366686.0,60808562033.4191,0,1,1,0
LBY,2010,2.36664960687642,2.36664960687642,25.045818770101217,9.95776387752974,5.0272476723775,98.077213074239,2.79989500109265,23.49245768432698,-1.28210579999999,0,0.0,30.0,0,0.0,0,6497839.0,75380825062.4216,0,1,1,1
LBY,2011,,,24.597986963597823,9.281909185890642,-50.3385151384986,63.0054352895288,15.5184815317562,23.59397645877103,-1.28253939999999,1,8.232971790593437,0.0,1,3762.0,2,6343203.0,48169263294.1007,0,0,0,0
LBY,2012,1.53985903839829,1.53985903839829,25.25091695792663,9.933095026607743,86.8267484395784,98.2243189168448,6.05980392156855,23.582786248767825,-1.3979031,0,0.0,1.0,0,0.0,0,6179328.0,92540938129.1315,0,1,1,1
LBY,2013,0.931638601844643,0.931638601844643,25.04542445373661,9.714594507231547,-17.9979615745681,106.334360918106,2.60581802719517,23.617249994864487,-1.3728325,0,3.4657359027997265,0.0,1,31.0,1,6304628.0,75351107029.0605,0,1,1,1
LBY,2014,,,24.77282841436555,9.433410560347582,-23.0428058282215,76.5248826381117,2.43294141599233,23.64124179071424,-1.5663079,0,5.616771097666572,0.0,1,274.0,1,6427252.0,57372355592.022,0,0,0,0
LBY,2015,,,24.60930417252434,9.40880990384862,-0.842656252118843,56.9049073326883,10.4022933588151,23.543409285701337,-1.6501127,0,9.328745436354804,0.0,1,11256.0,1,6531819.0,48717501321.3052,0,0,0,0
LBY,2016,,,24.633528768378625,9.378548278703772,-1.4909411172622,41.1101760615135,25.853874212446,23.5536105783451,-1.666709,1,9.346094292953802,0.0,1,11453.0,2,6632126.0,49912073701.298,0,0,0,0
LBY,2017,,,24.930305731893167,9.64394686669304,32.4918021862688,47.5489661921214,25.8036184788337,23.60902418648704,-1.5287142,0,6.003887067106539,0.0,1,404.0,1,6738770.0,67157452181.7738,0,0,0,0
LBY,2018,,,25.062985387558435,9.70413159929596,7.9413678529104,63.7811335968183,13.1702038536722,23.67284210432977,-1.55155319999999,0,3.80666248977032,0.0,1,44.0,1,6849055.0,76686029772.1483,0,0,0,0
LBY,2019,,,24.96105391090512,9.570612578912192,-11.1960828853386,78.9939691850138,-2.16217883470591,23.67882920340164,-1.5537488,1,7.397561535524052,0.0,1,1631.0,2,6951033.0,69254496471.6938,0,0,0,0
LBY,2020,,,24.570308312966084,9.208204492719933,-29.4552967282824,50.9757934373319,1.44703656998741,23.64593149428549,-1.6327551,0,6.505784060128229,0.0,1,668.0,1,7045399.0,46854285440.642,0,0,0,0
LBY,2021,1.71219284038518,1.71219284038518,24.284823028891548,9.444741104508456,28.2996823429147,164.284069967105,2.86833027751015,23.78002287297293,-1.4589466,0,0.0,1.0,0,0.0,0,7135175.0,35217995647.2862,0,1,1,1
LBY,2022,1.62326033379453,1.62326033379453,24.49017746947799,9.34575023650521,-8.29981811198795,156.321684682347,4.51030149235695,23.808263309305865,-1.56371599999999,0,0.0,2.0,0,0.0,0,7223805.0,43246297921.8499,0,1,1,1
LBY,2023,1.80500147243983,1.80500147243983,24.50808402135785,9.431609968085285,10.2000497852517,161.070232609722,2.3731753143518,23.86232232014235,-1.447749,0,0.0,3.0,0,0.0,0,7305659.0,44027664915.187,0,1,1,1
LBY,2024,,,24.6045646763965,9.440168243179391,1.89995052025442,137.511130687153,2.12615766885021,23.90634915928676,-1.41948799999999,0,8.452121194672523,4.0,0,4684.0,0,7381023.0,48487151215.345,0,0,0,0
LKA,1996,0.862545735590984,0.862545735590984,23.35499195702824,8.634802689614856,3.79996720568178,78.8739637143809,15.9358310447214,22.11940699482553,-0.3029637,1,8.260751354700513,0.0,1,3868.0,2,17905018.0,13897738375.2488,1,1,1,0
LKA,1997,2.84957994822129,2.84957994822129,23.43742493294348,8.677903391994906,6.40539969571286,80.1375533095503,9.57369626405162,22.10526519090663,,1,7.965892735084528,0.0,1,2880.0,2,18248200.0,15091913883.7091,1,0,0,0
LKA,1998,1.22725240374875,1.22725240374875,23.48078768146214,8.704937042017425,4.69842304772052,78.4949891255872,9.36424300683229,22.07642917739405,-0.6073685,1,8.232971790593437,0.0,1,3762.0,2,18596003.0,15760736956.1852,1,1,1,0
LKA,1999,1.12277824473328,1.12277824473328,23.47768635696117,8.728464219952247,4.30054049813373,78.7514783496374,4.69170563048438,22.11831678124081,,1,7.540621528657152,0.0,1,1882.0,2,18944731.0,15711933513.2831,1,0,0,0
LKA,2000,1.04207418020439,1.04207418020439,23.532420478575386,8.768514151503343,6.00003315828934,88.636441704913,6.17627591012045,22.15521350350603,-0.489879199999999,1,7.834392302910435,0.0,1,2525.0,2,19293054.0,16595882818.6857,1,1,1,0
LKA,2001,1.09074720867871,1.09074720867871,23.480090570656795,8.737136510426899,-1.54540813366026,80.8986015327576,14.15845579912,22.1441333844214,,1,7.0431599159883405,0.0,1,1144.0,2,19600362.0,15749753804.8344,1,0,0,0
LKA,2002,1.1882779089504,1.1882779089504,23.52883805158568,8.765593143901077,3.96467568513113,76.3351317826517,9.55103167007251,22.18931329138902,-0.1141382,0,0.0,1.0,0,0.0,0,19805752.0,16536535647.0834,1,1,1,0
LKA,2003,1.21132740876657,1.21132740876657,23.661462501619205,8.815965413467097,5.9402690780223,75.336247330543,6.31463787051174,22.317635499893992,-0.3891401,0,3.4011973816621555,0.0,1,29.0,1,19951521.0,18881765437.2151,1,1,1,0
LKA,2004,1.12667735136244,1.12667735136244,23.75158755557001,8.862187721437683,5.44506127885352,79.4829449011187,7.57592582995856,22.4477585942182,-0.4611783,0,0.0,1.0,0,0.0,0,20087605.0,20662525941.2985,1,1,1,0
LKA,2005,1.11612854301768,1.11612854301768,23.91808627898604,8.916337343135528,6.24174804376447,73.6039729580533,11.6396860971118,22.53619345639658,-0.356012,0,4.48863636973214,0.0,1,88.0,1,20216524.0,24405791044.7761,1,1,1,0
LKA,2006,1.6970072277349,1.6970072277349,24.064975407092497,8.983523194928532,7.66829190107919,71.2611784883009,10.0201836057035,22.628846208812536,-0.288926399999999,1,7.58629630715272,0.0,1,1970.0,2,20352411.0,28267410542.5164,1,1,1,0
LKA,2007,1.8639738781084,1.8639738781084,24.19988723840469,9.042419437098689,6.79682611892866,68.6065116601391,15.8421114924843,22.77232407740561,-0.2217118,1,7.822044008185619,0.0,1,2494.0,2,20492545.0,32350238760.4239,1,1,1,0
LKA,2008,1.84752962305149,1.84752962305149,24.429833582148923,9.093562352877072,5.95008814473897,63.369043608222,22.5644955300126,22.879311286941626,-0.2277659,1,9.019542996701183,0.0,1,8262.0,2,20629378.0,40713826215.0093,1,1,1,0
LKA,2009,0.960390452698523,0.960390452698523,24.462510977561603,9.12219952808572,3.53891205317842,49.1491415308235,3.46496322106074,22.84302429241092,-0.0956118,1,9.226804098006848,0.0,1,10165.0,2,20756435.0,42066224093.0065,1,1,1,0
LKA,2010,0.814446067583227,0.814446067583227,24.79461552494944,9.193416591602777,8.01596737040464,,6.2176488930462,22.960963582511933,-0.185523,0,0.0,1.0,0,0.0,0,20879089.0,58636049581.1712,1,0,0,0
LKA,2011,1.41088360151362,1.41088360151362,24.939138795637863,9.270352344982568,8.66948301160571,,6.7167684358854,23.08311163717915,-0.1636119,0,0.0,2.0,0,0.0,0,21009048.0,67753285882.299,1,0,0,0
LKA,2012,1.33591734742632,1.33591734742632,24.978129569774595,9.345543571557954,8.6321813769906,,7.54291373239437,23.11302807257932,-0.1739743,0,0.0,3.0,0,0.0,0,21169458.0,70447216891.3366,1,0,0,0
LKA,2013,1.21148000059153,1.21148000059153,25.06676217305072,9.413258549167788,4.0517463303875,,6.90845034828452,23.14217462553576,-0.1437062,0,0.0,4.0,0,0.0,0,20585000.0,76976204074.978,1,0,0,0
LKA,2014,1.08277813405104,1.08277813405104,25.136441337460845,9.46575487398533,6.37797889684965,,3.1790022823606,23.175483399825488,0.1397088,0,0.0,5.0,0,0.0,0,20778000.0,82531125461.843,1,0,0,0
LKA,2015,0.798746316666859,0.798746316666859,25.166978893006284,9.49775585968856,4.20595547501601,46.9179708088698,3.76836783062096,23.12869676674458,0.0898368,0,0.0,6.0,0,0.0,0,20970000.0,85090300895.6546,1,1,1,1
LKA,2016,1.01937184801285,1.01937184801285,25.20060504776406,9.535723831746427,5.05362488993089,46.4715370250761,3.9588884659307,23.15597122377516,-0.0370534999999999,0,0.0,7.0,0,0.0,0,21209000.0,88000210878.1236,1,1,1,1
LKA,2017,1.45462805110061,1.45462805110061,25.270482179830747,9.586890496953824,6.46068127080994,47.1404098001494,7.70413767850602,23.23045037239622,-0.0698946,0,0.0,8.0,0,0.0,0,21453000.0,94369350439.4732,1,1,1,1
LKA,2018,1.70888696252064,1.70888696252064,25.27133660011367,9.599664234569362,2.31008425504933,49.8093967520437,2.135037737132,23.29579559119153,-0.0975670999999999,0,0.0,9.0,0,0.0,0,21670000.0,94450015982.806,1,1,1,1
LKA,2019,0.835367460265196,0.835367460265196,25.211887669247023,9.591338202007533,-0.220483886824823,49.4255238852768,3.52839358231811,23.31581031147575,-0.0713311,0,0.0,10.0,0,0.0,0,21803000.0,88998706177.9986,1,1,1,1
LKA,2020,0.514700553944402,0.514700553944402,25.15806961023733,9.538683324816596,-4.62451503712715,37.0891188568192,6.15394508391738,23.28735058289965,-0.1134357,0,0.0,11.0,0,0.0,0,21919000.0,84335574372.2997,1,1,1,1
LKA,2021,0.668825708548416,0.668825708548416,25.20690885107715,9.5691425173957,4.2074764950026,41.2288463294978,7.01478071238195,23.42951463413449,-0.2353399,0,0.0,12.0,0,0.0,0,22156000.0,88556699052.2008,1,1,1,1
LKA,2022,1.19249322162632,1.19249322162632,25.029261771682005,9.49168226669984,-7.34919311146656,46.6826080179359,49.7211021114327,23.464243257417195,-0.503783099999999,0,0.0,13.0,0,0.0,0,22181000.0,74143020303.663,1,1,1,1
LKA,2023,0.848017076796717,0.848017076796717,25.1550382190222,9.477697522798616,-2.0289296690344,43.3476681195134,16.5411742279832,23.49684059731647,-0.2845545,0,0.0,14.0,0,0.0,0,22037000.0,84080307355.5983,1,1,1,1
LKA,2024,0.764077754153862,0.764077754153862,25.32458974815169,9.531921352350809,4.99241614398109,42.1196098331113,-0.42936004906973,23.53799921711008,-0.2745215,0,0.0,15.0,0,0.0,0,21916000.0,99616111265.7633,1,1,1,1
LSO,1996,3.07295646324888,3.07295646324888,20.66787203415873,7.487835822390422,5.59703605867827,,9.33031458531928,21.9258209712432,0.2429062,0,0.0,30.0,0,0.0,0,1972418.0,946112492.844847,0,0,0,0
LSO,1997,3.27452575616452,3.27452575616452,20.72126810151681,7.516268202508018,3.70360343607432,,,21.92287449336845,,0,0.0,30.0,0,0.0,0,1988130.0,998004258.715675,0,0,0,0
LSO,1998,3.05351437026074,3.05351437026074,20.649038819516736,7.526551034233736,1.53765589433743,,,21.9079972683324,0.2337786,0,4.3694478524670215,0.0,1,78.0,1,1998049.0,928460893.108965,0,0,0,0
LSO,1999,2.4144158659022,2.4144158659022,20.63199852289164,7.528708320418192,0.476025052201194,,,21.92002761213756,,0,0.0,1.0,0,0.0,0,2003234.0,912773681.050642,0,0,0,0
LSO,2000,3.65200401728829,3.65200401728829,20.60368433392758,7.566392756894295,3.87554677576694,,6.13197538722696,21.94297605649968,0.2369357,0,0.0,2.0,0,0.0,0,2003913.0,887291687.920796,0,0,0,0
LSO,2001,3.59634195549178,3.59634195549178,20.531750500063865,7.602917179709503,3.56158183392093,,-9.61615353858472,21.92736217479496,,0,0.0,3.0,0,0.0,0,2000853.0,825706961.238689,0,0,0,0
LSO,2002,3.65971744859451,3.65971744859451,20.46937597322308,7.613219923676115,0.723836067167127,,33.812578338126,21.962178100052324,0.2686713,0,0.0,4.0,0,0.0,0,1994679.0,775777238.55814,0,0,0,0
LSO,2003,3.79574836270242,3.79574836270242,20.869809457574576,7.662643174342645,4.55977716384528,,6.62916357146762,22.116447563886325,0.2562836,0,0.0,5.0,0,0.0,0,1985059.0,1157825434.78971,0,0,0,0
LSO,2004,3.68383275611256,3.68383275611256,21.13619412976031,7.686467466633575,1.69237417358596,,5.02342068616285,22.259755544677613,-0.4058341,0,0.0,6.0,0,0.0,0,1971129.0,1511236655.52047,0,0,0,0
LSO,2005,1.6309558178279,1.6309558178279,21.24345361515376,7.72974242770825,3.46612222755311,,3.43788423057443,22.3503278689788,-0.2471195,0,0.0,7.0,0,0.0,0,1953076.0,1682343527.49221,0,0,0,0
LSO,2006,1.35116866658488,1.35116866658488,21.31110392483447,7.775284349441359,4.23009522805209,,6.07271879734293,22.43558817667735,-0.479045399999999,0,0.0,8.0,0,0.0,0,1945063.0,1800092563.75462,0,0,0,0
LSO,2007,4.49541724323026,4.49541724323026,21.243327745317185,7.812100798546229,4.18791409957151,165.048948833372,8.01243669043409,22.56339989287772,-0.5200403,0,0.0,9.0,0,0.0,0,1953268.0,1682131784.51365,0,1,1,0
LSO,2008,0.623122767576779,0.623122767576779,21.292493968892256,7.85909123359562,5.52341966978646,161.126590593391,10.7156661309681,22.652706903438645,-0.4839484,0,0.0,10.0,0,0.0,0,1966541.0,1766902709.19935,0,1,1,0
LSO,2009,5.24720669313801,5.24720669313801,21.27766516553061,7.839207854006749,-1.25375779920832,158.894737585637,-16.8596910540644,22.603471654482707,-0.333370799999999,0,0.0,11.0,0,0.0,0,1980883.0,1740894964.80511,0,1,1,0
LSO,2010,0.425490583298807,0.425490583298807,21.52739710009317,7.882834802301384,5.26967078056286,150.102435487333,-2.40524254598706,22.714931821332385,-0.3521504,0,0.0,12.0,0,0.0,0,1996251.0,2234754241.91918,0,1,1,1
LSO,2011,2.37160157638289,2.37160157638289,21.67082638022441,7.919108735197214,4.61641394528752,149.796606699153,5.0366305210156,22.825937127581767,-0.3753852,0,0.0,13.0,0,0.0,0,2014009.0,2579409619.96722,0,1,1,1
LSO,2012,2.28650169667391,2.28650169667391,21.630597441935027,7.970473359705319,6.33408374679448,150.208575358438,6.05143662139967,22.83670552538179,-0.443056699999999,0,0.0,14.0,0,0.0,0,2034354.0,2477702216.26888,0,1,1,1
LSO,2013,2.13033827559342,2.13033827559342,21.5849368772155,7.977410722348735,1.79252555575545,133.36548975517,4.86511899496385,22.85555311761415,-0.4522419,0,0.0,15.0,0,0.0,0,2056504.0,2367112931.642,0,1,1,1
LSO,2014,3.86963158626918,3.86963158626918,21.615699459264057,7.98296834206455,1.71054990545476,126.292475360578,5.37028961008587,22.874094058559564,-0.498817599999999,0,0.0,16.0,0,0.0,0,2080089.0,2441063054.05792,0,1,1,1
LSO,2015,4.79809498524625,4.79809498524625,21.58179470333297,8.002010980590672,3.12406678044546,129.722773082867,3.21844513655931,22.799419265199248,-0.56995,0,0.0,17.0,0,0.0,0,2104611.0,2359686724.53829,0,1,1,1
LSO,2016,3.74733138412509,3.74733138412509,21.472049431676428,8.025274668488036,3.60890731687714,136.31524774176,6.59650490696543,22.803879801262923,-0.6209408,0,0.0,18.0,0,0.0,0,2130422.0,2114426452.2019,0,1,1,1
LSO,2017,1.82806623182623,1.82806623182623,21.55910183426797,7.980940680873567,-3.13817493733471,146.366771329494,4.447699373763,22.88092822940819,-0.6330237,0,0.0,19.0,0,0.0,0,2157110.0,2306741672.29006,0,1,1,1
LSO,2018,1.59898721077784,1.59898721077784,21.66180611838968,7.953816739476138,-1.48063315848241,144.434955465602,4.7518030162474,22.93964733406799,-0.631831399999999,0,0.0,20.0,0,0.0,0,2183603.0,2556247291.99785,0,1,1,1
LSO,2019,1.49464849213428,1.49464849213428,21.594853007351755,7.927788321520417,-1.41799383085205,140.51663349168,5.18708359197982,22.950316661529623,-0.6744181,0,0.0,21.0,0,0.0,0,2209405.0,2390702295.82777,0,1,1,1
LSO,2020,1.36347415769606,1.36347415769606,21.44290881508656,7.830866873737963,-8.15595785459911,141.096605062998,4.97809676252309,22.90542578606262,-0.7085808,0,0.0,22.0,0,0.0,0,2235727.0,2053699863.99625,0,1,1,1
LSO,2021,-0.512915958026648,-0.512915958026648,21.60377603498725,7.841800461879424,2.26670961833291,139.186479465407,6.04774591950676,23.047906454576744,-0.7136054,0,0.0,23.0,0,0.0,0,2261542.0,2412130056.55851,0,1,0,0
LSO,2022,-0.332065069453934,-0.332065069453934,21.579798479467872,7.854592845717353,2.38778020186284,142.373981074229,8.27180389943028,23.08677679353308,-0.747926099999999,0,0.0,24.0,0,0.0,0,2286110.0,2354980960.02697,0,1,0,0
LSO,2023,-1.20419550100532,-1.20419550100532,21.479327500071825,7.860361358655738,1.69433177608774,140.722487877528,6.34221743124953,23.117979509927384,-0.7503177,0,0.0,25.0,0,0.0,0,2311472.0,2129871529.52517,0,1,0,0
LSO,2024,-0.525747492760171,-0.525747492760171,21.595095689833748,7.900127919137414,5.22503380336101,152.474389103105,6.10544624245032,23.15662692844838,-0.6470887,0,0.0,26.0,0,0.0,0,2337423.0,2391282547.80028,0,1,0,0
LTU,1996,1.80778475578758,1.80778475578758,22.855087183324507,9.463283484649727,5.02694376847307,92.813796697758,24.62519538645,23.13355452017819,-0.0205655,0,0.0,30.0,0,0.0,0,3601613.0,8430207164.43677,0,1,1,0
LTU,1997,3.56292104936331,3.56292104936331,23.042538111558176,9.55040257685546,8.30063037348748,99.6494889661181,8.88104848465892,23.09431930441588,,0,0.0,30.0,0,0.0,0,3575137.0,10168271903.3233,0,0,0,0
LTU,1998,8.13855813597498,8.13855813597498,23.147108973841643,9.629622770350492,7.46293714937232,89.3653045985264,5.06755385841968,23.10553375143453,-0.0694747,0,0.0,30.0,0,0.0,0,3549331.0,11289161847.2162,0,1,1,0
LTU,1999,5.1218707362885,5.1218707362885,23.123167805306707,9.625686965832676,-1.09700818020993,74.5847357424933,0.727550626557424,23.111739572308995,,0,0.0,30.0,0,0.0,0,3524238.0,11022095813.552,0,0,0,0
LTU,2000,3.29220428777652,3.29220428777652,23.170011508224203,9.666335677455578,3.41862206571636,83.1914942748116,0.981615478857598,23.089291994801943,-0.0691171,0,0.0,30.0,0,0.0,0,3499536.0,11550695727.2335,0,1,1,0
LTU,2001,3.60825880316743,3.60825880316743,23.2296698641647,9.73740150721676,6.48412665187908,93.4871373685836,1.36712030817819,23.094238607785,,0,0.0,30.0,0,0.0,0,3470818.0,12260761329.3051,0,0,0,0
LTU,2002,4.62664162847931,4.62664162847931,23.382286331713285,9.810466056107996,6.71983945103626,100.332229474818,0.281506610345575,23.16191774859236,0.5321923,0,0.0,30.0,0,0.0,0,3443067.0,14282292664.6004,0,1,1,0
LTU,2003,1.15581132298026,1.15581132298026,23.65761184083585,9.918903708525873,10.5518959629574,98.0914043206711,-1.13430854990247,23.323475480535105,0.7480841,0,0.0,30.0,0,0.0,0,3415213.0,18809197969.5431,0,1,1,0
LTU,2004,3.86727514737433,3.86727514737433,23.84753047263209,9.993127531621562,6.50203536075556,104.072070698543,1.16410252104671,23.461909390270144,0.5898262,0,0.0,30.0,0,0.0,0,3377075.0,22743164431.1972,0,1,1,0
LTU,2005,4.9513140342573,4.9513140342573,23.985400637710143,10.08388288318752,7.7314467577492,117.449691165186,2.65848484065262,23.531735512793016,0.6552222,0,0.0,30.0,0,0.0,0,3322528.0,26105207115.3129,0,1,1,0
LTU,2006,7.50221604684683,7.50221604684683,24.12832882906304,10.171194587314014,7.39548122468629,124.613633047292,3.73912004060664,23.613252593416064,0.549991,0,0.0,30.0,0,0.0,0,3269909.0,30116192746.8942,0,1,1,0
LTU,2007,6.54805565260343,6.54805565260343,24.40535105277369,10.288135892261735,11.0779282578673,116.295810328172,5.73717382799842,23.758107769061738,0.4643619,0,0.0,30.0,0,0.0,0,3231294.0,39729151614.6689,0,1,1,0
LTU,2008,3.61122070655171,3.61122070655171,24.59094511648847,10.324083222662074,2.59946154605602,126.759707831841,10.9258856241655,23.86088526529005,0.295576,0,0.0,30.0,0,0.0,0,3198231.0,47831254207.5223,0,1,1,0
LTU,2009,-0.96067117365502,-0.96067117365502,24.34745689306304,10.174564635313915,-14.8386117894848,105.040251236614,4.45304456518535,23.76002628934894,0.5365352,0,0.0,30.0,0,0.0,0,3162916.0,37494380038.9213,0,1,0,0
LTU,2010,3.00969561169119,3.00969561169119,24.3243552983208,10.199796966109409,0.427199566550769,131.626507396009,1.31921362055463,23.81304452345998,0.5772759,0,0.0,30.0,0,0.0,0,3097282.0,36638128534.0643,0,1,1,1
LTU,2011,4.35509015104087,4.35509015104087,24.488793826491808,10.28369903767203,6.32363664821298,149.645306927215,4.13027562645085,23.920263429580924,0.5794635,0,0.0,30.0,0,0.0,0,3028115.0,43186501862.7907,0,1,1,1
LTU,2012,1.5855600934776,1.5855600934776,24.47768421944077,10.339549704245345,4.38290584355157,156.638925650513,3.08998277055417,23.90794525180668,0.7054268,0,0.0,30.0,0,0.0,0,2989139.0,42709372066.8627,0,1,1,1
LTU,2013,1.66003716547754,1.66003716547754,24.55848685370505,10.388595313590535,4.04691318575325,156.626637927418,1.04747937065344,23.945924245858947,0.7087016,0,0.0,30.0,0,0.0,0,2961250.0,46303660422.0434,0,1,1,1
LTU,2014,0.739699359398686,0.739699359398686,24.60083292997132,10.43376323836977,3.7725437958099,143.290115780694,0.103758009433708,23.967089991582,0.7945609,0,0.0,30.0,0,0.0,0,2937253.0,48306546656.9281,0,1,1,1
LTU,2015,2.49622116332616,2.49622116332616,24.449945640619,10.4706381658107,2.83280643343234,138.195575009601,-0.884097405500596,23.856179359546346,0.8794501,0,0.0,30.0,0,0.0,0,2911109.0,41540954817.2039,0,1,1,1
LTU,2016,2.7403147410033,2.7403147410033,24.483785471049387,10.508679727752227,2.67192215053329,134.690449650877,0.905525075460342,23.86505104544957,0.8452214,0,0.0,30.0,0,0.0,0,2877325.0,42970749245.0336,0,1,1,1
LTU,2017,2.89745572307538,2.89745572307538,24.589386558937942,10.565898330441268,4.61224310312809,144.918393101325,3.72288862303707,23.92786511321676,0.7582409,0,0.0,30.0,0,0.0,0,2842639.0,47756764508.446,0,1,1,1
LTU,2018,2.39550085067309,2.39550085067309,24.717086227827075,10.622190432029353,4.91836780106811,147.202132525221,2.69792779208394,23.99663972158156,0.86117,0,0.0,30.0,0,0.0,0,2819200.0,54261795148.5372,0,1,1,1
LTU,2019,6.23035300556357,6.23035300556357,24.732815948903443,10.670784229675322,4.67735183530451,148.374996011818,2.33450937988027,23.998120399601724,0.8510012,0,0.0,30.0,0,0.0,0,2811089.0,55122066225.796,0,1,1,1
LTU,2020,7.94344900363669,7.94344900363669,24.77351984882636,10.671468457682003,0.0428158336981426,135.796565563519,1.19989444983569,23.97242486068159,0.9591268,0,0.0,30.0,0,0.0,0,2810369.0,57412038533.2718,0,1,1,1
LTU,2021,3.73869903984915,3.73869903984915,24.92903497699809,10.734163128671042,6.39481772930206,154.726303914099,4.68354420903453,24.10731102100516,0.9787009,0,0.0,30.0,0,0.0,0,2808380.0,67072165721.2431,0,1,1,1
LTU,2022,3.42488723499229,3.42488723499229,24.98085796692474,10.75026945251955,2.46532013155011,176.631817072239,19.7050461518394,24.12739043835269,0.9431482,0,0.0,30.0,0,0.0,0,2831639.0,70639687325.6326,0,1,1,1
LTU,2023,4.76764051451377,4.76764051451377,25.1097402350714,10.743629168618392,0.739537398185803,147.990751776428,9.11731962390475,24.18178635398411,0.9448653,0,0.0,30.0,0,0.0,0,2871585.0,80356613554.5602,0,1,1,1
LTU,2024,5.49705606704886,5.49705606704886,25.17182827701607,10.767684752838296,3.03019543767596,142.41991022479,0.715735835228723,24.22875441757808,1.2014922,0,0.0,30.0,0,0.0,0,2888278.0,85503938573.5664,0,1,1,1
LVA,1996,5.71349225353678,5.71349225353678,22.48103155859585,9.312703967153997,2.29996103802466,92.5618241635257,17.6104698431033,23.10070007963824,-0.4179424,0,0.0,30.0,0,0.0,0,2457222.0,5799465288.41246,0,1,1,0
LVA,1997,7.47075232624449,7.47075232624449,22.571638915256152,9.410421227573089,9.17147634072084,90.9261555867307,8.44738342092961,23.063527516041056,,0,0.0,30.0,0,0.0,0,2432851.0,6349481006.53278,0,0,0,0
LVA,1998,5.32540844398606,5.32540844398606,22.66547098112104,9.48329461434892,6.55000264756266,93.0486575859765,4.64421422660783,23.07373695545737,-0.0694747,0,0.0,30.0,0,0.0,0,2410019.0,6974112951.26891,0,1,1,0
LVA,1999,4.75274211425385,4.75274211425385,22.714448800078035,9.519228410075648,2.81840455944993,82.1505568188769,2.36481836111805,23.08116945475274,,0,0.0,30.0,0,0.0,0,2390482.0,7324192889.74297,0,0,0,0
LVA,2000,4.17696567652597,4.17696567652597,22.77240957656656,9.585635795797408,5.84102642353959,83.6121321100556,2.65425477796048,23.06092738704908,-0.0326631999999999,0,0.0,30.0,0,0.0,0,2367550.0,7761252607.18424,0,1,1,0
LVA,2001,2.11821599999579,2.11821599999579,22.826288244143367,9.661155238754418,6.46057826727287,88.1768278184248,2.48704003555464,23.06495783835409,,0,0.0,30.0,0,0.0,0,2337170.0,8190888739.6463,0,0,0,0
LVA,2002,1.73089175825638,1.73089175825638,22.947784544165977,9.74663252014312,7.66548778586991,85.9772056778195,1.93887573855886,23.13254700298653,0.3505684,0,0.0,30.0,0,0.0,0,2310173.0,9249030241.01864,0,1,1,0
LVA,2003,2.81610339606913,2.81610339606913,23.14313052509973,9.837223145717177,8.42913257059108,88.5815580418672,2.94264752948478,23.294154376220515,0.4408646,0,0.0,30.0,0,0.0,0,2287955.0,11244337719.8377,0,1,1,0
LVA,2004,4.27849106532647,4.27849106532647,23.349894129277104,9.931789166850471,8.72514341727928,97.2352655771748,6.19238547197429,23.432302742514377,0.4196126,0,0.0,30.0,0,0.0,0,2263122.0,13827070378.5612,0,1,1,0
LVA,2005,4.96633075101776,4.96633075101776,23.514856369922565,10.052482992731775,11.6153178557457,104.517156602918,6.74845027893124,23.501756456131552,0.4020553,0,0.0,30.0,0,0.0,0,2238799.0,16306935905.4138,0,1,1,0
LVA,2006,8.34682590505321,8.34682590505321,23.74051114907671,10.182323640213804,12.825017846905,105.695342080455,6.53619908765872,23.58317935040858,0.4270382,0,0.0,30.0,0,0.0,0,2218357.0,20434922247.3037,0,1,1,0
LVA,2007,9.22286409647281,9.22286409647281,24.10495752164632,10.289557012719987,10.4145372792714,100.880910871828,10.0929775849169,23.727219343269816,0.3072813,0,0.0,30.0,0,0.0,0,2200325.0,29420499247.7089,0,1,1,0
LVA,2008,4.20174399569372,4.20174399569372,24.2535949760081,10.265591761350402,-3.38871665849958,95.7681628438571,15.4023191064986,23.828633795724645,0.3403341,0,0.0,30.0,0,0.0,0,2177322.0,34135200994.0067,0,1,1,0
LVA,2009,-0.583936207217178,-0.583936207217178,23.969427219747843,10.107272087364326,-16.0400195313042,88.8320494963692,3.53410672858934,23.72795962156954,0.4275381,0,0.0,30.0,0,0.0,0,2141669.0,25691530442.035,0,1,0,0
LVA,2010,2.0239348136408,2.0239348136408,23.878917458335994,10.090785489290187,-3.66125859554762,110.86235386272,-1.08463595015155,23.78278001772556,0.5604066,0,0.0,30.0,0,0.0,0,2097555.0,23468324572.3343,0,1,1,1
LVA,2011,5.71773309105869,5.71773309105869,24.00325737811428,10.13890476170627,3.03634482668815,129.734758014485,4.37073559939223,23.891663436019616,0.5698289,0,0.0,30.0,0,0.0,0,2059709.0,26575547900.8247,0,1,1,1
LVA,2012,3.98573894005036,3.98573894005036,24.023395326396148,10.221815656067974,7.30524057200897,133.211503650958,2.25778924374585,23.8810223594237,0.6097852,0,0.0,30.0,0,0.0,0,2034319.0,27116149948.6683,0,1,1,1
LVA,2013,3.39352198804719,3.39352198804719,24.0957937545512,10.253270249519488,2.09609028156248,129.677184929099,-0.029454778257828,23.918970567503987,0.7056307,0,0.0,30.0,0,0.0,0,2012647.0,29152128167.8438,0,1,1,1
LVA,2014,3.45179531513632,3.45179531513632,24.13366091539305,10.28342085541424,2.0949597710559,130.042252244959,0.620490636732421,23.93960609382255,0.874541,0,0.0,30.0,0,0.0,0,1993782.0,30277203767.4058,0,1,1,1
LVA,2015,3.08543258338884,3.08543258338884,23.994527862084727,10.328742651044111,3.78336712084972,126.380014406006,0.174242243625186,23.829230283870697,0.7616412,0,0.0,30.0,0,0.0,0,1977527.0,26344565876.8902,0,1,1,1
LVA,2016,1.23693505180815,1.23693505180815,24.023430548727507,10.363078243714629,2.55168601974034,123.330518429659,0.140633334505327,23.838401315328625,0.6882968,0,0.0,30.0,0,0.0,0,1959537.0,27117105059.5075,0,1,1,1
LVA,2017,4.04880019492543,4.04880019492543,24.10395637550311,10.405365008424456,3.39894872623931,128.714003328884,2.93036312374665,23.90137864294623,0.6711156,0,0.0,30.0,0,0.0,0,1942248.0,29391059767.4259,0,1,1,1
LVA,2018,1.32076900628522,1.32076900628522,24.22725851121401,10.455350688354406,4.30971286294503,128.234095559822,2.53445424186598,23.969680301151406,0.7981066,0,0.0,30.0,0,0.0,0,1927174.0,33247935477.3576,0,1,1,1
LVA,2019,3.37100266711483,3.37100266711483,24.222784132837887,10.469034103223784,0.675372771884227,125.29163170793,2.81140920075624,23.971280810176324,0.8291601,0,0.0,30.0,0,0.0,0,1913822.0,33099503950.847,0,1,1,1
LVA,2020,2.81413557812427,2.81413557812427,24.23122058125967,10.440737876384128,-3.46922750780554,123.88319804656,0.219064904841985,23.94600934620657,0.7965198,0,0.0,30.0,0,0.0,0,1900449.0,33379927434.6149,0,1,1,1
LVA,2021,9.77936027100744,9.77936027100744,24.365664785678888,10.516292334233803,6.94254173062592,136.796615414819,3.27582937431165,24.08176931749331,0.8795712,0,0.0,30.0,0,0.0,0,1884490.0,38183326784.9335,0,1,1,1
LVA,2022,3.20337891789771,3.20337891789771,24.36093616441772,10.537911531386063,1.90853419029801,159.892778190649,17.3102830198815,24.103235082046155,0.7275574,0,0.0,30.0,0,0.0,0,1879383.0,38003198508.9107,0,1,1,1
LVA,2023,3.94830779361871,3.94830779361871,24.479326043510465,10.526151154328312,-0.941606068823631,135.642989154266,8.9380462331663,24.154851800538754,0.6374221,0,0.0,30.0,0,0.0,0,1883710.0,42779550936.838,0,1,1,1
LVA,2024,3.44085977034145,3.44085977034145,24.50748444800424,10.53516021297816,-0.0370556648288982,131.309582395769,1.26579885828729,24.20104122198473,0.7431802,0,0.0,30.0,0,0.0,0,1866124.0,44001275012.6141,0,1,1,1
MAR,1996,0.828037045779585,0.828037045779585,24.488216388342487,8.500348102304821,12.3728762700496,47.0955434479783,2.98680922773017,22.80161589598433,-0.002761,0,0.0,30.0,0,0.0,0,26808107.0,43161571527.6353,0,1,1,0
MAR,1997,2.75709006484814,2.75709006484814,24.39061120106253,8.469285811306397,-1.56070234550782,51.1501546486104,1.03819895051614,22.77266484303093,,0,0.0,30.0,0,0.0,0,27213337.0,39147844526.0838,0,0,0,0
MAR,1998,0.663931270652034,0.663931270652034,24.56266672294829,8.523954947101705,7.23855267691987,45.6723595943991,2.75311330764477,22.79112036114111,-0.006963,0,0.0,30.0,0,0.0,0,27621648.0,46497608724.9865,0,1,1,0
MAR,1999,1.7874170345466,1.7874170345466,24.557682451845192,8.525888287080845,1.6970614772566,48.578876486646,0.684782608695643,22.801420799094828,,0,0.0,30.0,0,0.0,0,28027179.0,46266428648.1433,0,0,0,0
MAR,2000,0.991581858750169,0.991581858750169,24.48487180984657,8.537018509171899,2.58218091499747,53.4403058388785,1.89463456763464,22.78643660142388,-0.0055096,0,0.0,30.0,0,0.0,0,28423435.0,43017455401.8445,0,1,1,0
MAR,2001,6.44412928365454,6.44412928365454,24.50361812237076,8.597404244293925,7.72182519577728,53.4915710187871,0.619801875297975,22.793828773863467,,0,0.0,30.0,0,0.0,0,28814643.0,43831480207.6444,0,0,0,0
MAR,2002,1.02035757811393,1.02035757811393,24.575054478385017,8.620484487637254,3.73019737485745,54.31012791421,2.79561966936936,22.85835692868886,-0.2675859,0,0.0,30.0,0,0.0,0,29198142.0,47077192187.6418,0,1,1,0
MAR,2003,3.98561984754306,3.98561984754306,24.78421498411297,8.667345010330033,6.17110214953244,52.3318582669923,1.16773367477592,23.016486319653964,-0.2984293,0,0.0,30.0,0,0.0,0,29571415.0,58029363354.2757,0,1,1,0
MAR,2004,1.35118647717804,1.35118647717804,24.914648561680814,8.698912923269678,4.57138016516208,55.5516384744536,1.49344403381774,23.15123851418441,-0.3771806,0,0.0,30.0,0,0.0,0,29953018.0,66114145451.0067,0,1,1,0
MAR,2005,2.42635467647837,2.42635467647837,24.95523466803769,8.71660493599639,3.19224973015831,61.4938276863235,0.982641660015951,23.219562322879,-0.501754599999999,0,0.0,30.0,0,0.0,0,30358144.0,68852658068.6673,0,1,1,0
MAR,2006,3.24283497739456,3.24283497739456,25.052469366891152,8.777813448004919,7.7908200104027,64.6721977787154,3.28476166954811,23.29784729975525,-0.3257233,0,0.0,30.0,0,0.0,0,30771178.0,75883823300.8545,0,1,1,0
MAR,2007,3.24999332315429,3.24999332315429,25.188575078456168,8.797939818978135,3.44106776690418,71.3496467796657,2.04208512673344,23.43136658680892,-0.2764328,0,0.0,30.0,0,0.0,0,31186468.0,86947913286.728,0,1,1,0
MAR,2008,2.42213508852785,2.42213508852785,25.346500934895825,8.839559358398251,5.68453936284732,77.8344716425602,3.71484311494064,23.52243316479676,-0.3040519,0,0.0,30.0,0,0.0,0,31606767.0,101822906949.063,0,1,1,0
MAR,2009,1.94782744330848,1.94782744330848,25.33991935873768,8.862728102066894,3.74576940136258,62.3709560152269,0.971862998667636,23.43879232569809,-0.2775582,0,0.0,30.0,0,0.0,0,32030778.0,101154952240.881,0,1,1,0
MAR,2010,1.2299824583835,1.2299824583835,25.337052092506745,8.883312536886093,3.49955709403216,69.541979610144,0.993557401226392,23.483509293892705,-0.116891399999999,0,0.0,30.0,0,0.0,0,32467016.0,100865329473.44,0,1,1,1
MAR,2011,2.29046840496639,2.29046840496639,25.42447894632916,8.923163900853172,5.52464523319847,76.8258714906247,0.9069249096918,23.57669641750476,-0.1652959,0,0.0,30.0,0,0.0,0,32912588.0,110080631332.375,0,1,1,1
MAR,2012,2.65758712641507,2.65758712641507,25.39550938157205,8.939665394588891,3.06234368502997,78.2221018956072,1.28712240079219,23.56111382473604,-0.2011827,0,0.0,30.0,0,0.0,0,33355241.0,106937392311.129,0,1,1,1
MAR,2013,2.9038626404404,2.9038626404404,25.474605975349625,8.966870665235572,4.12221286860944,73.8577565315318,1.88065466724086,23.5945367190599,-0.2189575,0,0.0,30.0,0,0.0,0,33787571.0,115739287305.08,0,1,1,1
MAR,2014,2.95925435484489,2.95925435484489,25.50348823370314,8.981153388337251,2.7192440802029,71.8935667539398,0.442310053557048,23.62055349760954,-0.2696224,0,0.0,30.0,0,0.0,0,34204780.0,119130841411.664,0,1,1,1
MAR,2015,2.94611108390154,2.94611108390154,25.427501178907,9.011744129251108,4.34458297635238,67.2886759253849,1.5579071134626,23.52524745174317,-0.2363813,0,0.0,30.0,0,0.0,0,34607588.0,110413823841.592,0,1,1,1
MAR,2016,1.93000540251056,1.93000540251056,25.43794444715728,9.004783812613598,0.52118550608968,71.1226603816864,1.63531114327064,23.53455532337059,-0.1396764,0,0.0,30.0,0,0.0,0,35023457.0,111572947004.917,0,1,1,1
MAR,2017,2.26092196120538,2.26092196120538,25.4985211302089,9.041922760476416,5.05789816173446,74.1733578786573,0.754663249323619,23.591115979431503,-0.2631327,0,0.0,30.0,0,0.0,0,35446392.0,118540573367.844,0,1,1,1
MAR,2018,2.78337936840164,2.78337936840164,25.570135523445508,9.0608828288014,3.06564133025955,77.2548875243989,1.80391671141896,23.656456134299912,-0.3161959,0,0.0,30.0,0,0.0,0,35839760.0,127341147581.818,0,1,1,1
MAR,2019,1.33479789567415,1.33479789567415,25.58245996036264,9.07888405703086,2.89097476137077,75.9981158798422,0.303386036590383,23.66125233413036,-0.1333028,0,0.0,30.0,0,0.0,0,36210898.0,128920266409.458,0,1,1,1
MAR,2020,1.16907334587558,1.16907334587558,25.521974806221625,8.99399404066708,-7.17820744246774,68.8438033904364,0.705968661338261,23.62606783500165,-0.0577221999999999,0,0.0,30.0,0,0.0,0,36584208.0,121353645057.144,0,1,1,1
MAR,2021,1.59422321445366,1.59422321445366,25.67924822366116,9.062219134722346,8.15473889823681,75.5234171756506,1.40195883962006,23.75641517293116,-0.1241745,0,0.0,30.0,0,0.0,0,36954442.0,142022058447.231,0,1,1,1
MAR,2022,1.74814323662076,1.74814323662076,25.60033402581461,9.069979798308625,1.81269242194809,100.906310201651,6.65704202759067,23.782095426453807,-0.1200179,0,0.0,30.0,0,0.0,0,37329064.0,131245312804.483,0,1,1,1
MAR,2023,0.725864122672683,0.725864122672683,25.70711964499732,9.095529964460814,3.65564411017931,93.1178844179777,6.09114152504141,23.841659618750224,-0.0188320999999999,0,0.0,30.0,0,0.0,0,37712505.0,146036093666.762,0,1,1,1
MAR,2024,1.08850441035779,1.08850441035779,25.80225109224765,9.12290131121334,3.79336515978963,92.1872446062404,0.985256592004507,23.88590876142497,0.1763559,0,0.0,30.0,0,0.0,0,38081173.0,160610994054.734,0,1,1,1
MDA,1996,1.40048902464642,1.40048902464642,21.251020654186,8.709983181943139,-5.87706028626823,129.237536040111,23.5056772963368,22.9812351445266,-0.7325729,0,0.0,30.0,0,0.0,0,2947293.0,1695122173.91304,0,1,1,0
MDA,1997,4.07962117197816,4.07962117197816,21.380827895368068,8.730018011222834,1.64706456037401,127.560400247842,11.7728324494467,22.948974469866148,,0,0.0,30.0,0,0.0,0,2936413.0,1930081168.83117,0,0,0,0
MDA,1998,4.44511814313197,4.44511814313197,21.253139394272708,8.66276188324894,-6.54219207711182,116.803124451539,7.69576517517204,22.9568170014814,-0.6073685,0,0.0,30.0,0,0.0,0,2935227.0,1698717504.65549,0,1,1,0
MDA,1999,3.23458756906799,3.23458756906799,20.88093855628251,8.630069118619284,-3.36825447657218,117.527935193889,39.2559806891747,22.96128428603035,,0,0.0,30.0,0,0.0,0,2930622.0,1170782957.37443,0,0,0,0
MDA,2000,9.89887383909094,9.89887383909094,20.97668978779656,8.652960945937691,2.10771608200733,126.163100130478,31.2993015817784,22.94666586123738,-0.6693344,0,0.0,30.0,0,0.0,0,2924668.0,1288429391.79951,0,1,1,0
MDA,2001,6.98600963880541,6.98600963880541,21.115762952300614,8.714409065705915,6.10000039929173,124.500739599353,9.76466285757623,22.94824763112478,,0,0.0,30.0,0,0.0,0,2918135.0,1480673594.05602,0,0,0,0
MDA,2002,5.05771338869042,5.05771338869042,21.23117812211325,8.791832335638267,7.79999965773833,129.839525501535,5.30124390261601,23.01566264796923,-0.7261883,0,0.0,30.0,0,0.0,0,2911385.0,1661818168.4226,0,1,1,0
MDA,2003,3.72304120351932,3.72304120351932,21.40682087705332,8.858561685939037,6.59999995777716,140.056529925052,11.7460792058232,23.177513821232864,-0.731165699999999,0,0.0,30.0,0,0.0,0,2903198.0,1980907434.76826,0,1,1,0
MDA,2004,5.81198983204296,5.81198983204296,21.67810380750999,8.932426151085686,7.39999973358189,132.69906968032,12.5242768428228,23.319263349478057,-0.8264427,0,0.0,30.0,0,0.0,0,2896023.0,2598249555.89984,0,1,1,0
MDA,2005,6.38146310288962,6.38146310288962,21.817984859021607,9.007180001173083,7.5000001493726,143.023568469138,11.9591837222127,23.39599207295094,-0.9015247,0,0.0,30.0,0,0.0,0,2888985.0,2988342907.03096,0,1,1,0
MDA,2006,7.58980668418465,7.58980668418465,21.94946639925197,9.056842813195766,4.79999983670831,137.154763819994,12.777755783035,23.480602556471805,-0.8426635,0,0.0,30.0,0,0.0,0,2880967.0,3408255450.5509,0,1,1,0
MDA,2007,12.1790254892383,12.1790254892383,22.20513696777276,9.0887188008788,3.00000022585525,142.720539023021,12.3671668414302,23.627617977665142,-0.7566373,0,0.0,30.0,0,0.0,0,2874299.0,4401173151.93767,0,1,1,0
MDA,2008,12.0005134783383,12.0005134783383,22.524121187641224,9.165729766276428,7.80000014541523,134.4216013477,12.7830472618821,23.73577470480065,-0.727406099999999,0,0.0,30.0,0,0.0,0,2868833.0,6054824248.24221,0,1,1,0
MDA,2009,4.85271053589236,4.85271053589236,22.41694089824989,9.105116993671958,-6.00000026352828,110.363326850495,-0.0627185967109007,23.63793169766404,-0.746246299999999,0,0.0,30.0,0,0.0,0,2865213.0,5439434271.78807,0,1,1,0
MDA,2010,4.25879212676733,4.25879212676733,22.665595636994954,9.17470811587735,7.10000010705836,87.9378518951573,7.48385086350853,23.697677380484453,-0.604127499999999,0,0.0,30.0,0,0.0,0,2862354.0,6974982369.60155,0,1,1,1
MDA,2011,4.43147611475958,4.43147611475958,22.853204658712173,9.231838499934256,5.81816614684824,98.6175965326556,7.68725103356181,23.80555522572764,-0.5793138,0,0.0,30.0,0,0.0,0,2860699.0,8414352020.49442,0,1,1,1
MDA,2012,2.88432657387508,2.88432657387508,22.88763872910067,9.226054797844236,-0.589733954762579,96.3064098336294,4.54633427355302,23.79870767490539,-0.5624904,0,0.0,30.0,0,0.0,0,2860324.0,8709138634.82921,0,1,1,1
MDA,2013,2.54698521289676,2.54698521289676,22.974212089071155,9.312902687589396,9.0438656074181,95.6872968332383,4.59787897363136,23.834667726208952,-0.5012795,0,0.0,30.0,0,0.0,0,2859558.0,9496717875.51932,0,1,1,1
MDA,2014,3.67896919655633,3.67896919655633,22.96419785658411,9.362299009060068,4.99962585407656,94.2282919690928,5.08878554625869,23.850701974648818,-0.463918799999999,0,0.0,30.0,0,0.0,0,2857815.0,9402090137.7423,0,1,1,1
MDA,2015,2.89663554883048,2.89663554883048,22.77709044856721,9.366581415334885,-0.338235622387202,88.9664154565323,9.67624033101859,23.74330598487678,-0.6288785,0,0.0,30.0,0,0.0,0,2835978.0,7797667196.73087,0,1,1,1
MDA,2016,1.09561343852844,1.09561343852844,22.800319163581417,9.423624815890474,4.64601436259409,89.0046837188671,6.35930898037931,23.75389876141141,-0.6014068,0,0.0,30.0,0,0.0,0,2803186.0,7980917075.7748,0,1,1,1
MDA,2017,1.5715119911375,1.5715119911375,22.97607269949627,9.481803267076383,4.17561205106279,88.6233902754378,6.57022997455604,23.815353542033986,-0.4025781,0,0.0,30.0,0,0.0,0,2755189.0,9514404016.20949,0,1,1,1
MDA,2018,2.75177990255296,2.75177990255296,23.143843136686137,9.539320639867544,4.07559546585034,87.4467874275648,3.04505397337058,23.880222356278168,-0.215601899999999,0,0.0,30.0,0,0.0,0,2707203.0,11252353420.8798,0,1,1,1
MDA,2019,4.44218297010915,4.44218297010915,23.18599479084364,9.590230554345805,3.5523140853476,87.6322371148906,4.83778351428729,23.88508198522326,-0.2731316,0,0.0,30.0,0,0.0,0,2664224.0,11736797054.6965,0,1,1,1
MDA,2020,1.35047634241375,1.35047634241375,23.168282890247472,9.514824989337823,-8.27597831976949,79.265722119158,3.76597122245358,23.85493640607008,-0.2721944,0,0.0,30.0,0,0.0,0,2635130.0,11530746234.4492,0,1,1,1
MDA,2021,2.8200678267721,2.8200678267721,23.340068009225163,9.660273321442544,13.9299997889786,88.4708865399267,5.10641129002836,23.9919980813908,-0.210143599999999,0,0.0,30.0,0,0.0,0,2595809.0,13691869264.0794,0,1,1,1
MDA,2022,4.03446735088075,4.03446735088075,23.39916037684828,9.638891081202152,-4.64785101037361,112.117671579766,28.7372976766236,24.01817671350229,-0.133791,0,0.0,30.0,0,0.0,0,2528654.0,14525337523.7271,0,1,1,1
MDA,2023,2.15951089914844,2.15951089914844,23.53938728113564,9.679128693596278,1.18802067937429,93.9946211488052,13.41701043813,24.07495915207312,-0.0336705,0,0.0,30.0,0,0.0,0,2457783.0,16711906746.2133,0,1,1,1
MDA,2024,2.51754698286646,2.51754698286646,23.62506330218083,9.7046623563305,0.270670455512573,88.8924378793564,4.67773516007048,24.12416692709778,0.2576379,0,0.0,30.0,0,0.0,0,2402306.0,18206842140.7615,0,1,1,1
MDG,1996,0.206045785109723,0.206045785109723,22.318982246407053,7.40447739192134,2.15420447175147,35.8824601668345,19.7563545439776,21.888284109694705,-0.9700687,0,0.0,30.0,0,0.0,0,14510711.0,4931861038.70763,0,1,1,0
MDG,1997,0.328537056882296,0.328537056882296,22.17323086297948,7.408196020069204,3.69349261691789,36.8737477819441,4.48638261737399,21.87843264986686,,0,0.0,30.0,0,0.0,0,14990814.0,4262965419.74998,0,0,0,0
MDG,1998,0.37790895322555,0.37790895322555,22.20531746716976,7.413903074267044,3.91707460516817,37.3321870147971,6.2080160866332,21.86530637772216,-0.9760298,0,0.0,30.0,0,0.0,0,15489364.0,4401967632.73718,0,1,1,0
MDG,1999,1.36481063889053,1.36481063889053,22.17672895560317,7.427357871579221,4.69922703680521,40.9244120208063,9.92953399348781,21.886615525048622,,0,0.0,30.0,0,0.0,0,16000506.0,4277903780.29131,0,0,0,0
MDG,2000,1.79192376325453,1.79192376325453,22.25566010086306,7.439232112564426,4.45685893956946,42.7771226639725,11.859684500028,21.912887973987804,-0.973968,0,0.0,30.0,0,0.0,0,16516338.0,4629247203.84524,0,1,1,0
MDG,2001,1.71117198619575,1.71117198619575,22.41673834382918,7.466515563531316,5.98023576982733,41.0351260923859,7.91694484529586,21.903378744663243,,0,0.0,30.0,0,0.0,0,17032939.0,5438332601.90798,0,0,0,0
MDG,2002,0.273965160881608,0.273965160881608,22.40068041520819,7.304135441944144,-12.4079711055149,50.1816919379298,16.4985255315846,21.94672074479441,-0.5079696,0,0.0,30.0,0,0.0,0,17549913.0,5351701663.40807,0,1,1,0
MDG,2003,0.202025723705933,0.202025723705933,22.575257519976137,7.368181473369648,9.78489212474175,34.030602917475,-1.70400479616298,22.08111924716701,-0.8781019,0,0.0,30.0,0,0.0,0,18071854.0,6372498889.66585,0,1,1,0
MDG,2004,1.0446898563867,1.0446898563867,22.345567184762857,7.3902552143516544,5.25700362208742,48.7753818852156,13.9558018033211,22.21407603005112,-0.675701,0,0.0,30.0,0,0.0,0,18606608.0,5064732626.29389,0,1,1,0
MDG,2005,1.45800803699285,1.45800803699285,22.49129081717517,7.407424692331659,4.75584509499119,59.1300849357677,18.3638246468932,22.30103192485265,-0.566499099999999,0,0.0,30.0,0,0.0,0,19159707.0,5859269752.61332,0,1,1,0
MDG,2006,4.60749200280627,4.60749200280627,22.57889367952301,7.430626080213892,5.3985084485368,62.1028389370244,10.7656371554865,22.39034933824705,-0.5842788,0,0.0,30.0,0,0.0,0,19730909.0,6395712490.94304,0,1,1,0
MDG,2007,9.26011530963958,9.26011530963958,22.86622438869636,7.456811232142756,5.71056419885052,66.7027353570049,10.2879663187671,22.524682433285903,-0.4517328,0,0.0,30.0,0,0.0,0,20318583.0,8524620889.57747,0,1,1,0
MDG,2008,10.5779307609142,10.5779307609142,23.095856143044465,7.492427297780084,6.71263253913001,74.357353960806,9.29650839381057,22.629887614734645,-0.5164841,0,0.0,30.0,0,0.0,0,20923840.0,10725137723.6549,0,1,1,0
MDG,2009,13.4485427881281,13.4485427881281,22.986785663286284,7.422466652235898,-3.9787086116544,62.4116975958196,8.95421802392949,22.575031625510025,-0.5389524,0,0.0,30.0,0,0.0,0,21547280.0,9616879409.43789,0,1,1,0
MDG,2010,9.13867133828111,9.13867133828111,23.02412056753358,7.3995479893613,0.619239744622121,57.8748945101807,9.24732173644116,22.676808200491184,-0.6564666,0,0.0,30.0,0,0.0,0,22183340.0,9982711338.07029,0,1,1,1
MDG,2011,7.05979214971634,7.05979214971634,23.170108804178746,7.386812412385,1.57842705366555,56.4830925951893,9.48254048582992,22.792683123131425,-0.7418961,0,0.0,30.0,0,0.0,0,22822300.0,11551819617.874,0,1,1,1
MDG,2012,7.03680533355538,7.03680533355538,23.17245679584316,7.388816811650001,3.01114811621208,52.6517140811255,5.71384434191053,22.813045770323704,-0.908933,0,0.0,30.0,0,0.0,0,23462438.0,11578975061.9479,0,1,1,1
MDG,2013,4.55464531104897,4.55464531104897,23.24286014103426,7.384363492302551,2.30037622800727,56.3675817900932,5.8264294445198,22.84106581508189,-0.931553299999999,0,0.0,30.0,0,0.0,0,24109290.0,12423555455.3853,0,1,1,1
MDG,2014,2.97751123297568,2.97751123297568,23.250829388720085,7.390402323003925,3.33920311195367,61.9694322111234,6.08040811088302,22.866756586367977,-0.9922593,0,0.0,30.0,0,0.0,0,24764348.0,12522957399.2281,0,1,1,1
MDG,2015,2.89727727453157,2.89727727453157,23.15010372052902,7.394849904912826,3.13229807490305,61.2203788365078,7.40419174202129,22.798561148100696,-0.999533399999999,0,0.0,30.0,0,0.0,0,25426702.0,11323020701.3017,0,1,1,1
MDG,2016,4.56460803171494,4.56460803171494,23.195476723714425,7.407871119078194,3.99314606199499,60.8346984831423,6.03575858154679,22.812253640810223,-0.8355651,0,0.0,30.0,0,0.0,0,26099952.0,11848613858.442,0,1,1,1
MDG,2017,3.52797151000056,3.52797151000056,23.3016866298991,7.420415803890578,3.93330759462793,65.3434015072915,8.60905075422949,22.8819078364185,-0.819978,0,0.0,30.0,0,0.0,0,26788375.0,13176313593.5509,0,1,1,1
MDG,2018,4.44792798727992,4.44792798727992,23.34503408821994,7.425826330743722,3.19435651744398,67.8415046683582,8.59422958870476,22.94386139074593,-0.8877092,0,0.0,30.0,0,0.0,0,27494926.0,13760033282.2925,0,1,1,1
MDG,2019,3.36279830994653,3.36279830994653,23.36977140788179,7.442979738512492,4.41123212909589,62.6013230457128,5.61051441492365,22.95897298160316,-0.867749,0,0.0,30.0,0,0.0,0,28219554.0,14104664678.5063,0,1,1,1
MDG,2020,2.74657132350245,2.74657132350245,23.29216440170957,7.343249721845152,-7.13767162064489,49.0107073650291,4.20179312190557,22.92394220316656,-0.9069144,0,0.0,30.0,0,0.0,0,28953556.0,13051441204.053,0,1,1,1
MDG,2021,2.49072338064723,2.49072338064723,23.38734547840682,7.363553779277127,4.65068343174309,55.2158585927485,5.81225118787715,23.062539897653085,-0.9458829,0,0.0,30.0,0,0.0,0,29691083.0,14354731964.3258,0,1,1,1
MDG,2022,3.04942783216552,3.04942783216552,23.45387164354778,7.379275290423594,4.13753534956307,70.4708546790091,8.16059031991844,23.103602882424774,-0.9182243,0,0.0,30.0,0,0.0,0,30437261.0,15342178598.2475,0,1,1,1
MDG,2023,3.23953789790907,3.23953789790907,23.498146179901333,7.396093253805295,4.23086580696344,62.7622147594312,9.87432675044888,23.139025191788665,-0.9548243,0,0.0,30.0,0,0.0,0,31195932.0,16036707975.7567,0,1,1,1
MDG,2024,3.44577112659577,3.44577112659577,23.590757422874344,7.414060887473933,4.32283728087992,57.5370213293734,7.61335784313723,23.17808004796681,-0.8631928,0,0.0,30.0,0,0.0,0,31964956.0,17592832696.1336,0,1,1,1
MEX,1996,2.12551917782763,2.12551917782763,26.79205697185267,9.785597355514517,6.21829715869302,47.7678235339067,34.3783832235168,22.4699840165834,-0.4136033,0,3.6375861597263857,0.0,1,37.0,1,92452702.0,432157945024.428,0,1,1,0
MEX,1997,2.4510099356897,2.4510099356897,26.983706454709285,9.83828975526669,7.19887615284711,46.4918755715735,20.6256287259247,22.49539911939429,,0,0.0,1.0,0,0.0,0,94021207.0,523449530464.257,0,0,0,0
MEX,1998,2.28836855124077,2.28836855124077,27.046658566780486,9.881909688702358,6.18507893082885,48.0318841400179,15.9283950119353,22.520220376709805,0.0376533,0,0.0,2.0,0,0.0,0,95575245.0,557461102630.658,0,1,1,0
MEX,1999,2.20848433629662,2.20848433629662,27.170966803202617,9.893098032213013,2.75503039300564,48.0122495761105,16.5856169707538,22.56197906666636,,0,0.0,3.0,0,0.0,0,97115707.0,631249359702.389,0,0,0,0
MEX,2000,2.47719212470142,2.47719212470142,27.332697731346503,9.926739799855174,5.02928399378261,49.9104091872497,9.49156149435403,22.607831882884152,0.01828,0,0.0,4.0,0,0.0,0,98625552.0,742061329749.127,0,1,1,0
MEX,2001,3.77607805696573,3.77607805696573,27.40294616340476,9.907390844427631,-0.450845253215945,44.7401090123173,6.36773806235037,22.620379053038363,,0,0.0,5.0,0,0.0,0,100099099.0,796064590549.136,0,0,0,0
MEX,2002,2.48685750053046,2.48685750053046,27.4211221125836,9.890645108614631,-0.236588001922641,45.209829259652,5.03072733151295,22.653927180676675,-0.3151304,0,0.0,6.0,0,0.0,0,101548624.0,810666116401.915,0,1,1,0
MEX,2003,2.37188032037657,2.37188032037657,27.363860324752046,9.888448195716997,1.18554486709559,48.7004168690455,4.54690012118718,22.738139083423828,-0.270301299999999,0,0.0,7.0,0,0.0,0,102978515.0,765549967888.647,0,1,1,0
MEX,2004,3.06821035154364,3.06821035154364,27.43191048084196,9.90982861992092,3.56544102622887,52.0406200335632,4.68840884843143,22.832995990692368,-0.2433608,0,0.0,8.0,0,0.0,0,104394131.0,819459227375.022,0,1,1,0
MEX,2005,2.74220134246066,2.74220134246066,27.544996728181854,9.917255107579267,2.11324711473297,52.5626446570451,3.98805714597437,22.90735574126704,-0.1302682,0,0.0,9.0,0,0.0,0,105811504.0,917571853437.344,0,1,1,0
MEX,2006,2.16893035275929,2.16893035275929,27.65108357013543,9.950649039163578,4.80501351664901,54.4821160886169,3.62946762439132,22.97873972629064,-0.0851155,0,0.0,10.0,0,0.0,0,107253666.0,1020265057882.01,0,1,1,0
MEX,2007,2.81398718042151,2.81398718042151,27.72847041970261,9.957135841353374,2.0778639395329,55.2585243990368,3.96684905458235,23.06652948187505,-0.159785899999999,0,0.0,11.0,0,0.0,0,108774360.0,1102355554880.44,0,1,1,0
MEX,2008,2.56307995857491,2.56307995857491,27.78077941477409,9.95192338089968,0.943331872912935,56.3652818731773,5.12498274575896,23.128882472537992,0.0066137999999999,0,0.0,12.0,0,0.0,0,110374288.0,1161553459984.65,0,1,1,0
MEX,2009,2.08311648643152,2.08311648643152,27.57279586669918,9.872282898470386,-6.29525056697287,54.5917421356323,5.29735584228856,23.088003928758027,0.103917,0,0.0,13.0,0,0.0,0,111999721.0,943437414950.633,0,1,1,0
MEX,2010,2.76223720236461,2.76223720236461,27.731250303599243,9.906402574140818,4.9713345832195,59.2733845336286,4.15672722680174,23.156667806776323,-0.0704234,0,0.0,14.0,0,0.0,0,113623895.0,1105424238651.95,0,1,1,1
MEX,2011,1.9442261568419,1.9442261568419,27.837233096504605,9.926109738773675,3.44404505297089,62.1623872764498,3.40737824605742,23.231884632104567,0.0989004,0,0.0,15.0,0,0.0,0,115243504.0,1229013703416.76,0,1,1,1
MEX,2012,1.45258915061197,1.45258915061197,27.858244672483703,9.947453514211718,3.55321076010608,64.2579318938989,4.11150981070289,23.260041120498947,0.198193,0,0.0,16.0,0,0.0,0,116818208.0,1255110424741.85,0,1,1,1
MEX,2013,3.83670268116194,3.83670268116194,27.914270596774703,9.94296534997966,0.852101550164704,62.6916747661852,3.80639069747204,23.28920530701801,0.2228276,0,0.0,17.0,0,0.0,0,118343573.0,1327436290439.27,0,1,1,1
MEX,2014,2.08415748539387,2.08415748539387,27.941814833135503,9.95559440874845,2.50376350783593,64.0984090315875,4.01861608078679,23.31934164673596,0.131427,0,0.0,18.0,0,0.0,0,119784261.0,1364507717689.36,0,1,1,1
MEX,2015,2.98783786611186,2.98783786611186,27.82436047624257,9.971563325292143,2.70232343024026,70.4129746799259,2.72064064964023,23.296787175598816,0.0999956999999999,0,0.0,19.0,0,0.0,0,121072306.0,1213294467653.78,0,1,1,1
MEX,2016,3.49768027047347,3.49768027047347,27.73739126943793,9.97944176078822,1.7724932254128,75.6903034088551,2.8217078474766,23.31700139117928,0.1280596,0,0.0,20.0,0,0.0,0,122251351.0,1112233497452.7,0,1,1,1
MEX,2017,2.78307493364523,2.78307493364523,27.805580521566714,9.98863363945339,1.87172854648381,76.95212604414,6.04145724018986,23.37054582537491,0.0099863,0,0.0,21.0,0,0.0,0,123400057.0,1190721475853.16,0,1,1,1
MEX,2018,3.0141785043816,3.0141785043816,27.8591921546096,9.9986965009417,1.97208211101069,80.212661650262,4.89935015356551,23.425437839788493,-0.0269292,0,0.0,22.0,0,0.0,0,124573711.0,1256300182983.65,0,1,1,1
MEX,2019,2.29651449559824,2.29651449559824,27.896539020906648,9.98526042197383,-0.392690513290532,77.4619722509459,3.63596142127046,23.4510641031974,-0.0086684999999999,0,0.0,23.0,0,0.0,0,125762982.0,1304106204006.27,0,1,1,1
MEX,2020,2.81400875229273,2.81400875229273,27.745300034592944,9.889818646372431,-8.35403459379062,76.8545557151738,3.39683415570006,23.4298655580054,-0.0462657999999999,0,0.0,24.0,0,0.0,0,126799054.0,1121064767168.8,0,1,1,1
MEX,2021,2.70530313479407,2.70530313479407,27.90605058079068,9.941870787414398,6.04848347173572,83.0692976264524,5.68920847683753,23.548154580828463,-0.0457428999999999,0,0.0,25.0,0,0.0,0,127648148.0,1316569466833.94,0,1,1,1
MEX,2022,2.67267286267437,2.67267286267437,28.014196118014464,9.970765631868325,3.70975708309098,88.7984855897261,7.8962761916855,23.61398033647093,-0.0874176,0,0.0,26.0,0,0.0,0,128613117.0,1466934724243.38,0,1,1,1
MEX,2023,1.7099038174861,1.7099038174861,28.215697586808904,9.992638970148464,3.1067964131456,73.7390758255664,5.52796087314389,23.66707666524935,-0.0748651999999999,0,0.0,27.0,0,0.0,0,129739759.0,1794410347718.25,0,1,1,1
MEX,2024,2.48429388161511,2.48429388161511,28.23560443015007,9.99744918897775,1.35057631384696,75.4259015415068,4.72225588452932,23.71297804261893,-0.2199329,0,0.0,28.0,0,0.0,0,130861007.0,1830489311088.89,0,1,1,1
MKD,1996,0.241489630939744,0.241489630939744,22.258415723915032,9.264025442189396,1.18510388873231,57.9231431142338,2.46660008582917,23.095632600510573,-0.649826399999999,0,0.0,30.0,0,0.0,0,2012553.0,4642021256.30689,0,1,1,0
MKD,1997,0.402250343703204,0.402250343703204,22.087566625599912,9.286146174388618,1.43998133659125,71.8342589043406,1.29436487155047,23.058688973458484,,0,0.0,30.0,0,0.0,0,1996869.0,3912986090.97363,0,0,0,0
MKD,1998,4.01398371553196,4.01398371553196,22.04921155995233,9.314054108019649,3.37873564718296,76.5874821175197,0.544199652523073,23.07297827321392,-1.0527655,0,0.0,30.0,0,0.0,0,2007523.0,3765745023.2074,0,1,1,0
MKD,1999,2.36373528779129,2.36373528779129,22.074870219658603,9.351749368779387,4.33902791307588,72.6249786897251,-1.27928657572628,23.077046711485742,,0,0.0,30.0,0,0.0,0,2017142.0,3863619284.77939,0,0,0,0
MKD,2000,5.76504706871211,5.76504706871211,22.051098915503896,9.391681855545478,4.54913578288874,80.1601473580914,6.60742291038536,23.0523065934185,-1.0517492,0,0.0,30.0,0,0.0,0,2026350.0,3772859034.20508,0,1,1,0
MKD,2001,12.6581341812696,12.6581341812696,22.03419960381132,9.356327353453764,-3.06725662451662,71.4782105684389,5.19888525744048,23.055225417195047,,0,4.290459441148391,0.0,1,72.0,1,2034882.0,3709636030.66578,0,0,0,0
MKD,2002,2.8417888915258,2.8417888915258,22.11414112632678,9.378416155647646,1.49366547202928,71.5334846721143,2.31459794083216,23.12552942348461,-0.6266164,0,0.0,1.0,0,0.0,0,2020157.0,4018365747.00972,0,1,1,0
MKD,2003,2.40668449308174,2.40668449308174,22.32190497171322,9.399128393172049,2.22260165732409,71.0693204909674,0.855562122724219,23.29498746054362,-0.746071199999999,0,0.0,2.0,0,0.0,0,2022725.0,4946296599.08467,0,1,1,0
MKD,2004,5.4398972911896,5.4398972911896,22.46070717344935,9.448047825819556,4.67408957960916,80.8704849956907,-0.448650206551934,23.4359087482406,-0.204975599999999,0,0.0,3.0,0,0.0,0,2016186.0,5682784471.69722,0,1,1,0
MKD,2005,2.32207737874559,2.32207737874559,22.557222813871206,9.49960577634892,4.72408864201974,85.8410034787176,0.525515950714247,23.504551384078585,-0.4250752,0,0.0,4.0,0,0.0,0,2005330.0,6258602872.67898,0,1,1,0
MKD,2006,6.22985642423446,6.22985642423446,22.649152121518306,9.555222134048524,5.13702516153505,92.5516664675666,3.21362929606345,23.584149716875064,-0.343478499999999,0,0.0,5.0,0,0.0,0,1994287.0,6861226971.55617,0,1,1,0
MKD,2007,8.79828562205673,8.79828562205673,22.843906298948585,9.623657483724292,6.47348685752347,106.092966003288,2.2517579830545,23.72715717075761,-0.3422349,0,0.0,6.0,0,0.0,0,1982933.0,8336474973.72949,0,1,1,0
MKD,2008,6.17271448582765,6.17271448582765,23.01676502125242,9.682718763805967,5.47200139015595,111.570054713298,8.33189666968108,23.830318005833263,-0.2809392,0,0.0,7.0,0,0.0,0,1971493.0,9909552434.51136,0,1,1,0
MKD,2009,2.76045082206623,2.76045082206623,22.96416027781717,9.685594441819768,-0.358614856979671,87.1767537660809,-0.739633963061192,23.73964743068168,-0.234658899999999,0,0.0,8.0,0,0.0,0,1958782.0,9401736825.42688,0,1,1,0
MKD,2010,3.20438209801498,3.20438209801498,22.964738035584745,9.72502395526742,3.35875085773812,97.8810691156562,1.50997522027613,23.78431143014249,-0.522895,0,0.0,9.0,0,0.0,0,1946298.0,9407170321.37752,0,1,1,1
MKD,2011,4.83981702288781,4.83981702288781,23.07412922671332,9.752736530140188,2.33988604520331,113.19191013947,3.9047542206974,23.882216777684288,-0.354049799999999,0,0.0,10.0,0,0.0,0,1937398.0,10494626767.6445,0,1,1,1
MKD,2012,3.46744163927686,3.46744163927686,23.000046983356395,9.752082844191031,-0.456183223607937,112.214834702155,3.31605566687647,23.863844736373327,-0.0959845,0,0.0,11.0,0,0.0,0,1929821.0,9745261300.57788,0,1,1,1
MKD,2013,3.72036775399161,3.72036775399161,23.104449735325616,9.784604211984838,2.92525766450484,104.857229956305,2.78500056726109,23.89872426892214,-0.0831042999999999,0,0.0,12.0,0,0.0,0,1922716.0,10817702346.0674,0,1,1,1
MKD,2014,0.535807905351314,0.535807905351314,23.153563636415072,9.822939221073892,3.62912351276373,112.537928969299,-0.281705032928494,23.91925701591812,0.1406151,0,0.0,13.0,0,0.0,0,1917557.0,11362265252.778,0,1,1,1
MKD,2015,2.94702779153329,2.94702779153329,23.03228220116661,9.863450356133296,3.85586514041738,113.698443879103,-0.299920475631462,23.81231856771023,-0.0722863,0,0.0,14.0,0,0.0,0,1912430.0,10064519962.5655,0,1,1,1
MKD,2016,5.14755489783813,5.14755489783813,23.09093309139953,9.894738010107424,2.84820519363306,116.185408418026,-0.239290787684501,23.823747502260343,-0.121857799999999,0,0.0,15.0,0,0.0,0,1906313.0,10672467073.2873,0,1,1,1
MKD,2017,3.36726558000357,3.36726558000357,23.14869377157608,9.909521860328104,1.08177273813243,124.13728389629,1.35161889677442,23.880599749691125,-0.0997098,0,0.0,16.0,0,0.0,0,1898657.0,11307067069.6658,0,1,1,1
MKD,2018,5.11494867914756,5.11494867914756,23.26353372153205,9.942992942437035,2.88059670964267,133.215207648008,1.45831298507126,23.94535108282704,0.0333879,0,0.0,17.0,0,0.0,0,1889051.0,12683068114.2388,0,1,1,1
MKD,2019,4.35892493383855,4.35892493383855,23.257465575887853,9.988145020707972,3.91041953840173,138.576231840539,0.766439573459805,23.946453975299924,-0.1182044,0,0.0,18.0,0,0.0,0,1876262.0,12606338448.547,0,1,1,1
MKD,2020,0.0622421869397704,0.0622421869397704,23.23781517816273,9.950916891362583,-4.68845000956652,128.241244322257,1.20007348888469,23.914795406353683,-0.0922934,0,0.0,19.0,0,0.0,0,1856124.0,12361036913.8409,0,1,1,1
MKD,2021,4.97315294989199,4.97315294989199,23.36234343971441,10.005330548104768,4.51067949038222,146.721411484074,3.23074912132928,24.048802793011543,-0.0787865,0,0.0,20.0,0,0.0,0,1837114.0,14000283827.0154,0,1,1,1
MKD,2022,6.13067578989693,6.13067578989693,23.357485523303808,10.035490488891147,2.75888415332967,166.147357379878,14.2047173195833,24.07127858356063,0.0111046,0,0.0,21.0,0,0.0,0,1831712.0,13932436550.0883,0,1,1,1
MKD,2023,4.04601094449743,4.04601094449743,23.48675901919509,10.062848441270583,2.554965253403,147.79425348309,9.36187249769015,24.13426981313058,0.022351,0,0.0,22.0,0,0.0,0,1827816.0,15855131188.9092,0,1,1,1
MKD,2024,6.23445071550033,6.23445071550033,23.553632911948373,10.094239539019553,2.99373536567732,136.324876175556,3.48974086026954,24.18259030168005,-0.0323427,0,0.0,23.0,0,0.0,0,1824359.0,16951682221.3962,0,1,1,1
MLI,1996,0.726919059495424,0.726919059495424,22.043180895655794,7.652201522055145,6.36569576896082,38.9934967645734,6.80545996788233,22.32773402370917,-1.35382919999999,0,0.0,30.0,0,0.0,0,10407278.0,3743103419.72181,0,1,1,0
MLI,1997,2.17754659309529,2.17754659309529,21.95140803961671,7.669862920570543,4.12133954313308,45.0487038453973,-0.362999795946695,22.315163189161463,,0,0.0,30.0,0,0.0,0,10646495.0,3414879485.57287,0,0,0,0
MLI,1998,0.245394189320896,0.245394189320896,22.08281404547348,7.708949612829215,6.65326037352882,39.8302450902699,4.03658945954986,22.327922980242786,-1.3597903,0,0.0,30.0,0,0.0,0,10919573.0,3894433432.46149,0,1,1,0
MLI,1999,0.757651568067854,0.757651568067854,22.13216430298572,7.7271330082848575,4.70587926200665,40.5393029673842,-1.20190368637502,22.32538368687907,,0,0.0,30.0,0,0.0,0,11227415.0,4091446054.14913,0,0,0,0
MLI,2000,1.71320201231123,1.71320201231123,21.982172998555363,7.690614701027484,-0.736019992224286,44.6657609797786,-0.677661659046769,22.33162463555125,-1.3577285,0,0.0,30.0,0,0.0,0,11559290.0,3521570875.85064,0,1,1,0
MLI,2001,5.0675122177655,5.0675122177655,22.14015768245984,7.807291049849789,15.806031742271,49.3239069918871,5.18701191944068,22.3340822571049,,0,0.0,30.0,0,0.0,0,11912158.0,4124281593.68874,0,0,0,0
MLI,2002,-0.266203399112773,-0.266203399112773,22.259538956784137,7.806134292330616,3.03627540738884,46.3529227420157,5.03282275711194,22.38642918768368,-0.8107898,0,0.0,30.0,0,0.0,0,12288050.0,4647238256.56563,0,1,0,0
MLI,2003,1.29366756461807,1.29366756461807,22.44703425614168,7.867809028748926,9.79712256086644,46.8915346664544,-1.34672619047621,22.525574671427297,-1.0756994,0,0.0,30.0,0,0.0,0,12684955.0,5605613011.29141,0,1,1,0
MLI,2004,1.31045129448709,1.31045129448709,22.592877143399203,7.850094755431067,1.47732490290102,44.0120986426998,-3.09978128063957,22.65610492395055,-1.0002198,0,0.0,30.0,0,0.0,0,13102409.0,6485774930.41503,0,1,1,0
MLI,2005,2.15749775649199,2.15749775649199,22.72866610926632,7.84240949094285,2.53837834888921,44.9124085072514,6.39788293897883,22.73512332478961,-0.887585,0,0.0,30.0,0,0.0,0,13538647.0,7429066951.56583,0,1,1,0
MLI,2006,1.80622500320411,1.80622500320411,22.828863255975293,7.845836763496609,3.68960265255278,49.0190773451934,1.54352596927582,22.821594010193564,-0.9167964,0,0.0,30.0,0,0.0,0,13990139.0,8212007553.99393,0,1,1,0
MLI,2007,2.12739780757523,2.12739780757523,22.995293515837663,7.830404522073744,1.76004607852802,46.8977916237168,1.41200201714577,22.952285022882045,-0.864002899999999,0,0.0,30.0,0,0.0,0,14457775.0,9699047442.57905,0,1,1,0
MLI,2008,2.33379628947898,2.33379628947898,23.16234587542024,7.833283062713355,3.63871070923719,53.6430193085481,9.17098813667678,23.049498490234576,-0.8339004,0,0.0,30.0,0,0.0,0,14940782.0,11462490840.2195,0,1,1,0
MLI,2009,5.34101259309872,5.34101259309872,23.221024365804748,7.853816634443269,5.45473562683669,40.5413815808137,2.46375188572299,22.976272790344847,-0.8048193,0,0.0,30.0,0,0.0,0,15435539.0,12155217832.8039,0,1,1,0
MLI,2010,2.92612695497784,2.92612695497784,23.265713076200413,7.875599850531513,5.57678859793515,48.8166953656891,1.10892690670186,23.04842630174309,-0.9244336,0,0.0,30.0,0,0.0,0,15945198.0,12710739159.5014,0,1,1,1
MLI,2011,3.60372353520623,3.60372353520623,23.46105552227917,7.872205984149343,2.93537897118415,43.1814699134793,2.95564395229392,23.149692325775924,-0.8221921,0,0.0,30.0,0,0.0,0,16469049.0,15452791788.9356,0,1,1,1
MLI,2012,2.6890124945952,2.6890124945952,23.41756286880523,7.832224202444571,-1.07239924147837,49.4252356224725,5.32312847064058,23.1540934009514,-0.910092599999999,0,0.0,30.0,0,0.0,0,16957033.0,14795114602.6122,0,1,1,1
MLI,2013,1.95552894418838,1.95552894418838,23.4799279438546,7.835393411955207,3.29068742053545,54.603243985999,-0.606736356351563,23.188801040142025,-0.8529578,0,0.0,30.0,0,0.0,0,17459615.0,15747192680.9971,0,1,1,1
MLI,2014,0.844265987939144,0.844265987939144,23.561272497815267,7.866786418949774,6.50263878386326,51.0786821873053,0.883814547137841,23.21495390773264,-1.0499743,0,0.0,30.0,0,0.0,0,18020267.0,17081681993.2577,0,1,1,1
MLI,2015,1.7680955706499,1.7680955706499,23.46945803949969,7.896017086030916,6.23887890181064,53.5751760102265,1.45069057605961,23.129674237950304,-0.938338399999999,0,0.0,30.0,0,0.0,0,18593022.0,15583181170.4105,0,1,1,1
MLI,2016,2.129006916198,2.129006916198,23.54129368631609,7.922663628845828,6.00506308559498,53.6126193604252,-1.79964707083386,23.136630449460544,-0.929613999999999,0,0.0,30.0,0,0.0,0,19191289.0,16743796799.8329,0,1,1,1
MLI,2017,3.0627942747803,3.0627942747803,23.63062373450689,7.943141691822384,5.37554769647939,49.4919984941972,1.75985742927165,23.1957401774607,-0.871987899999999,0,0.0,30.0,0,0.0,0,19813011.0,18308362040.0521,0,1,1,1
MLI,2018,2.29426079238045,2.29426079238045,23.737231633928168,7.95941825952132,4.86784999935264,50.6998462523276,0.299546507387843,23.25754308330362,-0.9789893,0,4.382026634673881,0.0,1,79.0,1,20442030.0,20368015381.2413,0,1,1,1
MLI,2019,4.19531107984596,4.19531107984596,23.74258874464972,7.978026965850536,4.99999911699705,53.9987132798636,-1.65826694846365,23.2760235862065,-1.0954319,0,5.857933154483459,0.0,1,349.0,1,21068405.0,20477421884.5414,0,1,1,1
MLI,2020,2.5936673302322,2.5936673302322,23.75333001493529,7.9360918681353905,-1.16910834857605,56.0415474422019,0.438088940320669,23.23972749309986,-1.12240539999999,0,6.240275845170769,0.0,1,512.0,1,21713836.0,20698560938.7775,0,1,1,1
MLI,2021,2.78245724174957,2.78245724174957,23.85872723767071,7.936026622904394,3.10094124463507,56.7150525565465,3.92560283104277,23.36979014038449,-1.1810763,0,6.899723107284872,0.0,1,991.0,1,22388630.0,22999245262.6719,0,1,1,1
MLI,2022,3.17422530916772,3.17422530916772,23.83855680069384,7.94229505689098,3.70319027585386,61.5613274861987,9.62147608489064,23.40853650695097,-1.20601619999999,1,7.652545692693921,0.0,1,2105.0,2,23072640.0,22539987718.7642,0,1,1,1
MLI,2023,2.83542408045107,2.83542408045107,23.93321965323181,7.959094455397032,4.76394100040932,57.6291572269296,2.05880228274223,23.454998420027067,-1.2258828,1,8.47782846789396,0.0,1,4806.0,2,23769127.0,24777941860.767,0,1,1,1
MLI,2024,3.44170555566452,3.44170555566452,24.010221943884407,7.978630582425785,5.01653579205785,49.7664846904175,3.2063986409966,23.49088683942392,-1.2871409,1,7.696212639346407,0.0,1,2199.0,2,24478595.0,26761281076.7658,0,1,1,1
MMR,1996,5.06955498653302,5.06955498653302,22.53540892753889,6.91885340060677,6.44271534713997,,16.2753966377374,22.2948091271306,-1.3490638,0,5.438079308923196,0.0,1,229.0,1,43154860.0,6123556716.81329,0,0,0,0
MMR,1997,8.19907839931242,8.19907839931242,22.27555936981732,6.961075574131889,5.65158296304853,,29.6972325791529,22.27365395791652,,0,5.780743515792329,0.0,1,323.0,1,43708798.0,4722288495.66085,0,0,0,0
MMR,1998,4.8680682147655,4.8680682147655,22.58881181369887,7.005599485149794,5.86621315328905,,51.4875497504079,22.22950097247872,-1.3532658,0,4.127134385045092,0.0,1,61.0,1,44257793.0,6459461639.30243,0,0,0,0
MMR,1999,2.982385898279,2.982385898279,22.86178171712542,7.097562438694492,10.9451299817104,,18.4010433741609,22.282271654692305,,0,3.258096538021482,0.0,1,25.0,1,44787724.0,8486832800.88498,0,0,0,0
MMR,2000,2.86117768008645,2.86117768008645,22.90988618359715,7.21518879196446,13.7459305561226,,-0.109165514668565,22.325582831782405,-1.3518124,0,5.424950017481403,0.0,1,226.0,1,45290841.0,8905066163.58643,0,0,0,0
MMR,2001,3.21565753506977,3.21565753506977,22.59164534600164,7.312094174727998,11.3439970699605,,21.101305376923,22.31003965710033,,0,5.375278407684165,0.0,1,215.0,1,45771139.0,6477790688.22844,0,0,0,0
MMR,2002,2.22070502562137,2.22070502562137,22.63689369090961,7.415618048931244,12.0255134340315,,57.0745112621703,22.35400825112488,-1.57117629999999,0,5.68697535633982,0.0,1,294.0,1,46232653.0,6777632512.0781,0,0,0,0
MMR,2003,2.3777576671811,2.3777576671811,23.0715037948502,7.5359218581381695,13.8439968903798,,36.5897175323924,22.47425460911668,-1.576192,0,3.6635616461296463,0.0,1,38.0,1,46667192.0,10467109977.6717,0,0,0,0
MMR,2004,2.0001628964787,2.0001628964787,23.08103527970232,7.654555677473474,13.5646616163416,,4.53421374129692,22.600101744091205,-1.6415171,0,3.332204510175204,0.0,1,27.0,1,47068772.0,10567354056.4049,0,0,0,0
MMR,2005,1.95966396539679,1.95966396539679,23.20708626521856,7.7739741098975985,13.5689500216456,,9.36861814196704,22.68629184882368,-1.72375519999999,0,4.962844630259907,0.0,1,142.0,1,47438365.0,11986972418.5103,0,0,0,0
MMR,2006,1.90182128285749,1.90182128285749,23.39759058878533,7.889581661120336,13.0761013792372,,19.9964873359214,22.778151364944133,-1.5909977,0,5.501258210544727,0.0,1,244.0,1,47785135.0,14502553709.8303,0,0,0,0
MMR,2007,3.5175166973129,3.5175166973129,23.72808061344197,7.995745794188212,11.9914352402146,,35.0245970717698,22.9190260622011,-1.5894841,0,5.855071922202427,0.0,1,348.0,1,48125043.0,20182477480.5512,0,0,0,0
MMR,2008,2.71127181000311,2.71127181000311,24.184697304628774,8.087867360607245,10.2553053929808,,26.7995371934022,23.033254179815728,-1.6096857,0,4.174387269895637,0.0,1,64.0,1,48390793.0,31862554101.9378,0,0,0,0
MMR,2009,2.92355415980151,2.92355415980151,24.331644891058662,8.182607962448321,10.5500090961932,,1.47234311385647,23.00927392947712,-1.6679918,0,5.278114659230517,0.0,1,195.0,1,48660459.0,36906181380.8127,0,0,0,0
MMR,2010,1.81897202342465,1.81897202342465,24.62606267876715,8.267138334112039,9.6344394520444,,7.71838195873614,23.133753365390486,-1.3166107,0,5.062595033026967,0.0,1,157.0,1,49024382.0,49540813342.4834,0,0,0,0
MMR,2011,4.20127651183029,4.20127651183029,24.817232429180034,8.313512064731835,5.59148237823661,,5.0214601462073,23.26063639622272,-1.3109568,0,6.570882962339584,0.0,1,713.0,1,49419820.0,59977326085.9908,0,0,0,0
MMR,2012,2.22540068514517,2.22540068514517,24.816573138870265,8.375859888760019,7.33267044704149,,1.46758322674679,23.30141607026717,-1.5557382,0,6.555356891810665,0.0,1,702.0,1,49837446.0,59937796648.2158,0,0,0,0
MMR,2013,3.74085607932619,3.74085607932619,24.822095871958123,8.448261838339972,8.42600102501767,,5.64303883425501,23.33580710337826,-1.5485581,0,5.631211781821365,0.0,1,278.0,1,50262658.0,60269732854.827,0,0,0,0
MMR,2014,3.31904421407388,3.31904421407388,24.90579486032069,8.518493679714167,8.16990745558277,,4.953299184844,23.37188543330388,-1.3003242,0,5.236441962829949,0.0,1,187.0,1,50681634.0,65531374199.6663,0,0,0,0
MMR,2015,6.85124098710894,6.85124098710894,24.811043725812443,8.57807870324775,6.99284029026121,,9.45417189526018,23.340392886080974,-1.2574663,0,6.453624998892692,0.0,1,634.0,1,51089056.0,59607290407.6191,0,0,0,0
MMR,2016,5.17880132517466,5.17880132517466,24.871125288924688,8.627121418271493,5.86247291518572,,6.92882525816076,23.37146968954001,-1.1523629,0,4.77912349311153,0.0,1,118.0,1,51495696.0,63298361996.2153,0,0,0,0
MMR,2017,7.27335555212816,7.27335555212816,24.913723899906,8.678950522420388,6.13610824360305,,4.5725365531752,23.445452402564744,-1.2517085,0,6.249975242259483,0.0,1,517.0,1,51894938.0,66053040483.0016,0,0,0,0
MMR,2018,2.60563229851106,2.60563229851106,24.94072020000947,8.732508326773255,6.26886221471075,,6.87232865662935,23.519141508631115,-1.3199541,0,4.605170185988092,0.0,1,99.0,1,52272247.0,67860515989.517,0,0,0,0
MMR,2019,2.31211211194364,2.31211211194364,25.04162165695241,8.789201416091428,6.57911006765414,,8.82506696804558,23.542450157457345,-1.3177807,0,6.326149473155099,0.0,1,558.0,1,52640713.0,75065106227.6892,0,0,0,0
MMR,2020,2.41393222885654,2.41393222885654,25.09279107430764,8.687245538682758,-9.04834717984643,,,23.523405360149216,-1.318284,0,5.14166355650266,0.0,1,170.0,1,53016522.0,79006113643.1906,0,0,0,0
MMR,2021,3.11492561696787,3.11492561696787,24.9181386255026,8.55226051853145,-12.0163724829177,,,23.662997161815888,-1.54162579999999,0,6.939253946041508,0.0,1,1031.0,1,53387102.0,66345291160.1683,0,0,0,0
MMR,2022,1.98946076080719,1.98946076080719,24.85447336533434,8.584940932930367,4.0374934360085,,,23.689177887781163,-1.6445781,1,7.620214770574455,0.0,1,2038.0,2,53756787.0,62253049891.6449,0,0,0,0
MMR,2023,2.27715131661601,2.27715131661601,24.92433427003513,8.58749096561147,0.958446625126115,,,23.71533424873074,-1.5813496,1,7.805474625270857,0.0,1,2453.0,2,54133798.0,66757619000.0,0,0,0,0
MMR,2024,1.47879223317634,1.47879223317634,25.02825414606923,8.570979300734182,-0.97204641363362,,,23.752971840855,-1.5583075,1,7.755767170102998,0.0,1,2334.0,2,54500091.0,74068349523.8095,0,0,0,0
MNG,1996,1.18152410859671,1.18152410859671,21.020194630666403,8.611470354172852,2.23509384338665,77.9740756901741,46.8899521531102,22.47675112659543,-0.5863082,0,0.0,30.0,0,0.0,0,2259507.0,1345719472.35883,0,1,1,0
MNG,1997,2.11696806984845,2.11696806984845,20.88957165951732,8.635528365254896,3.89671358377919,99.9914490021753,36.5561148948773,22.456777529574644,,0,0.0,30.0,0,0.0,0,2291750.0,1180934202.83801,0,0,0,0
MNG,1998,1.68083637693881,1.68083637693881,20.84055115306976,8.654490156744568,3.33993659935817,107.351210779428,9.35704217716548,22.42359297226721,-0.5922693,0,0.0,30.0,0,0.0,0,2323809.0,1124440204.84738,0,1,1,0
MNG,1999,2.87495300542926,2.87495300542926,20.77908702418648,8.670629287056327,3.07036901086266,112.241338547745,7.56494150307377,22.47990555884685,,0,0.0,30.0,0,0.0,0,2356813.0,1057408588.68269,0,0,0,0
MNG,2000,4.72312279765318,4.72312279765318,20.85156768748228,8.668753618592994,1.14606213709108,121.886609754208,11.5955387593327,22.52624213090711,-0.5902075,0,0.0,30.0,0,0.0,0,2388299.0,1136896123.61298,0,1,1,0
MNG,2001,4.9684623527528,4.9684623527528,20.96070506386903,8.68559682231821,2.95271054338117,115.81832687888,6.27736020484006,22.50921716314768,,0,0.0,30.0,0,0.0,0,2417751.0,1267997934.3125,0,0,0,0
MNG,2002,5.56733962619427,5.56733962619427,21.05727484228436,8.718987651587923,4.73297846590111,118.517253113943,0.91707468718427,22.549794863844067,-0.4417254,0,0.0,30.0,0,0.0,0,2449027.0,1396555719.97409,0,1,1,0
MNG,2003,8.24548473819777,8.24548473819777,21.19032598576561,8.773971060457043,7.00463457384886,120.299393514881,5.12899499422419,22.667429650270595,-0.4602942,0,0.0,30.0,0,0.0,0,2480374.0,1595297355.78349,0,1,1,0
MNG,2004,4.66450219552693,4.66450219552693,21.412438533747217,8.863710119141661,10.6254059599309,131.329318233554,8.24115449417619,22.79113294924857,-0.418856399999999,0,0.0,30.0,0,0.0,0,2508412.0,1992066808.09598,0,1,1,0
MNG,2005,7.43499550055971,7.43499550055971,21.64890140990841,8.922638037899707,7.25366543796015,122.381459889773,12.7165674066053,22.87225246467771,-0.5956412,0,0.0,30.0,0,0.0,0,2536407.0,2523471601.10421,0,1,1,0
MNG,2006,7.18968945819168,7.18968945819168,21.95116676511545,8.992681350729057,8.55623481664365,112.929983096983,5.09516661663157,22.95704362032255,-0.5722669,0,0.0,30.0,0,0.0,0,2567168.0,3414055661.61598,0,1,1,0
MNG,2007,8.80188727419921,8.80188727419921,22.16664909513321,9.076824302025466,10.2480163590057,117.880426425377,9.63096309630964,23.091776983502733,-0.6715084,0,0.0,30.0,0,0.0,0,2601850.0,4234999703.90059,0,1,1,0
MNG,2008,15.02161500005,15.02161500005,22.45016968730768,9.14631957246459,8.90036794067551,121.198013401183,27.9556650246306,23.211187032035085,-0.6861459,0,0.0,30.0,0,0.0,0,2643201.0,5623216608.04288,0,1,1,0
MNG,2009,13.6044846187851,13.6044846187851,22.245805173568165,9.11558750566166,-1.26859893608282,107.813757166177,7.6195059351941,23.18850337360649,-0.6265816,0,0.0,30.0,0,0.0,0,2691115.0,4583850367.88972,0,1,1,0
MNG,2010,23.5263365544641,23.5263365544641,22.695884961424905,9.159796146821474,6.3651616786311,103.350031656557,10.0462065881651,23.302178999536288,-0.5374241,0,0.0,30.0,0,0.0,0,2738622.0,7189481998.90094,0,1,1,1
MNG,2011,43.9121127615061,30.0341103550906,23.066013255201064,9.302016313053702,17.2907775869555,126.999228633482,8.41121495327101,23.434179872125767,-0.5445631,0,0.0,30.0,0,0.0,0,2786317.0,10409797377.8571,0,1,1,1
MNG,2012,34.7559826095308,30.0341103550906,23.232277172998664,9.399216941984983,12.3198198494032,109.588564338415,14.3303348325838,23.478416031664104,-0.5466493,0,0.0,30.0,0,0.0,0,2839705.0,12292770631.565,0,1,1,1
MNG,2013,16.3700755246398,16.3700755246398,23.25554280246401,9.48873655620133,11.6489161878925,100.311989662943,10.4906567588241,23.51389998925479,-0.5000373,0,0.0,30.0,0,0.0,0,2899011.0,12582122604.2577,0,1,1,1
MNG,2014,2.7625883357052,2.7625883357052,23.226872763860463,9.542763544681298,7.88522548204762,109.322311877187,12.2539808129759,23.55256511831682,-0.304772999999999,0,0.0,30.0,0,0.0,0,2963113.0,12226514668.0622,0,1,1,1
MNG,2015,0.811709460633853,0.811709460633853,23.175984344841577,9.544996440793804,2.37983580731722,89.653663477814,5.73568281938327,23.521867997427204,-0.3329464,0,0.0,30.0,0,0.0,0,3026864.0,11619892590.6941,0,1,1,1
MNG,2016,-37.1726532341221,-5.087275859003976,23.137513106800224,9.539510707008164,1.48978448679577,101.055237224997,0.733272227314397,23.54623848422249,-0.358860199999999,0,0.0,30.0,0,0.0,0,3088856.0,11181350649.3573,0,1,0,0
MNG,2017,13.0160280600797,13.0160280600797,23.16394607012327,9.575090251166955,5.63687638694772,115.932901867963,4.30143105302342,23.61566021800509,-0.4472314,0,0.0,30.0,0,0.0,0,3148917.0,11480847740.736,0,1,1,1
MNG,2018,14.8088797144773,14.8088797144773,23.30182179718718,9.63103826210587,7.74488062024881,126.355873241513,6.82424790145522,23.69424792939723,-0.2974017,0,0.0,30.0,0,0.0,0,3208189.0,13178094720.4986,0,1,1,1
MNG,2019,17.1989395200126,17.1989395200126,23.37695551944782,9.667176191942549,5.60224422064255,124.396514621165,7.30106953550729,23.71289533115253,-0.3385736,0,0.0,30.0,0,0.0,0,3267673.0,14206359017.5143,0,1,1,1
MNG,2020,12.9130799939653,12.9130799939653,23.31200544344961,9.602473136919183,-4.55775197583431,112.838647629317,3.7237230614026,23.704359452985013,-0.311666999999999,0,0.0,30.0,0,0.0,0,3327204.0,13312981429.0891,0,1,1,1
MNG,2021,14.217731942267,14.217731942267,23.45023211153539,9.601858735378627,1.63676957736662,119.098078437771,7.35894657888155,23.85196348616181,-0.3519979,0,0.0,30.0,0,0.0,0,3383741.0,15286441737.6686,0,1,1,1
MNG,2022,14.6053065112102,14.6053065112102,23.565058258416048,9.636289897583026,5.0327096366527,136.327929944516,15.1509728200805,23.868234153687208,-0.2986908,0,0.0,30.0,0,0.0,0,3433748.0,17146471713.748,0,1,1,1
MNG,2023,11.0581069914836,11.0581069914836,23.73512346500242,9.694176877425928,7.4221127615025,142.864246599181,10.347583131434,23.89020874703637,-0.363902299999999,0,0.0,30.0,0,0.0,0,3481145.0,20325121393.9074,0,1,1,1
MNG,2024,11.6924984371367,11.6924984371367,23.892721980570432,9.731669673710964,5.12204539122661,138.448379141249,6.1977990165842,23.923124996052028,-0.3892189,0,0.0,30.0,0,0.0,0,3524788.0,23794540024.5132,0,1,1,1
MOZ,1996,1.79894221150183,1.79894221150183,22.117068473927613,6.333026410188692,10.6959109797718,51.0292925616374,,21.913670346738485,-0.0652727,0,0.0,4.0,0,0.0,0,16492480.0,4030146134.5706,0,0,0,0
MOZ,1997,1.32138783006061,1.32138783006061,22.30711180637444,6.417339208207285,11.8149459447588,43.2986819731024,,21.905960529390526,,0,0.0,5.0,0,0.0,0,16949982.0,4873663774.93019,0,0,0,0
MOZ,1998,4.23157990347201,4.23157990347201,22.43726521265389,6.493224468020483,10.3692324974977,39.0075460593046,,21.89512410402082,-0.610505,0,0.0,6.0,0,0.0,0,17340464.0,5551118148.73836,0,0,0,0
MOZ,1999,6.07297785522003,6.07297785522003,22.5614666332265,6.582448264570257,11.816986527255,45.5276131355411,,21.91050732121776,,0,0.0,7.0,0,0.0,0,17734506.0,6285219691.22462,0,0,0,0
MOZ,2000,2.3488011074454,2.3488011074454,22.50340559380605,6.56804475570418,0.766234955773442,47.9208808015891,,21.93425863327792,-0.6090516,0,0.0,8.0,0,0.0,0,18129653.0,5930685214.61595,0,0,0,0
MOZ,2001,4.52085884679156,4.52085884679156,22.45494865024687,6.666689802103751,12.8516820207736,50.4153095777265,,21.92491150894009,,0,0.0,9.0,0,0.0,0,18537729.0,5650154067.10346,0,0,0,0
MOZ,2002,5.83542740620485,5.83542740620485,22.50678636353875,6.736546070120408,9.66850534669427,73.309162757423,,21.96694671441312,-0.7890387,0,0.0,10.0,0,0.0,0,18958338.0,5950769426.60213,0,0,0,0
MOZ,2003,5.1142557345062,5.1142557345062,22.60783643573725,6.783595969686977,7.21770086569656,70.1683599479183,,22.10590759843494,-1.0136614,0,0.0,11.0,0,0.0,0,19392475.0,6583526860.58062,0,0,0,0
MOZ,2004,5.99090663119619,5.99090663119619,22.79483340577548,6.839619859254499,8.20470494788577,72.0520001612374,,22.24076299990081,-0.7991638,0,0.0,12.0,0,0.0,0,19840313.0,7937255565.35765,0,0,0,0
MOZ,2005,1.380320098608,1.380320098608,22.90577206212109,6.877698007306933,6.31202378023193,72.0092609780982,6.42755278070087,22.328588634142648,-0.746992,0,0.0,13.0,0,0.0,0,20304569.0,8868504899.94673,0,1,1,0
MOZ,2006,2.64086218183932,2.64086218183932,22.97559241965635,6.94870979313339,9.91067756782915,67.3498976872689,13.2450879070999,22.41721065757817,-0.6705936,0,0.0,14.0,0,0.0,0,20787087.0,9509835536.93373,0,1,1,0
MOZ,2007,3.85414645531421,3.85414645531421,23.10387215017885,6.998624418326571,7.64935393795867,66.1203821840516,8.48948675497455,22.54948983305664,-0.5972324,0,0.0,15.0,0,0.0,0,21287635.0,10811456005.9405,0,1,1,0
MOZ,2008,4.96426075394528,4.96426075394528,23.28206872540577,7.040486092637735,6.87802942560995,64.981416499828,14.5028053002268,22.65051939169436,-0.5785872,0,0.0,16.0,0,0.0,0,21819036.0,12920340964.6544,0,1,1,0
MOZ,2009,7.58405403589617,7.58405403589617,23.22992539971302,7.072175135130052,5.92897187460815,67.898572768141,3.78861330914625,22.595098142411643,-0.4475614,0,0.0,17.0,0,0.0,0,22391745.0,12263894790.0125,0,1,1,0
MOZ,2010,11.0275561357338,11.0275561357338,23.157922045216907,7.110067521134234,6.67972935662864,73.8373532681892,12.4255421735156,22.69666886527645,-0.6480562,0,0.0,18.0,0,0.0,0,22999235.0,11411894723.864,0,1,1,1
MOZ,2011,25.0623636819297,25.0623636819297,23.405607041677463,7.151116742507306,7.13405842300445,84.4062119333019,11.1666056127874,22.80997780280574,-0.7025583,0,0.0,19.0,0,0.0,0,23649039.0,14619279988.716,0,1,1,1
MOZ,2012,33.767102801243,30.0341103550906,23.537962575070846,7.19931677821332,7.9945031610722,105.934588060511,2.60245456956618,22.8265259477616,-0.557708299999999,0,0.0,20.0,0,0.0,0,24337846.0,16688114144.0745,0,1,1,1
MOZ,2013,38.9428653441902,30.0341103550906,23.568063182931564,7.234056356175462,6.57141389665537,109.38537659913,4.26135250941963,22.85319410913963,-0.543743499999999,0,3.7612001156935615,0.0,1,42.0,1,25051611.0,17198073057.1981,0,1,1,1
MOZ,2014,27.8047100445849,27.8047100445849,23.612428340993443,7.279270052381451,7.70256844839309,116.356855242217,2.55974875844295,22.877038078840634,-0.5716435,0,3.4339872044851463,0.0,1,30.0,1,25788475.0,17978246586.0662,0,1,1,1
MOZ,2015,23.8654900431928,23.8654900431928,23.508831602544976,7.321585135205202,7.3930936986377,98.7612036510901,3.55075967356746,22.80448595945657,-0.580096,0,0.0,1.0,0,0.0,0,26547572.0,16208985769.615,0,1,1,1
MOZ,2016,25.9187724637849,25.9187724637849,23.213910263926635,7.338178676718515,4.69699024225795,110.394358201481,17.4180418197597,22.814726679190784,-0.6823519,0,4.02535169073515,0.0,1,55.0,1,27337105.0,12069051237.1711,0,1,1,1
MOZ,2017,17.4831119319856,17.4831119319856,23.308367733764097,7.334334152907411,2.63820737310658,105.745640702087,15.1132073899384,22.887547395723367,-0.6898963,0,0.0,1.0,0,0.0,0,28166393.0,13264640645.7768,0,1,1,1
MOZ,2018,11.1741431838994,11.1741431838994,23.43247263245838,7.338780994422087,3.48493202422782,124.607457525372,3.91133439990729,22.946762033938857,-0.6871201,0,3.951243718581428,0.0,1,51.0,1,29018644.0,15017358952.8452,0,1,1,1
MOZ,2019,21.7841914901932,21.7841914901932,23.46492868655911,7.332297184724564,2.31781394821475,105.591171401921,2.80270307928111,22.96083322138376,-0.650046799999999,0,5.676753802268282,0.0,1,291.0,1,29884380.0,15512759046.672,0,1,1,1
MOZ,2020,22.3944370320025,22.3944370320025,23.37899907421925,7.290377984381095,-1.21952250011192,99.906146051979,3.48393567493204,22.92273564452874,-0.8223436,0,6.84587987526405,0.0,1,939.0,1,30783688.0,14235420174.1884,0,1,1,1
MOZ,2021,32.7522138534006,30.0341103550906,23.50630324822968,7.284296364392583,2.37743572761507,112.078964458333,6.40847652975692,23.06169151760548,-0.8185849,0,6.766191714660351,0.0,1,867.0,1,31707800.0,16168055475.4449,0,1,1,1
MOZ,2022,16.0036980555879,16.0036980555879,23.6615931568004,7.297588394429844,4.3693080193804,135.274535098995,10.2794018093421,23.10343075948572,-0.7706816,0,5.937536205082426,0.0,1,378.0,1,32656246.0,18884232598.8698,0,1,1,1
MOZ,2023,12.8228717557759,12.8228717557759,23.764329840092767,7.321629792777833,5.50384456650241,106.026083626657,7.12697482131851,23.13818237646673,-0.777969199999999,0,5.176149732573829,0.0,1,176.0,1,33635160.0,20927498317.3094,0,1,1,1
MOZ,2024,15.4210115464394,15.4210115464394,23.84792962563062,7.313691999229519,2.14892499135355,95.6303976635291,4.07856834812022,23.17675719134141,-0.7157933,0,5.0238805208462765,0.0,1,151.0,1,34631766.0,22752244245.473,0,1,1,1
MRT,1996,-0.0204278717567514,-0.0204278717567514,21.48036715352862,8.639471208203407,5.81882663043594,70.4558897549272,4.68130623916413,22.372229244673186,-0.2734013,0,0.0,30.0,0,0.0,0,2358188.0,2132087009.28942,0,1,0,0
MRT,1997,-0.160710691213042,-0.160710691213042,21.45177850306668,8.57590853431776,-4.04469654678218,62.7495635657126,4.62534695318394,22.35939212820025,,0,0.0,30.0,0,0.0,0,2411306.0,2071996564.05296,0,0,0,0
MRT,1998,0.0065265900365071,0.0065265900365071,21.43245744698325,8.57737690485914,2.77780479737015,51.3910125506772,8.03166665498858,22.37365665460548,-0.282528799999999,0,0.0,30.0,0,0.0,0,2474651.0,2032347664.94993,0,1,1,0
MRT,1999,0.761331718749145,0.761331718749145,21.40934951738916,8.586717168175353,3.67317832322402,49.016938039756,4.07417613596754,22.380155925515965,,0,0.0,30.0,0,0.0,0,2541698.0,1985922775.53351,0,0,0,0
MRT,2000,2.25319074953564,2.25319074953564,21.29961000011462,8.518913324176793,-3.91802587923293,58.9403747670668,3.25406745833358,22.38600804635149,-0.2793718,0,0.0,30.0,0,0.0,0,2613441.0,1779520886.47015,0,1,1,0
MRT,2001,4.39273814893831,4.39273814893831,21.28062969554181,8.486199998071923,-0.799493815789347,60.7012124604715,4.7148963468961,22.389669026906137,,0,0.0,30.0,0,0.0,0,2678760.0,1746063557.61355,0,0,0,0
MRT,2002,3.78943003870853,3.78943003870853,21.29822473295672,8.477807359556241,1.38148396199058,56.7855296001806,3.8957052575849,22.441256249751536,-0.2791206,0,0.0,30.0,0,0.0,0,2738655.0,1777057481.26043,0,1,1,0
MRT,2003,4.97077585567831,4.97077585567831,21.44166528162692,8.521912464542162,6.92826955106302,55.3180243332438,5.15190150769578,22.57902689827656,-0.2919728,0,0.0,30.0,0,0.0,0,2802046.0,2051147606.73687,0,1,1,0
MRT,2004,17.1048404222648,17.1048404222648,21.5829866504506,8.54465767011666,4.7327579245203,75.2188046787959,10.3676233473073,22.70758257475136,-0.579192399999999,0,0.0,30.0,0,0.0,0,2868664.0,2362501023.24249,0,1,1,0
MRT,2005,27.6520361298831,27.6520361298831,21.800320598086103,8.60260536702065,8.56628724906668,88.2350995596491,12.1256487185541,22.784142769969908,-0.6774526,0,0.0,30.0,0,0.0,0,2939059.0,2936019525.60241,0,1,1,0
MRT,2006,3.94434472704714,3.94434472704714,22.08924964971145,8.745873719748525,18.3331987597713,82.7885012130323,6.2410332814282,22.867278509611484,-0.8516161,0,0.0,30.0,0,0.0,0,3013660.0,3919577285.92703,0,1,1,0
MRT,2007,3.2067650776131,3.2067650776131,22.19257057976589,8.699977694591459,-1.96942275160761,86.0640556779132,7.25410841304887,22.99585632023584,-0.767354099999999,0,0.0,30.0,0,0.0,0,3093059.0,4346212355.02975,0,1,1,0
MRT,2008,6.58359348707617,6.58359348707617,22.37316161882567,8.667913322496132,-0.331079195278377,94.1202110004251,7.34663541249786,23.08905021877803,-0.934693599999999,0,0.0,30.0,0,0.0,0,3183269.0,5206437193.80413,0,1,1,0
MRT,2009,-0.0651602023733604,-0.0651602023733604,22.273928969448185,8.637601657452914,0.0978758719728035,82.0086176018151,2.22092032381779,23.01611861174885,-0.7632987,0,0.0,30.0,0,0.0,0,3284448.0,4714595547.75102,0,1,0,0
MRT,2010,2.31890567703789,2.31890567703789,22.45117611148261,8.63155061321863,2.62022952055378,93.4207451334608,6.28354087427704,23.08363239422468,-0.5153748,0,3.4011973816621555,0.0,1,29.0,1,3390965.0,5628878797.98257,0,1,1,1
MRT,2011,8.70335489423716,8.70335489423716,22.634973070581136,8.63998007817745,4.17278328304418,98.485329604158,5.68631959575954,23.182089527008102,-0.505274,0,0.0,1.0,0,0.0,0,3502811.0,6764627745.9033,0,1,1,1
MRT,2012,20.6013054045892,20.6013054045892,22.629574799001773,8.651068616829692,4.47001318233693,110.788122743421,4.90242727217997,23.18386130908388,-0.6504224,0,0.0,2.0,0,0.0,0,3619034.0,6728208836.22143,0,1,1,1
MRT,2013,15.5726715114413,15.5726715114413,22.70159422781914,8.660380340896472,4.15081318627171,102.398824183169,4.12910173783393,23.21670452249753,-0.830782599999999,0,0.0,3.0,0,0.0,0,3734318.0,7230646063.35983,0,1,1,1
MRT,2014,7.59717456790627,7.59717456790627,22.61267873088605,8.67211820524754,4.27482327130284,91.610371363604,3.53436856147324,23.24266843494955,-0.845636899999999,0,0.0,4.0,0,0.0,0,3848514.0,6615483550.17817,0,1,1,1
MRT,2015,8.11553090859633,8.11553090859633,22.5449568021531,8.694425552342464,5.37633923694936,77.3467864944966,3.25472688117631,23.159563621356018,-0.9313712,0,0.0,5.0,0,0.0,0,3965959.0,6182303676.55144,0,1,1,1
MRT,2016,4.23125852970927,4.23125852970927,22.580797550534086,8.676976227714977,1.26090922448303,73.1532616736712,1.47171045650004,23.16846356352274,-0.895438499999999,0,0.0,6.0,0,0.0,0,4086657.0,6407900701.25829,0,1,1,1
MRT,2017,8.6344151052245,8.6344151052245,22.642021028537247,8.707916323140841,6.27054569386574,78.8149801833884,2.25427651934813,23.227750808406054,-0.8206663,0,0.0,7.0,0,0.0,0,4210600.0,6812472965.33868,0,1,1,1
MRT,2018,10.3390200831278,10.3390200831278,22.73489300567666,8.724798714764637,4.77217363890155,89.1467294935148,3.06735996058356,23.2887517977026,-0.834363699999999,0,0.0,8.0,0,0.0,0,4337685.0,7475471309.52265,0,1,1,1
MRT,2019,-11.1917343784634,-5.087275859003976,22.78946570407418,8.726190830563011,3.14100489264639,93.4866941351317,2.30009262117937,23.30245680697956,-0.824074099999999,0,0.0,9.0,0,0.0,0,4467708.0,7894764885.82312,0,1,0,0
MRT,2020,11.2330815268832,11.2330815268832,22.834759109386336,8.693368481425596,-0.36065738652286,86.7761681322741,2.3856948845632,23.2671301054174,-0.9008005,0,0.0,10.0,0,0.0,0,4600131.0,8260567356.81635,0,1,1,1
MRT,2021,11.6066300912418,11.6066300912418,22.9447541725178,8.671897856317248,0.7427154981402,88.3068737571235,3.56516484650185,23.397408003889304,-0.848290299999999,0,0.0,11.0,0,0.0,0,4734874.0,9221044666.76483,0,1,1,1
MRT,2022,14.6574727742887,14.6574727742887,22.98111477053604,8.708352543138847,6.7960049994761,102.025899125696,9.52526628622843,23.435915294177143,-0.87695,0,0.0,12.0,0,0.0,0,4875637.0,9562497460.55394,0,1,1,1
MRT,2023,7.9377630355791,7.9377630355791,23.092344567354203,8.744563829717528,6.80949002457973,92.1654445146742,4.95305034506872,23.48711238236105,-0.818757699999999,0,0.0,13.0,0,0.0,0,5022441.0,10687541640.1299,0,1,1,1
MRT,2024,13.2389288029166,13.2389288029166,23.11011965235833,8.776890852325295,6.3076021190402,93.5988355881472,2.49164347481972,23.527138364062424,-0.741247299999999,0,6.634633357861686,14.0,0,760.0,0,5169395.0,10879212033.4823,0,1,1,1
MWI,1996,0.47589426589626,0.47589426589626,21.923102222961163,7.0903439520342175,7.3166817822397,,37.6020450235016,21.963088492180947,-0.8736817,0,0.0,30.0,0,0.0,0,10352228.0,3319573749.6119,0,0,0,0
MWI,1997,0.383630956028333,0.383630956028333,22.07801428264362,7.10750249452992,3.79241909354917,,9.13735243003495,21.954488040822792,,0,0.0,30.0,0,0.0,0,10562035.0,3875785863.38323,0,0,0,0
MWI,1998,0.475121088003641,0.475121088003641,21.658421340809024,7.1240952034821134,3.89525350328424,,29.7486512828264,21.94654466930611,-0.6073685,0,0.0,30.0,0,0.0,0,10792876.0,2547609590.06984,0,0,0,0
MWI,1999,2.26460373648876,2.26460373648876,21.67278974782183,7.130719000518909,3.04227813671855,,44.8041642861674,21.9613882577763,,0,0.0,30.0,0,0.0,0,11047804.0,2584478924.06081,0,0,0,0
MWI,2000,1.02470810251001,1.02470810251001,21.654369348026467,7.122376012757546,1.57607762616895,,29.5814884631684,21.98384569068845,-0.605915099999999,0,0.0,30.0,0,0.0,0,11315942.0,2537307580.32808,0,0,0,0
MWI,2001,0.772615057834218,0.772615057834218,21.638759717286334,7.047152281747962,-4.97496361892476,,22.7,21.976418437828134,,0,0.0,30.0,0,0.0,0,11593058.0,2498008664.6691,0,0,0,0
MWI,2002,0.115974414290585,0.115974414290585,22.35001866486125,7.039522519526208,1.70000003078317,,14.7446346101603,22.02015640781821,-1.0005233,0,0.0,30.0,0,0.0,0,11880440.0,5087328437.8737,0,0,0,0
MWI,2003,1.41089085148224,1.41089085148224,22.264379789912727,7.0699794460309935,5.70563940467414,,9.57679786919214,22.15740457515072,-1.13312789999999,0,0.0,30.0,0,0.0,0,12181574.0,4669789300.35662,0,0,0,0
MWI,2004,2.13119600751874,2.13119600751874,22.344380579172128,7.096903230756235,5.42049754993828,,11.4298060822124,22.291346764780616,-0.9782063,0,0.0,30.0,0,0.0,0,12500737.0,5058726350.48896,0,0,0,0
MWI,2005,2.62567004771803,2.62567004771803,22.394816139492487,7.102287515987404,3.26872602317066,,15.4103446604296,22.379083568717498,-0.942373599999999,0,0.0,30.0,0,0.0,0,12840031.0,5320409651.47544,0,0,0,0
MWI,2006,0.611208219192404,0.611208219192404,22.484270477531386,7.120665742552388,4.69999976404691,,13.9742943548388,22.46909701359169,-0.8616703,0,0.0,30.0,0,0.0,0,13198701.0,5818279739.14354,0,0,0,0
MWI,2007,1.92814440747221,1.92814440747221,22.58753358102445,7.184122552826764,9.59999987683469,,7.9522099086403,22.60292810171257,-0.8044334,0,0.0,30.0,0,0.0,0,13576343.0,6451210219.11683,0,0,0,0
MWI,2008,2.5237027903489,2.5237027903489,22.770134773537453,7.22869962732224,7.63973639944591,,8.71260186609043,22.706987889746383,-0.6552057,0,0.0,30.0,0,0.0,0,13976417.0,7743617352.21427,0,0,0,0
MWI,2009,0.545293920588433,0.545293920588433,22.921588471954404,7.2791298625406196,8.3281098524038,,8.42204427696655,22.648883977846232,-0.5518949,0,0.0,30.0,0,0.0,0,14395788.0,9009887946.82039,0,0,0,0
MWI,2010,0.957814621345542,0.957814621345542,23.038601594671903,7.316132902351806,6.87406585416142,,7.41159092883827,22.746721718248736,-0.5426828,0,0.0,30.0,0,0.0,0,14826463.0,10128323010.6049,0,0,0,0
MWI,2011,6.97752227761724,6.97752227761724,23.17841260153672,7.335131180005069,4.93266999813729,,7.6228226284852,22.86040510230961,-0.5839959,0,0.0,30.0,0,0.0,0,15265022.0,11648142958.3651,0,0,0,0
MWI,2012,-0.101285426070357,-0.101285426070357,22.894967819309848,7.325246475264099,1.90000000072909,,21.2712650013779,22.878636188635006,-0.5762271,0,0.0,30.0,0,0.0,0,15709577.0,8773203178.16512,0,0,0,0
MWI,2013,5.61985138978348,5.61985138978348,22.80664610261153,7.349556221251386,5.41034999817167,,27.2833333333334,22.90776579393692,-0.5704237,0,0.0,30.0,0,0.0,0,16161816.0,8031571927.62055,0,0,0,0
MWI,2014,6.79541385727369,6.79541385727369,22.898168248115567,7.376235775921846,5.62527000105139,,23.7920649469687,22.93288097103088,-0.542739,0,0.0,30.0,0,0.0,0,16621538.0,8801326169.14547,0,0,0,0
MWI,2015,3.12107477506801,3.12107477506801,22.944583864138806,7.376315024609785,2.80000000003355,,21.8673475542553,22.85887011413428,-0.585503099999999,0,0.0,30.0,0,0.0,0,17085587.0,9219474379.31534,0,0,0,0
MWI,2016,1.46272973143861,1.46272973143861,22.79137700903856,7.37374805841775,2.49999999914311,,21.7111132136499,22.869177770338386,-0.6089526,0,0.0,30.0,0,0.0,0,17557739.0,7909868618.46366,0,0,0,0
MWI,2017,1.0085487596618,1.0085487596618,22.91419774507971,7.385887876670825,4.00000000089172,45.3003137160008,11.5433939188771,22.94135342744901,-0.5782225,0,0.0,30.0,0,0.0,0,18039715.0,8943543793.5839,0,1,1,1
MWI,2018,0.779538295941585,0.779538295941585,23.01369943408359,7.40179072791511,4.35356471619211,43.578773489,12.420178108921,23.00073237445632,-0.633709499999999,0,0.0,30.0,0,0.0,0,18528081.0,9879220354.29186,0,1,1,1
MWI,2019,0.499715595789277,0.499715595789277,23.12586391715568,7.430878644105218,5.71682519194337,44.1954524635798,9.3708360560567,23.0154699097334,-0.686037,0,0.0,30.0,0,0.0,0,19025752.0,11051852712.6142,0,1,1,1
MWI,2020,2.14268264715469,2.14268264715469,23.188761438578744,7.412425910742852,0.793596429787286,41.0323429397328,8.62551469650552,22.97817832563292,-0.7484164,0,0.0,30.0,0,0.0,0,19533888.0,11769313597.8545,0,1,1,1
MWI,2021,1.04617739110529,1.04617739110529,23.23919617013189,7.431058877088478,4.55829212016083,44.5957618170542,9.33014410835212,23.116507977229865,-0.6797637,0,0.0,30.0,0,0.0,0,20047258.0,12378119199.0839,0,1,1,1
MWI,2022,1.5988861608404,1.5988861608404,23.24330311033321,7.414548386021472,0.921115069005936,43.616624856781,20.953969729969,23.159976998054248,-0.781456199999999,0,0.0,30.0,0,0.0,0,20568728.0,12429059928.102,0,1,1,1
MWI,2023,1.60106112476406,1.60106112476406,23.315805643456635,7.408105465852289,1.94575281675984,42.4376683990967,28.7897428247298,23.19509892522786,-0.7685413,0,0.0,30.0,0,0.0,0,21104482.0,13363669672.9405,0,1,1,1
MWI,2024,2.28053083149593,2.28053083149593,23.149127417843047,7.398937183656944,1.6734340852915,41.9038196485235,32.1796504225025,23.234035852072413,-0.7257604,0,0.0,30.0,0,0.0,0,21655286.0,11311971400.3864,0,1,1,1
MYS,1996,5.03534293107291,5.03534293107291,25.336953584403112,9.785363251877657,10.0027006861844,181.766982485457,3.48855945858916,22.166981664043025,0.7731111,0,0.0,30.0,0,0.0,0,20850087.0,100855393910.486,0,1,1,0
MYS,1997,5.13624115805327,5.13624115805327,25.328489254536347,9.831159546780777,7.32274185035924,185.66511116237,2.66251459711946,22.14824319515849,,0,0.0,30.0,0,0.0,0,21375218.0,100005323301.867,0,0,0,0
MYS,1998,2.99775085201455,2.99775085201455,25.00225562887614,9.73015578140206,-7.35941518817556,209.492202808189,5.27034200348766,22.089872778200505,0.7309537,0,0.0,30.0,0,0.0,0,21906713.0,72167498980.8398,0,1,1,0
MYS,1999,4.9214666648934,4.9214666648934,25.09459067427637,9.765869286082536,6.13761201057692,217.570919391949,2.74456130240604,22.145234650222868,,0,0.0,30.0,0,0.0,0,22435531.0,79148421052.6316,0,0,0,0
MYS,2000,4.03842862393763,4.03842862393763,25.264321271642928,9.827303331810509,8.85886816969386,220.406788982074,1.53474023697699,22.19221988967196,0.8746597,0,0.0,30.0,0,0.0,0,22967816.0,93789736842.1053,0,1,1,0
MYS,2001,0.597029318252079,0.597029318252079,25.2535394808319,9.808431602728422,0.517675319192861,203.364636010653,1.41678473206098,22.17063445763344,,0,0.0,30.0,0,0.0,0,23526538.0,92783947368.4211,0,0,0,0
MYS,2002,3.16612432250471,3.16612432250471,25.336855740578763,9.836752994552588,5.39098830692797,199.356232695655,1.80787246281536,22.21329054661574,0.9197187,0,0.0,30.0,0,0.0,0,24102477.0,100845526315.789,0,1,1,0
MYS,2003,2.92094209456765,2.92094209456765,25.425584225458348,9.869362162487429,5.7884992858875,194.195129056831,1.08967632577286,22.33102425593168,0.9352283,0,0.0,30.0,0,0.0,0,24679602.0,110202368421.053,0,1,1,0
MYS,2004,3.50787262049412,3.50787262049412,25.5495733526049,9.911877568212743,6.78343772370305,210.374265897124,1.42127115937402,22.45571490292882,0.8416173,0,0.0,30.0,0,0.0,0,25256772.0,124749473684.211,0,1,1,0
MYS,2005,2.73438734940078,2.73438734940078,25.68984060520922,9.941148671516654,5.33213916141486,203.854644595624,2.97507092684449,22.539830840902034,0.7787884,0,0.0,30.0,0,0.0,0,25836071.0,143534405818.501,0,1,1,0
MYS,2006,4.72716484834358,4.72716484834358,25.815126267415195,9.97322281771747,5.5848470671515,202.577146840398,3.60923564224389,22.63261947019125,0.825717,0,0.0,30.0,0,0.0,0,26417909.0,162692258307.056,0,1,1,0
MYS,2007,4.68684578287436,4.68684578287436,25.988799489621083,10.012571449638289,6.29878592740947,192.465506357652,2.02735317779569,22.769489679738868,0.892499,0,0.0,30.0,0,0.0,0,26998389.0,193549569477.733,0,1,1,0
MYS,2008,3.28081949125174,3.28081949125174,26.16486769254293,10.038804969911045,4.83176988913097,176.668324785148,5.44078221100769,22.88239451198492,0.7810639,0,0.0,30.0,0,0.0,0,27570059.0,230811614370.384,0,1,1,0
MYS,2009,0.056692316075743,0.056692316075743,26.03280724281985,10.00363337317813,-1.51352871598714,162.558970452699,0.583308405623702,22.85864464451467,0.7061109,0,0.0,30.0,0,0.0,0,28124778.0,202257453036.641,0,1,1,0
MYS,2010,4.26864663854031,4.26864663854031,26.264598550126752,10.056550634902704,7.42484738326097,157.944764886771,1.62285235577035,22.98927905753055,0.9606573,0,0.0,30.0,0,0.0,0,28655776.0,255017638455.59,0,1,1,1
MYS,2011,5.07446032143377,5.07446032143377,26.420197124643384,10.09062325771636,5.29391283414003,154.937684607226,3.1744709215131,23.116909996657466,0.9015908,0,0.0,30.0,0,0.0,0,29162039.0,297951668674.835,0,1,1,1
MYS,2012,2.82905738174529,2.82905738174529,26.474068808110047,10.126885422634722,5.47345419253853,147.841754766013,1.66357102479206,23.156126193658302,0.8762495,0,0.0,30.0,0,0.0,0,29662831.0,314443047642.111,0,1,1,1
MYS,2013,3.49431175959971,3.49431175959971,26.50177301302007,10.155659767745384,4.69372252557893,142.720991464873,2.10501231233612,23.185028923973544,0.8710349,0,4.262679877041316,0.0,1,70.0,1,30174265.0,323276235524.415,0,1,1,1
MYS,2014,3.14122940365348,3.14122940365348,26.546507260937496,10.19684468115754,6.00672194558203,138.312231176843,3.14299050879095,23.21492577005748,0.9192375,0,0.0,1.0,0,0.0,0,30696137.0,338066095097.254,0,1,1,1
MYS,2015,3.27094402931735,3.27094402931735,26.43155569462201,10.229174258368182,5.09153242155011,131.37007244526,2.10438980238359,23.17946037502505,0.8365268,0,0.0,2.0,0,0.0,0,31232798.0,301355266964.947,0,1,1,1
MYS,2016,4.47130958598651,4.47130958598651,26.431226350995782,10.255037362014452,4.44978139761541,126.8990100257,2.09056659525742,23.208981801946013,0.7772776,0,0.0,3.0,0,0.0,0,31789685.0,301256033870.334,0,1,1,1
MYS,2017,2.9358203805856,2.9358203805856,26.48879886923016,10.29389133143972,5.81272240983328,133.155173371956,3.87120115774237,23.27995060604266,0.7610752,0,4.442651256490317,4.0,0,84.0,0,32355644.0,319109094160.343,0,1,1,1
MYS,2018,2.31458721219734,2.31458721219734,26.6059998788901,10.324168494925404,4.84308697634881,130.402625502126,0.884709160571235,23.35051150288464,0.8592296,0,0.0,5.0,0,0.0,0,32910967.0,358788845712.53,0,1,1,1
MYS,2019,2.50697705748044,2.50697705748044,26.623649978936463,10.351389627370157,4.41318742129586,123.028562027943,0.662891865764326,23.372895547389508,0.8172716,0,0.0,6.0,0,0.0,0,33440596.0,365177721021.516,0,1,1,1
MYS,2020,1.20275464255821,1.20275464255821,26.54470145426389,10.281939489236471,-5.45684658426701,116.788182437638,-1.1387021539305,23.35023104951388,0.8675226,0,0.0,7.0,0,0.0,0,33889558.0,337456163961.211,0,1,1,1
MYS,2021,5.41626377085161,5.41626377085161,26.646945406956647,10.303030129802847,3.31534954399166,134.035994690727,2.47710241465447,23.49029838857784,0.8036415,0,0.0,8.0,0,0.0,0,34282399.0,373784553029.978,0,1,1,1
MYS,2022,3.68486215546291,3.68486215546291,26.734117547580865,10.377521230901891,9.03173723044451,146.424604753908,3.37869862549928,23.5245900449475,0.7857271,0,0.0,9.0,0,0.0,0,34695493.0,407830525989.553,0,1,1,1
MYS,2023,1.97990062716743,1.97990062716743,26.714603922940167,10.399940410985687,3.5370638041057,132.593461641599,2.48886560125754,23.55188710606404,0.7474758,0,0.0,10.0,0,0.0,0,35126298.0,399949418752.657,0,1,1,1
MYS,2024,3.6930953933026,3.6930953933026,26.7688089339074,10.437528555438917,5.10545921024041,137.362571161559,1.834100204499,23.59182983627952,0.9147725,0,0.0,11.0,0,0.0,0,35557673.0,422227005428.688,0,1,1,1
NAM,1996,3.2260875510111,3.2260875510111,22.106847320681773,8.927834827942062,3.19132430111469,96.5442239771745,,21.92526069980338,0.8783939,0,0.0,30.0,0,0.0,0,1646103.0,3989163196.56767,0,0,0,0
NAM,1997,2.18948734194013,2.18948734194013,22.14757584647928,8.94328739898004,4.22010030384476,92.8410903733921,,21.919644425202986,,0,0.0,30.0,0,0.0,0,1689264.0,4154989950.00393,0,0,0,0
NAM,1998,2.48462846936643,2.48462846936643,22.077323604119503,8.950259204938343,3.29158562064818,92.1305009296504,,21.91539900667049,0.4684191,0,0.0,30.0,0,0.0,0,1732745.0,3873109865.55683,0,0,0,0
NAM,1999,1.32098385387931,1.32098385387931,22.076146044073663,8.958532848906653,3.36927842445498,91.1002051465947,,21.92329039069282,,0,0.0,30.0,0,0.0,0,1776368.0,3868551730.39163,0,0,0,0
NAM,2000,5.00609742133938,5.00609742133938,22.08992675848917,8.969336761996617,3.49218336365178,85.1322442947268,,21.945231957599702,0.4698725,0,0.0,30.0,0,0.0,0,1818647.0,3922232164.83175,0,0,0,0
NAM,2001,10.6634799262844,10.6634799262844,21.99227925310268,8.960152098697607,1.17794869467917,88.5841018380245,,21.93782661569054,,0,0.0,30.0,0,0.0,0,1857048.0,3557341215.15159,0,0,0,0
NAM,2002,4.40514414376661,4.40514414376661,21.93197833905445,8.98935465851509,4.7886612188211,94.4152228948906,,21.97944726512668,0.139743,0,0.0,30.0,0,0.0,0,1889970.0,3349169826.38896,0,0,0,0
NAM,2003,1.32166219939022,1.32166219939022,22.31788232948268,9.01643590826334,4.23979429582137,95.9524743817213,7.1361531145863,22.117039307150435,0.1683865,0,0.0,30.0,0,0.0,0,1917464.0,4926439383.51425,0,1,1,0
NAM,2004,3.38257441805413,3.38257441805413,22.61172936177545,9.11941126780119,12.2695481036769,81.8622605916543,4.13663213144748,22.251251664441,0.1048886,0,0.0,30.0,0,0.0,0,1942082.0,6609205994.77406,0,1,1,0
NAM,2005,5.37845791807398,5.37845791807398,22.704043120370912,9.131852912014557,2.52926265819022,80.6803802939816,2.28194607024307,22.33970821755453,0.0443144,0,0.0,30.0,0,0.0,0,1966582.0,7248374837.72056,0,1,1,0
NAM,2006,7.62577614409133,7.62577614409133,22.80292979777218,9.187409286016171,7.07317531845825,86.8339693259998,4.96116689298916,22.429146503168685,0.2765043,0,0.0,30.0,0,0.0,0,1991888.0,8001779551.06323,0,1,1,0
NAM,2007,7.57033929521728,7.57033929521728,22.90250027737953,9.226434176247247,5.37404415167634,104.979303758915,6.54788141101717,22.56014801841712,0.2960431,0,0.0,30.0,0,0.0,0,2018600.0,8839536475.99963,0,1,1,0
NAM,2008,8.71835372051848,8.71835372051848,22.875891794678218,9.23858884103425,2.64981203780268,119.644498184785,9.0946430719281,22.660195783584367,0.3728454,0,0.0,30.0,0,0.0,0,2047056.0,8607431497.49471,0,1,1,0
NAM,2009,9.27473594549885,9.27473594549885,22.913672468049302,9.226832618689436,0.295970914001089,123.762844292976,9.45172651521705,22.600425949013303,0.4732973,0,0.0,30.0,0,0.0,0,2077394.0,8938847189.07592,0,1,1,0
NAM,2010,2.51525326747705,2.51525326747705,23.159630878521405,9.269987589951851,6.03924947955858,108.072477173606,4.8749198764395,22.69820109513728,0.2412293,0,0.0,30.0,0,0.0,0,2109811.0,11431412421.1316,0,1,1,1
NAM,2011,6.41681322346953,6.41681322346953,23.25086149254792,9.302488555749903,5.09133813864338,102.189147754138,5.005595180812,22.809450219077245,0.1893853,0,0.0,30.0,0,0.0,0,2146325.0,12523359440.5499,0,1,1,1
NAM,2012,7.98613044962652,7.98613044962652,23.291444865070588,9.329598669888671,5.0616820696264,100.2134087743,6.72199777334886,22.823675694548424,0.3978933,0,0.0,30.0,0,0.0,0,2194654.0,13042053591.6857,0,1,1,1
NAM,2013,6.45232765797467,6.45232765797467,23.211774929897462,9.358206376843004,5.61471962254485,97.7249042303832,5.60092502290401,22.851122750847143,0.3354358,0,0.0,30.0,0,0.0,0,2252508.0,12043307277.1235,0,1,1,1
NAM,2014,3.58316691192793,3.58316691192793,23.243815571392133,9.391218918534378,6.09251915977956,103.080137009254,5.35016966859602,22.87445477313954,0.3164678,0,0.0,30.0,0,0.0,0,2312139.0,12435430969.6301,0,1,1,1
NAM,2015,7.40068055968424,7.40068055968424,23.151175331965582,9.40644696367957,4.26417453763675,97.2390317873478,3.39401538410559,22.79610736904196,0.2927673,0,0.0,30.0,0,0.0,0,2374300.0,11335161083.5061,0,1,1,1
NAM,2016,3.34570437311555,3.34570437311555,23.095565289421074,9.379812061998342,0.0337944502063294,93.966187960162,6.72858234593338,22.802165736216253,0.2349555,0,0.0,30.0,0,0.0,0,2439213.0,10722018732.0936,0,1,1,1
NAM,2017,2.17505730200543,2.17505730200543,23.280117370037075,9.342133719700046,-1.02724808856709,81.2196661011436,6.14579981111164,22.87245281489576,0.2683997,0,0.0,30.0,0,0.0,0,2506853.0,12895153370.9132,0,1,1,1
NAM,2018,1.71299808328534,1.71299808328534,23.33934833155425,9.324952701190073,1.05993949860752,81.7138652963804,4.29159105337875,22.93092162685041,0.3136094,0,0.0,30.0,0,0.0,0,2577327.0,13682019076.4022,0,1,1,1
NAM,2019,-1.40710628631611,-1.40710628631611,23.252343132536787,9.288532550155184,-0.839152163419357,82.9011507426355,3.72239414422695,22.945395380745254,0.2867851,0,0.0,30.0,0,0.0,0,2650494.0,12541928303.48,0,1,0,0
NAM,2020,-1.41889955275348,-1.41889955275348,23.082585505117592,9.174946148771612,-8.10140201443319,76.9252424036465,2.20938236933469,22.904690431817087,0.1498863,0,0.0,30.0,0,0.0,0,2728762.0,10583748541.5258,0,1,0,0
NAM,2021,6.77514897706551,6.77514897706551,23.24116278814084,9.180818797607849,3.60382919248703,83.5443030923624,3.61690530108814,23.041907050764017,0.1596202,0,0.0,30.0,0,0.0,0,2810548.0,12402486183.6396,0,1,1,1
NAM,2022,8.40166893779959,8.40166893779959,23.254535033875914,9.205639090654294,5.3987247803654,99.2625547814064,6.08128114112413,23.086940291988324,0.165395,0,0.0,30.0,0,0.0,0,2889662.0,12569449123.3661,0,1,1,1
NAM,2023,18.3227426104295,18.3227426104295,23.250753962363213,9.222884954209889,4.32498048866805,109.8175996703,5.87993463284275,23.12387119717792,0.1539385,0,0.0,30.0,0,0.0,0,2963095.0,12522012873.7957,0,1,1,1
NAM,2024,14.1844922069439,14.1844922069439,23.33635977906097,9.237602231723974,3.77851723267591,108.00119146619,4.23903922877036,23.1609309322506,0.0993430999999999,0,0.0,30.0,0,0.0,0,3030131.0,13641190683.4641,0,1,1,1
NER,1996,0.358757876839845,0.358757876839845,21.601101329676588,7.128363643986171,0.100530504281409,36.539997643493,5.28885751264882,22.37931219442189,-1.307264,0,0.0,1.0,0,0.0,0,10044852.0,2405686940.0464,0,1,1,0
NER,1997,0.827804537088488,0.827804537088488,21.55195690691544,7.110320006368251,1.52747571050666,33.1743453903346,2.93345253394422,22.365344318025603,,0,4.143134726391533,0.0,1,62.0,1,10383969.0,2290318910.20658,0,0,0,0
NER,1998,-0.0667540048083058,-0.0667540048083058,21.69531800340313,7.171537730159022,9.97261495642444,35.0196895457842,4.5480157771872,22.377500816444982,-1.3132251,0,0.0,1.0,0,0.0,0,10741413.0,2643363518.99272,0,1,0,0
NER,1999,0.0632545894461929,0.0632545894461929,21.654559389843683,7.134933897759806,-0.2195625179166,31.3752367245391,-2.30212503849648,22.358423867710066,,0,0.0,2.0,0,0.0,0,11117411.0,2537789820.69295,0,0,0,0
NER,2000,0.703342920154778,0.703342920154778,21.53052407204504,7.0881038674654135,-1.20847774100575,34.7127807043604,2.90014973599108,22.363579964455827,-1.3111633,0,0.0,3.0,0,0.0,0,11509630.0,2241753192.81158,0,1,1,0
NER,2001,0.922420853977935,0.922420853977935,21.61882911322069,7.123177452557314,7.26813490213235,33.0136670843015,4.00551428352678,22.36548363879884,,0,0.0,4.0,0,0.0,0,11920647.0,2448714703.96617,0,0,0,0
NER,2002,0.281340736477619,0.281340736477619,21.74650525898329,7.135876034168695,4.91847057594622,30.8343857497549,2.62886597938136,22.42200393860448,-1.0453991,0,0.0,5.0,0,0.0,0,12349144.0,2782192878.67204,0,1,1,0
NER,2003,0.5459244666531,0.5459244666531,21.94529996882555,7.121727145732713,2.1706103837418,33.3827931416238,-1.61440769175596,22.56533066079912,-1.0520881,0,0.0,6.0,0,0.0,0,12796984.0,3394084732.49543,0,1,1,0
NER,2004,0.649159742962507,0.649159742962507,22.04780280268761,7.089376069511707,0.363801578722132,36.9641044464896,0.262543757292838,22.699861510952143,-0.8354534,0,6.113682179832232,7.0,0,451.0,0,13265836.0,3760443737.53797,0,1,1,0
NER,2005,1.13506754317922,1.13506754317922,22.20107134444263,7.123834454561352,7.33186884258517,38.3477418070736,7.7974978178644,22.781621271007808,-0.7441785,0,0.0,8.0,0,0.0,0,13756192.0,4383315964.58718,0,1,1,0
NER,2006,0.847497530197073,0.847497530197073,22.282748770076896,7.144881741945997,5.93104997350342,36.5313731842429,0.0404858299595074,22.871906795960285,-0.806225299999999,0,0.0,9.0,0,0.0,0,14268581.0,4756361252.37923,0,1,1,0
NER,2007,1.72858641411291,1.72858641411291,22.469240505436147,7.1390141729643695,3.14272408386731,35.5028028471007,0.0539592607581562,23.005743252601206,-0.818000499999999,0,4.406719247264253,0.0,1,81.0,1,14803610.0,5731485051.79069,0,1,1,0
NER,2008,3.87903143663185,3.87903143663185,22.71081139489153,7.176464886834749,7.73141422777337,39.7112440540383,11.3051098827019,23.10789009260937,-0.745134299999999,0,3.871201010907891,0.0,1,47.0,1,15361915.0,7297600226.00536,0,1,1,0
NER,2009,8.62089060209857,8.62089060209857,22.71825608225018,7.158729984688683,1.96260090694645,49.5122567031625,0.582906590801122,23.0315918334698,-0.6827442,0,0.0,1.0,0,0.0,0,15943675.0,7352131309.73341,0,1,1,0
NER,2010,10.146689915564,10.146689915564,22.78393126832559,7.203776635366134,8.57816674262253,51.9459863027627,0.804073080882659,23.106326442406928,-0.7350007,0,0.0,2.0,0,0.0,0,16548835.0,7851192502.30917,0,1,1,1
NER,2011,12.1645061403035,12.1645061403035,22.89493904942968,7.189866716624667,2.35775693603874,50.2463951569345,2.9423851401332,23.210339967925663,-0.695647,0,0.0,3.0,0,0.0,0,17176283.0,8772950777.79176,0,1,1,1
NER,2012,8.92367913404553,8.92367913404553,22.96683448312369,7.252422426904609,10.5489445763446,45.08596447308,0.455089820359289,23.21702420083448,-0.5898721,0,0.0,4.0,0,0.0,0,17836769.0,9426912647.59111,0,1,1,1
NER,2013,7.03516563238375,7.03516563238375,23.0480915082983,7.266625619705217,5.31513063394726,46.2951491493291,2.29723114955317,23.253326707625487,-0.6374806,0,6.729824070489475,5.0,0,836.0,0,18519898.0,10224897437.8648,0,1,1,1
NER,2014,7.57591181433667,7.57591181433667,23.108623159251305,7.294041337490132,6.64213665495603,45.7416008365932,-0.930287259984466,23.28089165334936,-0.5887916,0,0.0,6.0,0,0.0,0,19215909.0,10862943543.5419,0,1,1,1
NER,2015,5.46761764113716,5.46761764113716,22.99372723760237,7.300066351984789,4.39264883207291,44.727430371186,-0.576090369833189,23.1916613402894,-0.5908565,0,7.963807953231451,0.0,1,2874.0,1,19939498.0,9683867926.44282,0,1,1,1
NER,2016,2.91395161360138,2.91395161360138,23.05938488294914,7.30524633248549,4.28137558478143,36.6748378115692,1.65388922387806,23.19424547227049,-0.566043699999999,0,5.616771097666572,0.0,1,274.0,1,20685753.0,10341025540.2322,0,1,1,1
NER,2017,2.98179907216042,2.98179907216042,23.15330029074596,7.323489527300662,5.53198531271451,39.0298956366247,2.79637318871284,23.25079996249315,-0.654903,0,5.438079308923196,0.0,1,229.0,1,21435446.0,11359273443.3897,0,1,1,1
NER,2018,3.64069699983094,3.64069699983094,23.27278194176129,7.355653690787308,6.89458420864513,38.2929695977016,2.96760366004456,23.31479140291516,-0.6127385,0,4.31748811353631,0.0,1,74.0,1,22188069.0,12800907985.9863,0,1,1,1
NER,2019,5.7737467118799,5.7737467118799,23.242641262777028,7.381000377541625,6.07881528959186,39.289303673296,-2.48979265070855,23.342275458698065,-0.6646514,0,6.416732282512326,0.0,1,611.0,1,22947757.0,12420836506.7888,0,1,1,1
NER,2020,2.64247359719538,2.64247359719538,23.336883167209805,7.391587067031623,4.45481803846413,36.3388196908038,2.8981937602627,23.303979894555333,-0.657380699999999,0,6.885509670034818,0.0,1,977.0,1,23717613.0,13648332189.7307,0,1,1,1
NER,2021,3.98247849972574,3.98247849972574,23.42705057075196,7.37013482429059,1.11520063869706,38.0460948786617,3.8378680284051,23.432713356049607,-0.639504699999999,0,6.597145701886651,0.0,1,732.0,1,24502140.0,14936154253.3242,0,1,1,1
NER,2022,6.21933892730804,6.21933892730804,23.46615534897088,7.452922614205525,12.2215497467041,37.1460454100715,4.22621791916392,23.470828379112824,-0.644957,0,6.821107472256465,0.0,1,916.0,1,25311973.0,15531799640.9005,0,1,1,1
NER,2023,6.05054062024617,6.05054062024617,23.55351983373943,7.445984170249419,2.63516980401258,30.7176535069056,3.70097316425834,23.50847525790244,-0.611528899999999,0,7.742835955430749,0.0,1,2304.0,1,26159867.0,16949765463.9058,0,1,1,1
NER,2024,1.81493836603542,1.81493836603542,23.705395312865463,7.4931238386675165,8.32327058280728,24.388946208843,9.07151997725013,23.535965731331224,-0.7696662,0,7.045776576879511,0.0,1,1147.0,1,27032412.0,19729786046.7618,0,1,1,1
NGA,1996,0.26881827016538,0.26881827016538,25.947561117575475,8.490812487113589,4.19592404666709,,29.2682926829272,22.23731905447173,-1.0785486,0,0.0,0.0,1,0.0,1,113754779.0,185730236700.0,0,0,0,0
NGA,1997,0.233794418819082,0.233794418819082,26.025826177427025,8.49372954702154,2.93709941923106,,8.52987421383633,22.22179463728517,,0,0.0,1.0,0,0.0,0,116754792.0,200850397618.182,0,0,0,0
NGA,1998,0.137154046877584,0.137154046877584,26.10966825697047,8.493080804537454,2.58125410190809,,9.99637812386806,22.22844702676429,-1.3235782,0,0.0,2.0,0,0.0,0,119846254.0,218416200672.727,0,0,0,0
NGA,1999,1.69906893526275,1.69906893526275,24.803259195490288,8.472545787220776,0.584126892882125,,6.61837339479756,22.248387542037825,,0,0.0,3.0,0,0.0,0,123047320.0,59145077039.1437,0,0,0,0
NGA,2000,1.64832098964767,1.64832098964767,24.95985406570918,8.494743721038704,5.01593475936546,,6.9332921556516,22.25511472314689,-1.2673021,0,0.0,4.0,0,0.0,0,126382494.0,69171451627.2465,0,0,0,0
NGA,2001,1.61861555824339,1.61861555824339,25.02133787334345,8.525071812917432,5.91768464924425,,18.8736462093863,22.25503243891042,,0,0.0,5.0,0,0.0,0,129862595.0,73557840064.489,0,0,0,0
NGA,2002,1.97158413526786,1.97158413526786,25.27771161199365,8.64027718510287,15.3291557409618,,12.8765792031099,22.305489096321143,-1.526427,0,0.0,6.0,0,0.0,0,133471989.0,95054059302.6995,0,0,0,0
NGA,2003,1.91462056992191,1.91462056992191,25.37473694163703,8.683608042673582,7.34719496793299,,14.0317836131437,22.446980789830285,-1.3727196,0,0.0,7.0,0,0.0,0,137202644.0,104738954264.226,0,0,0,0
NGA,2004,1.38037387490881,1.38037387490881,25.6341893102822,8.74437640351291,9.25055822923169,,14.9980338183251,22.57831688999964,-1.0917105,0,5.0238805208462765,0.0,1,151.0,1,141057045.0,135764731645.611,0,0,0,0
NGA,2005,2.83629405374322,2.83629405374322,25.89187631651216,8.779085387824791,6.43851652535925,,17.8634933661605,22.65811165019644,-1.0897789,0,0.0,1.0,0,0.0,0,145017253.0,175670569969.346,0,0,0,0
NGA,2006,2.03575267319875,2.03575267319875,26.19744643832356,8.810302310773267,6.05942803202491,,8.22743678120907,22.74339409960589,-1.0454643,0,0.0,2.0,0,0.0,0,149077334.0,238454997161.48,0,0,0,0
NGA,2007,2.16919536982392,2.16919536982392,26.35182480855289,8.846414418192351,6.59113036066867,,5.38610421570143,22.87628172979629,-0.9559052,0,0.0,3.0,0,0.0,0,153267261.0,278260846800.103,0,0,0,0
NGA,2008,2.41373918254011,2.41373918254011,26.550669903028712,8.884024113055501,6.76447277784263,,11.583054796681,22.97629763512925,-1.0168012,0,0.0,4.0,0,0.0,0,157595014.0,339476276257.793,0,0,0,0
NGA,2009,2.90024873175983,2.90024873175983,26.410271143281783,8.933453912747321,8.03692510100366,,12.5379242951095,22.90508914395493,-1.1203412,0,6.0063531596017325,0.0,1,405.0,1,162049464.0,295008835380.997,0,0,0,0
NGA,2010,1.64207369186652,1.64207369186652,26.62860157329506,8.982515828494178,8.00565591623166,,13.7400521363694,22.97923918466248,-1.1375966,0,0.0,1.0,0,0.0,0,166642886.0,366990417129.04,0,0,0,0
NGA,2011,2.133117701613,2.133117701613,26.75025841463781,9.006206460403908,5.30792420293915,,10.8261371880018,23.084601604296378,-1.12143709999999,0,5.786897381366708,0.0,1,325.0,1,171379598.0,414466676831.16,0,0,0,0
NGA,2012,1.52378233769127,1.52378233769127,26.86308792653071,9.019894564061572,4.23006117492493,,12.2242413020582,23.08948456119746,-0.9699142,0,6.699500340161678,0.0,1,811.0,1,176200625.0,463971018239.281,0,0,0,0
NGA,2013,1.06953936497778,1.06953936497778,26.97731996989263,9.05732995444408,6.67133539308232,,8.49551838265678,23.12234673166474,-0.981981099999999,1,7.396335293800808,0.0,1,1629.0,2,181049443.0,520117180313.906,0,0,0,0
NGA,2014,0.817478467870197,0.817478467870197,27.076215327346617,9.092094336359114,6.30971865521856,,8.04741087967907,23.14573746366532,-1.0549073,1,8.47407690034261,0.0,1,4788.0,2,185896915.0,574183763411.508,0,0,0,0
NGA,2015,0.621501637000126,0.621501637000126,26.923829132852337,9.09291379628823,2.65269329541779,,9.00943498007706,23.06130626840605,-0.913883799999999,1,8.527143522269405,0.0,1,5049.0,2,190671878.0,493026682800.63,0,0,0,0
NGA,2016,0.853395742751916,0.853395742751916,26.726286171146405,9.051894643347536,-1.61686894903467,,15.6968126387972,23.073618334818608,-0.919166199999999,1,7.878912912297133,0.0,1,2640.0,2,195443700.0,404649125252.16,0,0,0,0
NGA,2017,0.642182922336257,0.642182922336257,26.65217850437969,9.035604116598178,0.805886619091581,,16.5022662139641,23.137080937755748,-0.8608661,1,7.539027055823995,0.0,1,1879.0,2,200254579.0,375745731053.427,0,0,0,0
NGA,2018,0.183821495682229,0.183821495682229,26.76765307259208,9.031527449751144,1.92275734199798,,12.0951065173432,23.19860759981963,-0.8458382,0,7.563200592358071,0.0,1,1925.0,1,204938755.0,421739251509.08,0,0,0,0
NGA,2019,0.344961215906745,0.344961215906745,27.22788328663484,9.03142739716384,2.20842927835211,,11.3964223378115,23.204663357455903,-0.9678483,1,7.201916317531627,0.0,1,1341.0,2,209485641.0,668219992686.575,0,0,0,0
NGA,2020,0.398484830423335,0.398484830423335,27.11783741043424,8.944316850032651,-6.36889840468527,,13.2460234276598,23.17066083562928,-0.984177499999999,1,7.613324979540639,0.0,1,2024.0,2,213996181.0,598586817817.392,0,0,0,0
NGA,2021,0.543909122159359,0.543909122159359,27.13532663183756,8.934386436057682,1.109252540249,,16.9528457221608,23.306099088849155,-1.0500622,1,7.603897968521881,0.0,1,2005.0,2,218529286.0,609147716965.348,0,0,0,0
NGA,2022,-0.0288727652155146,-0.0288727652155146,27.19553524684641,8.955739959107609,4.31882949157136,,18.8471877843274,23.345237759808985,-1.05684699999999,1,7.355641102974253,0.0,1,1564.0,2,223150896.0,646950257575.455,0,0,0,0
NGA,2023,0.384195197916836,0.384195197916836,26.91232595090149,8.967377201956225,3.31590368111438,,24.659550203114,23.39598576294538,-0.8677545,1,7.7488913372555315,0.0,1,2318.0,2,227882945.0,487387801877.803,0,0,0,0
NGA,2024,0.639824358730627,0.639824358730627,26.253733591761986,8.986451235871227,4.07106650147703,,33.2416590552749,23.44210425068903,-1.0065889,1,7.365180126021013,0.0,1,1579.0,2,232679478.0,252261880140.271,0,0,0,0
NIC,1996,2.78528780163945,2.78528780163945,22.18382127878792,8.369039504043549,6.3442683605154,48.4828382973154,,22.388281078161103,-1.20890679999999,0,0.0,30.0,0,0.0,0,4729974.0,4308351902.78601,0,0,0,0
NIC,1997,4.63328538246985,4.63328538246985,22.202589025259066,8.391250900487147,3.96665092760821,58.0055306487605,,22.419582186086828,,0,0.0,30.0,0,0.0,0,4809573.0,4389973489.86032,0,0,0,0
NIC,1998,4.70730631064372,4.70730631064372,22.256976981493303,8.412409861957247,3.71168146396694,57.0137150680369,,22.44399072615733,-1.2123272,0,0.0,30.0,0,0.0,0,4883655.0,4635347385.5446,0,0,0,0
NIC,1999,6.9460085675925,6.9460085675925,22.303486298241825,8.466099576938504,7.03597046350201,62.5376445208417,,22.480721962616123,,0,0.0,30.0,0,0.0,0,4954018.0,4856026259.07657,0,0,0,0
NIC,2000,5.21568567857809,5.21568567857809,22.35438442575848,8.492541308933985,4.10159025073438,61.2984974600022,7.06991352252517,22.53080819224304,-1.33070929999999,0,0.0,30.0,0,0.0,0,5022633.0,5109587049.97449,0,1,1,0
NIC,2001,2.80655753554232,2.80655753554232,22.40068982727563,8.508823746010943,2.96084349057273,57.9801315472268,5.98604186279518,22.545111180164945,,0,0.0,30.0,0,0.0,0,5087825.0,5351752034.2221,0,0,0,0
NIC,2002,3.90334311480045,3.90334311480045,22.376477026667725,8.504206241805251,0.753938876079573,58.0912844080785,3.75017465778466,22.5758723830078,-1.3375375,0,0.0,30.0,0,0.0,0,5149909.0,5223727302.54906,0,1,1,0
NIC,2003,3.78225034215297,3.78225034215297,22.395157915492497,8.517315475172092,2.52073289551447,62.1750658877514,5.30238773219936,22.65562590081541,-1.32041149999999,0,0.0,30.0,0,0.0,0,5210963.0,5322228350.58068,0,1,1,0
NIC,2004,4.31560328721207,4.31560328721207,22.47990453541532,8.557256185522558,5.31217056950739,67.195316780004,8.47021063584077,22.75529799150972,-1.06838339999999,0,0.0,30.0,0,0.0,0,5272912.0,5792932838.40051,0,1,1,0
NIC,2005,3.81407422484717,3.81407422484717,22.567194560995105,8.586151588917144,4.28239833770654,71.6457237072991,9.59909986064425,22.836665013401813,-0.9910403,0,0.0,30.0,0,0.0,0,5342105.0,6321324279.14826,0,1,1,0
NIC,2006,4.24030000066427,4.24030000066427,22.634831831063323,8.612577084039208,4.15294559846254,87.309670832079,9.1401996677772,22.9153915672519,-0.884603399999999,0,0.0,30.0,0,0.0,0,5418855.0,6763672380.61154,0,1,1,0
NIC,2007,5.14186605474194,5.14186605474194,22.72789964445197,8.647731990721153,5.0763520180987,93.025730229333,11.1269347446118,23.01255349206274,-0.874631899999999,0,0.0,30.0,0,0.0,0,5497243.0,7423375014.75729,0,1,1,0
NIC,2008,7.38263377911966,7.38263377911966,22.86297518346991,8.667180809467038,3.43571693608081,96.7939847302055,19.8262031287429,23.08470811573392,-0.9073504,0,0.0,30.0,0,0.0,0,5576593.0,8496967596.77008,0,1,1,0
NIC,2009,5.22852820149836,5.22852820149836,22.839365012911827,8.619454709226623,-3.2926651586197,86.9936104453444,3.68700160498797,23.033371762286293,-0.8378983,0,0.0,30.0,0,0.0,0,5656601.0,8298702489.0801,0,1,1,0
NIC,2010,5.59335824334059,5.59335824334059,22.89330216671848,8.648419249884936,4.41009911716546,100.364058423919,5.45513425887423,23.11433807807878,-0.815775599999999,0,0.0,30.0,0,0.0,0,5737450.0,8758602232.98358,0,1,1,1
NIC,2011,9.5791738556055,9.5791738556055,23.00302532999987,8.695548974111983,6.31668553491842,111.827453935999,8.082387980991,23.19663512438828,-0.801184799999999,0,0.0,30.0,0,0.0,0,5819051.0,9774329332.71276,0,1,1,1
NIC,2012,7.36516075625111,7.36516075625111,23.077685714719024,8.7444542226604,6.4961364710876,115.177288474198,7.1935505333896,23.224432733026813,-0.7538922,0,0.0,30.0,0,0.0,0,5901287.0,10532017231.8253,0,1,1,1
NIC,2013,8.78722600899979,8.78722600899979,23.119613389844947,8.778656928873131,4.92709413447304,110.984207880382,7.13546785289407,23.253156082939743,-0.734575699999999,0,0.0,30.0,0,0.0,0,5983845.0,10982988249.2103,0,1,1,1
NIC,2014,9.06363827053251,9.06363827053251,23.19815908828368,8.811684590124464,4.78546013589983,106.698200190796,6.03596861798425,23.280568207771683,-0.7610142,0,0.0,30.0,0,0.0,0,6066492.0,11880438824.4494,0,1,1,1
NIC,2015,7.58033255797744,7.58033255797744,23.26932216762968,8.844917624868081,4.79226768332697,98.194164594236,3.99737996694396,23.241300140470308,-0.754890699999999,0,0.0,30.0,0,0.0,0,6149417.0,12756696261.0676,0,1,1,1
NIC,2016,7.44462628012218,7.44462628012218,23.30998371525366,8.876091719013955,4.56314739524967,93.8137278130087,3.52317317628473,23.254528596511143,-0.786049,0,0.0,30.0,0,0.0,0,6232666.0,13286093388.4752,0,1,1,1
NIC,2017,7.51057620596971,7.51057620596971,23.34691166042494,8.90804489287604,4.63120757580209,96.3805864351182,3.85067166284727,23.311253691221392,-0.497707499999999,0,0.0,30.0,0,0.0,0,6316231.0,13785893007.4769,0,1,1,1
NIC,2018,6.43060058137235,6.43060058137235,23.29015346660815,8.860644886040005,-3.3633566598573,93.9847404925404,4.94723728039886,23.36397775154981,-0.7706904,0,0.0,30.0,0,0.0,0,6400080.0,13025221974.232,0,1,1,1
NIC,2019,3.96093444094211,3.96093444094211,23.26479094668737,8.818274098263922,-2.89686986728901,94.0422159246213,5.37628990844126,23.3865232488656,-0.7436807,0,0.0,30.0,0,0.0,0,6483657.0,12699023614.245,0,1,1,1
NIC,2020,5.86574902695673,5.86574902695673,23.26694617564949,8.783146307722827,-2.23654176262323,88.6381231228968,3.68181341625572,23.35224437204389,-0.7981834,0,0.0,30.0,0,0.0,0,6565267.0,12726422432.4868,0,1,1,1
NIC,2021,7.36996671682569,7.36996671682569,23.377142768391515,8.870546248689497,10.4543887816515,106.20739806697,4.92841396948968,23.471711456714072,-0.7550562,0,0.0,30.0,0,0.0,0,6644741.0,14209019392.3025,0,1,1,1
NIC,2022,8.23239594861789,8.23239594861789,23.47275055251814,8.892586703029238,3.55027477135765,115.454670931919,10.4674244465991,23.53879280513735,-0.9210621,0,0.0,30.0,0,0.0,0,6730654.0,15634573555.9049,0,1,1,1
NIC,2023,6.25581191942426,6.25581191942426,23.60279245504308,8.922195601239398,4.42779393186883,105.019535579852,8.38765854872536,23.601108714292096,-0.936770799999999,0,0.0,30.0,0,0.0,0,6823613.0,17805842220.7571,0,1,1,1
NIC,2024,6.86575238184716,6.86575238184716,23.70369723944396,8.943910085580924,3.58094495324541,99.146065089948,4.62473841057141,23.6467249283682,-1.0529768,0,0.0,30.0,0,0.0,0,6916140.0,19696311850.3289,0,1,1,1
NOR,1996,2.35643292384557,2.35643292384557,25.813497690790488,11.14135405502338,4.96949434701779,70.8364157021835,1.26253249164501,23.14445092993577,1.8969617,0,0.0,30.0,0,0.0,0,4381336.0,162427517132.314,0,1,1,0
NOR,1997,2.82139153819221,2.82139153819221,25.798524473419526,11.185598675838328,5.09208924000464,72.8541136556404,2.56692335900252,23.10814180384709,,0,0.0,30.0,0,0.0,0,4405157.0,160013571973.874,0,0,0,0
NOR,1998,3.69117384399436,3.69117384399436,25.753415861812574,11.20653874171981,2.72590814782492,72.3335193420145,2.25241329996429,23.12426770704265,1.8079836,0,0.0,30.0,0,0.0,0,4431464.0,152955958171.529,0,1,1,0
NOR,1999,3.60939042539353,3.60939042539353,25.80656047006628,11.221282490670868,2.18261230296261,70.081642418765,2.36596736596733,23.134822966767,,0,0.0,30.0,0,0.0,0,4461913.0,161304620986.768,0,0,0,0
NOR,2000,4.88339361449756,4.88339361449756,25.862706618834512,11.248646615635469,3.443416131481,74.7840209460062,3.08550609131279,23.10939496063977,1.9102227,0,0.0,30.0,0,0.0,0,4490967.0,170620327660.251,0,1,1,0
NOR,2001,1.8377775731117,1.8377775731117,25.8799676697733,11.26498979601156,2.1634350595868,73.553666590214,3.00419703998233,23.111081701159165,,0,0.0,30.0,0,0.0,0,4513751.0,173590978346.698,0,0,0,0
NOR,2002,1.54164273891433,1.54164273891433,25.998109739596828,11.27406648520109,1.45747886087304,67.8482927970815,1.28672528415184,23.177483381587468,1.8984462,0,0.0,30.0,0,0.0,0,4538159.0,195359978957.389,0,1,1,0
NOR,2003,1.82352266071092,1.82352266071092,26.157828876132463,11.279105072073202,1.09635781210122,66.5085380808884,2.48782553461781,23.3375796012534,1.8614686,0,0.0,30.0,0,0.0,0,4564855.0,229192678172.933,0,1,1,0
NOR,2004,1.85140399656979,1.85140399656979,26.305494341230983,11.315586024201112,4.33015597691212,68.7028173740954,0.454498502220863,23.472510773672067,1.8956582,0,0.0,30.0,0,0.0,0,4591910.0,265662977688.108,0,1,1,0
NOR,2005,3.22999383954281,3.22999383954281,26.464399672663383,11.33804022809414,2.96973597025936,70.2469613309236,1.53213367609249,23.53250079533141,1.8964957,0,0.0,30.0,0,0.0,0,4623291.0,311417306946.061,0,1,1,0
NOR,2006,3.39589223808001,3.39589223808001,26.58055102052756,11.35806112634594,2.84726376691944,71.1687450210659,2.3293498075755,23.607433676239385,1.938595,0,0.0,30.0,0,0.0,0,4660677.0,349773283644.925,0,1,1,0
NOR,2007,6.08270065269797,6.08270065269797,26.734076471272303,11.381344874556891,3.42030119916608,71.1714206590972,0.712589073634201,23.743919210539577,1.9141752,0,0.0,30.0,0,0.0,0,4709153.0,407813774161.08,0,1,1,0
NOR,2008,4.3592355460088,4.3592355460088,26.88037253405435,11.377075936448596,0.822805797014865,73.8668579713193,3.75393081761005,23.829125648520503,1.7167729,0,0.0,30.0,0,0.0,0,4768212.0,472060283687.943,0,1,1,0
NOR,2009,2.18259741615123,2.18259741615123,26.70383243659841,11.34820039936351,-1.61327151945869,66.3869035154741,2.19738586853568,23.733421434565624,1.7868741,0,0.0,30.0,0,0.0,0,4828726.0,395664488017.429,0,1,1,0
NOR,2010,4.91540239256035,4.91540239256035,26.810340833376674,11.34574290574504,1.00493269017117,67.1044480331039,2.41890639481003,23.779881372203143,1.7800228,0,0.0,30.0,0,0.0,0,4889252.0,440132138425.479,0,1,1,1
NOR,2011,2.00759481951861,2.00759481951861,26.96328547313416,11.346526481788368,1.38505117083945,68.3082228214528,1.2849515880916,23.880739733863653,1.8129314,0,0.0,30.0,0,0.0,0,4953088.0,512868581627.712,0,1,1,1
NOR,2012,5.31305937295199,5.31305937295199,26.98682206688332,11.361240253952865,2.82395673492459,67.2907057063447,0.696864111498263,23.8664607615546,1.9504302,0,0.0,30.0,0,0.0,0,5018573.0,525082939406.962,0,1,1,1
NOR,2013,-0.253383714333266,-0.253383714333266,27.01507986377508,11.361797522870974,1.27290177696287,66.6575278489713,2.12048620353112,23.904278638068146,1.9341009,0,0.0,30.0,0,0.0,0,5079623.0,540132255319.149,0,1,0,0
NOR,2014,0.628548707490107,0.628548707490107,26.969042255034235,11.37125581740164,2.09521388080101,67.7741797940433,2.04170286707211,23.932415928021182,1.9539907,0,0.0,30.0,0,0.0,0,5137232.0,515829568897.117,0,1,1,1
NOR,2015,1.81548452900569,1.81548452900569,26.716401922083207,11.381541703629818,2.04428845501438,68.8351790107466,2.17113665389527,23.833655696319084,1.9270491,0,0.0,30.0,0,0.0,0,5188607.0,400669174330.888,0,1,1,1
NOR,2016,-4.87068870473279,-4.87068870473279,26.672042189941013,11.385565180183711,1.29158732771135,67.3341230829057,3.55000000000007,23.8420787165652,1.9604222,0,0.0,30.0,0,0.0,0,5234519.0,383284047619.048,0,1,0,0
NOR,2017,1.41952980990481,1.41952980990481,26.753165167155693,11.40383476349596,2.66964474273466,67.1957153368952,1.87510059552545,23.898927773024862,2.0636859,0,0.0,30.0,0,0.0,0,5276968.0,415673181543.421,0,1,1,1
NOR,2018,-1.24603124120942,-1.24603124120942,26.842659268986125,11.408276571576272,1.1103912365576,68.1761206012317,2.76483134528797,23.96599428747052,1.9374028,0,0.0,30.0,0,0.0,0,5311916.0,454588871810.636,0,1,0,0
NOR,2019,3.84915053606091,3.84915053606091,26.77357668763192,11.416116080666283,1.46970781954143,68.880243105732,2.16773003305411,23.96696029007355,1.9446493,0,0.0,30.0,0,0.0,0,5347896.0,424244886363.636,0,1,1,1
NOR,2020,-0.858417094148667,-0.858417094148667,26.669347268841644,11.396529531123234,-1.36055723261586,63.3673184179043,1.28658490707996,23.94418974201597,1.9498703,0,0.0,30.0,0,0.0,0,5379475.0,382252517921.94,0,1,0,0
NOR,2021,3.51903435020736,3.51903435020736,26.98015189390569,11.43177798745221,4.14314688769197,69.1060572345311,3.48388055266669,24.07551799096313,1.9916736,0,0.0,30.0,0,0.0,0,5408320.0,521592200232.829,0,1,1,1
NOR,2022,2.31291587479113,2.31291587479113,27.14865633604148,11.462787504617456,4.08039770659241,79.9216011363033,5.76412317852272,24.088596829868823,1.8212872,0,0.0,30.0,0,0.0,0,5457127.0,617321834098.986,0,1,1,1
NOR,2023,2.74499093797298,2.74499093797298,26.942259571039948,11.454925141033886,0.352695581319765,77.401189583706,5.51784987104659,24.146377198622705,1.7870167,0,0.0,30.0,0,0.0,0,5519601.0,502197633322.816,0,1,1,1
NOR,2024,2.42254685844836,2.42254685844836,26.93964502213636,11.4595634057759,1.42372134524737,79.5796368227724,3.14530134431081,24.19242913623939,1.843057,0,0.0,30.0,0,0.0,0,5572279.0,500886328034.123,0,1,1,1
NPL,1996,0.423749430010865,0.423749430010865,22.23212741159851,7.652312202540051,5.32828417508708,58.4577686983002,9.22046662376986,22.32773172109717,-0.7897088,0,3.80666248977032,0.0,1,44.0,1,22741862.0,4521580381.47139,0,1,1,0
NPL,1997,0.468752021000606,0.468752021000606,22.31630846147783,7.68078175391847,5.04861254517328,64.0355348949959,4.00998860523181,22.3143655336406,,0,3.713572066704308,0.0,1,40.0,1,23219463.0,4918691916.53516,0,0,0,0
NPL,1998,0.247611787038703,0.247611787038703,22.30353341082165,7.690844628093576,3.01638947539399,56.7096012897007,11.2444677818614,22.28928925457987,-0.798836299999999,0,5.525452939131784,0.0,1,250.0,1,23680357.0,4856255044.39064,0,1,1,0
NPL,1999,0.0864397656827156,0.0864397656827156,22.33940969102998,7.7154135340428915,4.41257328041399,52.5669812534353,7.45111260957546,22.33440679634856,,0,5.056245805348308,0.0,1,156.0,1,24125199.0,5033642384.10596,0,0,0,0
NPL,2000,-0.0088242529452383,-0.0088242529452383,22.426968329627915,7.758254708051569,6.19999998192236,55.7105890041319,2.47882020709136,22.37373578715728,-0.7956793,0,5.594711379601839,0.0,1,268.0,1,24546509.0,5494252207.90502,0,1,0,0
NPL,2001,0.347091875363344,0.347091875363344,22.516200455778428,7.788963436291245,4.79989214255407,55.7999210803706,2.6883037354563,22.36430952142421,,0,6.063785208687608,0.0,1,429.0,1,24946748.0,6007055042.17687,0,0,0,0
NPL,2002,-0.0983748686510898,-0.0983748686510898,22.52346885994431,7.774958385717531,0.120143177369414,46.2307185004451,3.02939948714892,22.40955069907727,-1.0473603,1,8.280711075662847,0.0,1,3946.0,2,25328981.0,6050875806.66403,0,1,0,0
NPL,2003,0.233443620739643,0.233443620739643,22.56864080909969,7.799546246035973,3.94503776051116,44.2478836156195,5.70700931874738,22.537315270745875,-1.05660509999999,1,7.201916317531627,0.0,1,1341.0,2,25688758.0,6330473096.54071,0,1,1,0
NPL,2004,-0.0057375573705338,-0.0057375573705338,22.70756370323328,7.832625522056184,4.68260325152944,46.1472867206087,2.8418113124898,22.66733391513052,-0.7174016,1,7.53955882930103,0.0,1,1880.0,2,26016656.0,7273938314.71988,0,1,0,0
NPL,2005,0.030156295078659,0.030156295078659,22.818858540801827,7.85563423324021,3.47918104829496,44.0629474798613,6.83633265892877,22.75653199577864,-0.9213844,1,7.007600613951853,0.0,1,1104.0,2,26309458.0,8130258377.90964,0,1,1,0
NPL,2006,-0.073509433259411,-0.073509433259411,22.92533591761254,7.879044669973198,3.36461478056277,44.7619877569242,6.92033580707589,22.84959283109237,-1.0330024,0,6.126869184114185,0.0,1,457.0,1,26565425.0,9043715355.8881,0,1,0,0
NPL,2007,0.0556064154566332,0.0556064154566332,23.05789383040693,7.904229407312907,3.41156027980276,44.5792750200254,2.26921924439074,22.99691999669932,-0.946673,0,0.0,1.0,0,0.0,0,26788492.0,10325618017.379,0,1,1,0
NPL,2008,0.0079321573519278,0.0079321573519278,23.25262297872005,7.955989584651303,6.10463914373472,46.0362063511913,9.9078300530648,23.104583253040747,-1.01648919999999,0,0.0,2.0,0,0.0,0,26990037.0,12545438605.3959,0,1,1,0
NPL,2009,0.297715388957693,0.297715388957693,23.276997546903328,7.993565639420441,4.5330787246486,47.0794477633688,11.0948237386987,23.07623078461619,-0.7872136,0,0.0,3.0,0,0.0,0,27173035.0,12854985464.0764,0,1,1,0
NPL,2010,0.548294665887946,0.548294665887946,23.49602057255987,8.034408736682785,4.81641464694573,45.9849057742707,9.32650410745395,23.196356039787005,-0.6925409,0,0.0,4.0,0,0.0,0,27341952.0,16002656434.4746,0,1,1,1
NPL,2011,0.435814930594323,0.435814930594323,23.794748809314942,8.063582589191855,3.42180870116162,36.2967588899367,9.2270754612596,23.32089674485908,-0.7963154,0,0.0,5.0,0,0.0,0,27464494.0,21573872420.7008,0,1,1,1
NPL,2012,0.42369151125933,0.42369151125933,23.800720984847576,8.106665510440095,4.67014192446953,37.921906058758,9.45980980357125,23.353991013767512,-1.10949989999999,0,0.0,6.0,0,0.0,0,27534915.0,21703100877.1309,0,1,1,1
NPL,2013,0.334712330597339,0.334712330597339,23.821654194082026,8.139311525921373,3.52515317129149,41.8653757376722,9.04016311917645,23.386376996372352,-1.0517978,0,0.0,7.0,0,0.0,0,27589996.0,22162204924.5726,0,1,1,1
NPL,2014,0.133746236524448,0.133746236524448,23.847022432354496,8.19470755766828,6.01148284250441,45.9826416115927,8.36415469659563,23.424795177093607,-0.8952954,0,0.0,8.0,0,0.0,0,27672370.0,22731612922.1906,0,1,1,1
NPL,2015,0.213029527712984,0.213029527712984,23.91624117279244,8.228246806056221,3.97605327162971,46.6657303895158,7.86890895590891,23.386978939613336,-1.16337389999999,0,0.0,9.0,0,0.0,0,27823629.0,24360801286.7638,0,1,1,1
NPL,2016,0.432212944008614,0.432212944008614,23.922922531179136,8.227841613677816,0.433113719381524,42.1154861221646,8.7903433200464,23.4196572762581,-0.981872499999999,0,0.0,10.0,0,0.0,0,27955462.0,24524109483.5293,0,1,1,1
NPL,2017,0.677439884182991,0.677439884182991,24.08958149500971,8.311816942027555,8.97727935643466,44.6424106217427,2.77703998300211,23.49669779044273,-0.927736599999999,0,0.0,11.0,0,0.0,0,28011258.0,28971588940.364,0,1,1,1
NPL,2018,0.206157201926214,0.206157201926214,24.2231472531996,8.382835335700925,7.62237610397933,48.4473869463778,4.40659410175714,23.56337525785722,-0.9143987,0,0.0,12.0,0,0.0,0,28079689.0,33111525237.149,0,1,1,1
NPL,2019,0.542801979747667,0.542801979747667,24.25508732622752,8.43544601718494,6.65705543110468,49.2495265869012,5.56616035243723,23.584466808624803,-1.1116758,0,0.0,13.0,0,0.0,0,28414064.0,34186180699.0255,0,1,1,1
NPL,2020,0.378739091402959,0.378739091402959,24.232828992986697,8.392206229567716,-2.3696206292072,40.9188741248444,5.05635826238499,23.561442035274126,-1.0263856,0,0.0,14.0,0,0.0,0,28966574.0,33433659301.2466,0,1,1,1
NPL,2021,0.531690906776232,0.531690906776232,24.33215037000624,8.422053531086476,4.838149614115,43.0538047912219,4.12676744440695,23.706237050378164,-0.9460782,0,0.0,15.0,0,0.0,0,29475010.0,36924841394.2605,0,1,1,1
NPL,2022,0.160405405048333,0.160405405048333,24.44128991821838,8.468714356034255,5.6313145568451,48.9734014800201,7.6702057938028,23.73698284274585,-0.954515799999999,0,0.0,16.0,0,0.0,0,29715436.0,41182939519.8161,0,1,1,1
NPL,2023,0.18227214989517,0.18227214989517,24.43804034752413,8.48904683378718,1.98254843461849,41.5701502932467,7.11587261530826,23.767030145778293,-0.844047999999999,0,0.0,17.0,0,0.0,0,29694614.0,41049329851.0546,0,1,1,1
NPL,2024,0.131412557108071,0.131412557108071,24.491393337688148,8.52663339023894,3.67787459697703,40.1700101626853,4.6850965426577,23.808661382644235,-0.8845295,0,0.0,18.0,0,0.0,0,29651054.0,43298911699.9284,0,1,1,1
NZL,1996,5.58678410842227,5.58678410842227,24.97377099061255,10.414199072827872,3.59083953715972,55.1161709577551,2.28571305402195,21.66028720965451,1.9844191,0,0.0,30.0,0,0.0,0,3732000.0,70140835299.0148,0,1,1,0
NZL,1997,2.90193360299289,2.90193360299289,24.914058467929983,10.421618194552222,2.07551582422867,55.2468635214425,1.18714833105632,21.661065840078976,,0,0.0,30.0,0,0.0,0,3781300.0,66075143415.4952,0,0,0,0
NZL,1998,3.24713618849531,3.24713618849531,24.752665926328937,10.421260921390749,0.855188594957326,57.8960178233763,1.26524409915406,21.63967374583312,1.8920972,0,0.0,30.0,0,0.0,0,3815000.0,56227169851.0448,0,1,1,0
NZL,1999,1.60215774541769,1.60215774541769,24.796765659701904,10.468438674233113,5.38315295474565,61.4012311333669,-0.114267129777524,21.680647647255608,,0,0.0,30.0,0,0.0,0,3835100.0,58762260625.8758,0,0,0,0
NZL,2000,-2.86529455631185,-2.86529455631185,24.68642448151253,10.490847148524288,2.86879087314065,68.5169268768932,2.6152344624632,21.72830133312106,1.7800027,0,0.0,30.0,0,0.0,0,3857700.0,52623281956.7031,0,1,0,0
NZL,2001,0.481362352602511,0.481362352602511,24.70988460541913,10.518539677845617,3.41557461751114,67.2338243520418,2.62581630392903,21.71163158153975,,0,0.0,30.0,0,0.0,0,3880500.0,53872425916.6248,0,0,0,0
NZL,2002,4.27533253207986,4.27533253207986,24.922386683868407,10.547241510940731,4.71514593471419,62.6559945554479,2.67709257711605,21.740850572253827,2.0369265,0,0.0,30.0,0,0.0,0,3948500.0,66627729311.4495,0,1,1,0
NZL,2003,-3.81179323818466,-3.81179323818466,25.20344956727336,10.573681960063665,4.72587484712128,57.914769345753,1.75357444759557,21.847275872036786,2.0022757,0,0.0,30.0,0,0.0,0,4027200.0,88250885550.2626,0,1,0,0
NZL,2004,2.2326303912504,2.2326303912504,25.36674487897275,10.598910639972456,4.09053577279863,58.7995522745359,2.29024902847571,21.9688386822521,1.798038,0,0.0,30.0,0,0.0,0,4087500.0,103905210084.034,0,1,1,0
NZL,2005,1.66201517661775,1.66201517661775,25.465761343069182,10.620602591365593,3.35295444152619,58.0187434407163,3.03702332617012,22.050559044103377,1.9120353,0,0.0,30.0,0,0.0,0,4133900.0,114720129550.095,0,1,1,0
NZL,2006,2.61132933725814,2.61132933725814,25.437638445421936,10.63577926856425,2.7744428588158,59.6032650403479,3.36540196171993,22.12950976659329,1.8456251,0,0.0,30.0,0,0.0,0,4184600.0,111538810712.665,0,1,1,0
NZL,2007,3.16024444752482,3.16024444752482,25.64462498678869,10.656626643297423,3.06312221869514,58.4251605749091,2.37614310290659,22.24458315556246,1.8177905,0,0.0,30.0,0,0.0,0,4223800.0,137188946865.584,0,1,1,0
NZL,2008,1.94246279372292,1.94246279372292,25.616896241978825,10.637830559498454,-1.02561134479848,64.2611448527979,3.9589493731206,22.34813408150793,1.8174015,0,0.0,30.0,0,0.0,0,4259800.0,133437126590.286,0,1,1,0
NZL,2009,-0.0430577448192459,-0.0430577448192459,25.52452437533405,10.62743059926964,-0.040259885205117,55.0143501856026,2.1156511055456,22.304935124117566,1.9669744,0,0.0,30.0,0,0.0,0,4302600.0,121663439315.385,0,1,0,0
NZL,2010,0.194915236759354,0.194915236759354,25.712935564958784,10.630924326883571,1.47182504276788,58.1047406012087,2.30202385958572,22.41547589388165,1.8083666,0,0.0,30.0,0,0.0,0,4350700.0,146887902524.052,0,1,1,1
NZL,2011,0.818247908477246,0.818247908477246,25.849957276251267,10.64451782472252,2.1445004445998,59.1815679267669,4.0279066739204,22.53044458471721,1.9627757,0,0.0,30.0,0,0.0,0,4384000.0,168458838711.118,0,1,1,1
NZL,2012,2.17943829633958,2.17943829633958,25.896632316326667,10.661800169829204,2.30256429520961,56.9257462326897,1.05991318445632,22.565880140028536,1.9728103,0,0.0,30.0,0,0.0,0,4408100.0,176508049114.249,0,1,1,1
NZL,2013,-0.0364086461829919,-0.0364086461829919,25.97524329601423,10.679441649527345,2.5648360739867,56.0063219921147,1.13442266445817,22.58810860449592,1.9354282,0,0.0,30.0,0,0.0,0,4442100.0,190943478289.796,0,1,0,0
NZL,2014,1.61419635020494,1.61419635020494,26.02873479513297,10.700313580085623,3.81933619307242,55.1213465284556,1.227507505974,22.60798295611269,2.0335793,0,0.0,30.0,0,0.0,0,4516500.0,201435445068.164,0,1,1,1
NZL,2015,-0.0411865527337287,-0.0411865527337287,25.905877455772497,10.716571369608216,3.72968312125018,54.8749505791536,0.292704628136101,22.56094674582424,1.9501288,0,0.0,30.0,0,0.0,0,4609400.0,178147457242.978,0,1,0,0
NZL,2016,1.06260320456022,1.06260320456022,25.96490888835254,10.730862607706584,3.7435247472109,52.4796021733125,0.646240284454524,22.574174639504744,1.8226403,0,0.0,30.0,0,0.0,0,4714100.0,188980351890.848,0,1,1,1
NZL,2017,1.15705531240243,1.15705531240243,26.05386617071697,10.74259441016689,3.31568621648204,54.2775276299632,1.85078767452536,22.63954747774156,1.7876311,0,0.0,30.0,0,0.0,0,4813600.0,206561943051.354,0,1,1,1
NZL,2018,1.16024911473989,1.16024911473989,26.078559587940667,10.757364051295411,3.32219666491432,55.9063918509538,1.59829703801696,22.70166872294564,1.7035417,0,0.0,30.0,0,0.0,0,4900600.0,211726161989.495,0,1,1,1
NZL,2019,1.44301683692321,1.44301683692321,26.08497122364584,10.766212796091896,2.32371708441623,54.4612464097007,1.61963190184048,22.71835049698849,1.6838138,0,0.0,30.0,0,0.0,0,4970300.0,213088034258.42,0,1,1,1
NZL,2020,2.25037509596065,2.25037509596065,26.08605045641407,10.743466850327426,-0.240916114758988,43.8262466218168,1.71456170007245,22.691456820373418,1.6915539,0,0.0,30.0,0,0.0,0,5072400.0,213318129988.602,0,1,1,1
NZL,2021,2.09061969632742,2.09061969632742,26.25954637571204,10.783157687828202,4.29916005216614,48.4315370741539,3.94112060778728,22.82449242100349,1.6029686,0,0.0,30.0,0,0.0,0,5084600.0,253732493987.834,0,1,1,1
NZL,2022,3.9270483682543,3.9270483682543,26.24361825845848,10.81663303396012,3.34521847792682,53.2091433736439,7.17222476016441,22.865425709728264,1.656508,0,0.0,30.0,0,0.0,0,5081700.0,249723029451.237,0,1,1,1
NZL,2023,1.71426378534541,1.71426378534541,26.26989604502001,10.81159665701301,1.81389453412019,49.8655041498497,5.73316283034957,22.902793232140016,1.7271046,0,0.0,30.0,0,0.0,0,5200000.0,256372177757.764,0,1,1,1
NZL,2024,0.672983751329456,0.672983751329456,26.289689406680445,10.785711859114071,-0.868722371893952,50.6607664427853,2.92279782301957,22.93793470550199,1.8491848,0,0.0,30.0,0,0.0,0,5290000.0,261497198363.906,0,1,1,1
OMN,1996,0.348234217049513,0.348234217049513,23.57985561212096,10.582937006420698,3.04593990978547,69.3906831462689,,22.3434215090292,0.2677542,0,0.0,30.0,0,0.0,0,2156926.0,17402080624.1873,0,0,0,0
OMN,1997,0.357542921694563,0.357542921694563,23.61584581812088,10.62597582329649,6.03351250709945,71.594365872295,,22.333076585102404,,0,0.0,30.0,0,0.0,0,2190720.0,18039791937.5813,0,0,0,0
OMN,1998,0.635743228156913,0.635743228156913,23.498614077210352,10.610899369829085,-0.0678740925781511,80.4830604636084,,22.319135669230786,-0.006963,0,0.0,30.0,0,0.0,0,2222489.0,16044213263.9792,0,0,0,0
OMN,1999,0.224866917026412,0.224866917026412,23.6043036034165,10.600276376361151,0.29759569579106,76.611197806525,,22.351207343406,,0,0.0,30.0,0,0.0,0,2252909.0,17832769830.9493,0,0,0,0
OMN,2000,0.368381081460018,0.368381081460018,23.826037320393507,10.647471448165865,6.19241063695442,81.4132822358275,,22.38839222709893,-0.0055096,0,0.0,30.0,0,0.0,0,2282131.0,22259557867.3602,0,0,0,0
OMN,2001,0.0234244152680339,0.0234244152680339,23.823615827594843,10.680338876650724,4.61316649389876,84.5270024947002,-0.816666666666656,22.382216910701093,,0,0.0,30.0,0,0.0,0,2310217.0,22205721716.515,0,0,0,0
OMN,2002,0.473575608601034,0.473575608601034,23.861605551120096,10.660879811195064,-0.784165786429256,83.6537485764543,-0.279578822571373,22.43202387727578,0.1056215,0,0.0,30.0,0,0.0,0,2337140.0,23065539661.8986,0,1,1,0
OMN,2003,0.10094531077486,0.10094531077486,23.93143171873197,10.627347902132597,-2.19466567976842,84.846636733578,0.231328682267143,22.56890841850501,0.2957168,0,0.0,30.0,0,0.0,0,2363796.0,24733680104.0312,0,1,1,0
OMN,2004,0.391323075231172,0.391323075231172,24.068912935037403,10.62987047434977,1.99251510973346,88.611307129045,0.624969062631367,22.70793152886414,0.1866734,0,0.0,30.0,0,0.0,0,2404821.0,28378933680.104,0,1,1,0
OMN,2005,4.33257156250914,4.33257156250914,24.292992657334384,10.634680270049625,2.77944360306151,86.7613020421318,1.90983553531865,22.806656102976387,0.2931176,0,0.0,30.0,0,0.0,0,2459802.0,35506892067.6203,0,1,1,0
OMN,2006,3.74867907471091,3.74867907471091,24.474594912198743,10.6582104283466,4.66981481939328,86.1457079854133,3.54498591605033,22.90905965812756,0.1659918,0,0.0,30.0,0,0.0,0,2514795.0,42577633289.987,0,1,1,0
OMN,2007,6.89874269714346,6.89874269714346,24.60070547452957,10.685034022708004,4.98065467051528,94.8657889777347,5.8304841809271,23.05521496602912,0.1196741,0,0.0,30.0,0,0.0,0,2570174.0,48300390117.0351,0,1,1,0
OMN,2008,4.22877879574812,4.22877879574812,24.96896691329697,10.749063837419625,8.95005895005896,94.7619029877161,12.3754091529912,23.175126330668387,0.2438058,0,0.0,30.0,0,0.0,0,2626529.0,69804681404.4213,0,1,1,0
OMN,2009,2.72158933688519,2.72158933688519,24.738821420491693,10.785272092576234,5.98196694904402,91.6279353346997,3.46881023754893,23.103461895784378,0.2643655,0,0.0,30.0,0,0.0,0,2684659.0,55454096228.8687,0,1,1,0
OMN,2010,1.91196478591436,1.91196478591436,24.89755307182971,10.782940312156244,2.47199856582773,96.3865546218487,3.25657959078624,23.21279329427073,0.3192865,0,0.0,30.0,0,0.0,0,2757446.0,64993498049.4148,0,1,1,1
OMN,2011,2.10218875218974,2.10218875218974,25.07351189226561,10.701902202811542,2.89460973541192,101.641731939942,4.0421886711639,23.3432004724051,0.0808802,0,0.0,30.0,0,0.0,0,3076763.0,77497529258.7776,0,1,1,1
OMN,2012,1.5612029028198,1.5612029028198,25.193862289007217,10.64456936134793,8.86312225557018,102.0747604043,2.94773495257209,23.370346327008765,0.0510827,0,0.0,30.0,0,0.0,0,3547106.0,87408842652.7958,0,1,1,1
OMN,2013,1.79286446946825,1.79286446946825,25.22236437455108,10.61777189486982,5.22770408145942,112.543521763774,1.05354820265932,23.39825986379054,-0.0148916999999999,0,0.0,30.0,0,0.0,0,3833913.0,89936020806.2419,0,1,1,1
OMN,2014,1.3876575353227,1.3876575353227,25.25262448991141,10.587593661791,1.29225229411081,102.27872108813,1.01401483924156,23.42506462724233,0.138753,0,0.0,30.0,0,0.0,0,4002439.0,92699089726.9181,0,1,1,1
OMN,2015,-2.76001757846703,-2.76001757846703,25.08904612703209,10.591968581158744,5.01705799719045,96.3775801852347,0.0652901330286599,23.35000748781091,0.0805473999999999,0,0.0,30.0,0,0.0,0,4184895.0,78710793237.9714,0,1,0,0
OMN,2016,3.01624952400734,3.01624952400734,25.042468993909107,10.593153415108729,5.04642394571691,82.8642642018901,1.10920805807027,23.367829583271668,0.1613756,0,0.0,30.0,0,0.0,0,4390877.0,75128738621.5865,0,1,1,1
OMN,2017,3.56005583896762,3.56005583896762,25.115944252057385,10.56336507769334,0.304057565922449,88.9531480182956,1.58909413567799,23.435993288755515,0.1108223,0,0.0,30.0,0,0.0,0,4537396.0,80856697009.1027,0,1,1,1
OMN,2018,6.12067985447931,6.12067985447931,25.23966876079525,10.562912592982563,1.28710391543288,89.2792178262847,0.889312370970404,23.50081796774392,0.1114018,0,0.0,30.0,0,0.0,0,4597877.0,91505851755.5267,0,1,1,1
OMN,2019,2.26908923371353,2.26908923371353,25.20129398350721,10.553006355621504,-1.12863801728058,86.4782010313236,0.490815362820671,23.510968456986586,0.2040481,0,0.0,30.0,0,0.0,0,4591241.0,88060858257.4772,0,1,1,1
OMN,2020,2.51548624054379,2.51548624054379,25.05280758398656,10.53371090421424,-3.37972052697999,91.8758908014472,-0.40640291946585,23.46226971778429,0.1018136,0,0.0,30.0,0,0.0,0,4522497.0,75909492847.8544,0,1,1,1
OMN,2021,10.015189421015,10.015189421015,25.19288885301414,10.564097563198937,2.5821749892893,95.9494877293305,1.68221185876085,23.61051280534057,0.102771,0,0.0,30.0,0,0.0,0,4500424.0,87323797139.1417,0,1,1,1
OMN,2022,6.25544528201825,6.25544528201825,25.42240708687556,10.591124888680769,7.98570728354278,105.745009280655,2.5061425061425,23.667570801300865,0.4468675,0,0.0,30.0,0,0.0,0,4730226.0,109852795838.752,0,1,1,1
OMN,2023,11.8157929128229,11.8157929128229,25.38835176232849,10.53989548892684,1.41401383200161,106.446731102604,0.950782997762827,23.699070949222136,0.4719959,0,0.0,30.0,0,0.0,0,5049269.0,106174707932.38,0,1,1,1
OMN,2024,11.6351181598926,11.6351181598926,25.39737608088987,10.51110626845289,1.63163231397978,114.852671596819,0.593589236248469,23.74273719056568,0.5675096,0,0.0,30.0,0,0.0,0,5281538.0,107137198699.61,0,1,1,1
PAK,1996,1.45605449462756,1.45605449462756,24.87146975806439,8.16795952345357,4.84658128681654,38.3301268339895,10.3738085885002,22.32405856001808,-0.5406548,0,4.356708826689592,0.0,1,77.0,1,138557092.0,63320170084.4076,0,1,1,0
PAK,1997,1.14722858022912,1.14722858022912,24.857365272005264,8.149769675434444,1.01439601077892,36.8522661008964,11.3754928865122,22.311236214746938,,0,4.852030263919617,0.0,1,127.0,1,142531804.0,62433340468.0228,0,0,0,0
PAK,1998,0.813610045502484,0.813610045502484,24.853491500584383,8.147339401957396,2.55023429817393,34.011725180531,6.22800415424543,22.293621665536293,-0.5448568,0,4.997212273764115,0.0,1,147.0,1,146522356.0,62191955814.3478,0,1,1,0
PAK,1999,0.84479500663461,0.84479500663461,24.865985510048755,8.156067438218257,3.66013273943236,32.3199628094266,4.14263718082171,22.330036272206414,,0,6.840546529288687,0.0,1,934.0,1,150565377.0,62973857068.5113,0,0,0,0
PAK,2000,0.309595026317044,0.309595026317044,25.323270729188973,8.16953827736604,4.2600880111325,21.4599638884654,4.36666451291681,22.35884017337571,-0.5434034,0,7.856319571406588,0.0,1,2581.0,1,154879127.0,99484802344.5277,0,1,1,0
PAK,2001,0.38910658649849,0.38910658649849,25.299476911185675,8.17743937333593,3.65135017083765,23.5772074298467,3.14826144590618,22.352816406993952,,0,7.397561535524052,0.0,1,1631.0,1,159270907.0,97145618479.9038,0,0,0,0
PAK,2002,0.843517300073237,0.843517300073237,25.30745038481228,8.17854856826552,2.59481668445784,23.1290159545291,3.29034472613153,22.401451620851457,-0.606698699999999,0,6.996681488176539,0.0,1,1092.0,1,163222549.0,97923302809.3537,0,1,1,0
PAK,2003,0.475207711805665,0.475207711805665,25.44507986543067,8.207614294045197,5.40131087314342,24.6501585248398,2.91413470059479,22.53521327130208,-0.793561,0,5.713732805509369,0.0,1,302.0,1,167110248.0,112371913740.823,0,1,1,0
PAK,2004,0.845585701616171,0.845585701616171,25.607703151394272,8.25833075309542,7.83125556961251,24.8083348519064,7.44462469342739,22.66922509458453,-0.6574624,0,7.032624261028007,0.0,1,1132.0,1,171286000.0,132216048339.413,0,1,1,0
PAK,2005,1.51575083116461,1.51575083116461,25.70143691115724,8.304533139472277,7.2765744364722,29.8784940550747,9.06332737030417,22.760724254965226,-0.643410399999999,0,7.459914766241105,1.0,0,1736.0,0,175453212.0,145208562960.767,0,1,1,0
PAK,2006,2.63975006245443,2.63975006245443,25.81006794023268,8.339469023996157,6.05163767569996,33.0497193672284,7.92108440058789,22.856012402223968,-0.5367579,0,8.552753366814787,0.0,1,5180.0,1,179682690.0,161871385506.36,0,1,1,0
PAK,2007,3.03571933817685,3.03571933817685,25.93896689944717,8.356537364958772,4.4448143398844,30.7878814312746,7.59868441050774,23.0048369187708,-0.5280229,0,8.949365142352965,0.0,1,7702.0,1,184493231.0,184140869997.46,0,1,1,0
PAK,2008,2.68936656124595,2.68936656124595,26.03254168235131,8.35074852089554,2.1204410433083,34.3489608135242,20.2861210929554,23.113279732320134,-0.7930155,1,9.133783249254028,0.0,1,9262.0,2,189499113.0,202203748583.854,0,1,1,0
PAK,2009,1.24801305527951,1.24801305527951,25.95617915513072,8.359471869711008,3.47255059567348,33.3268872863988,13.6477650639761,23.067321197978707,-0.7786638,1,9.493110400066945,0.0,1,13267.0,2,194376534.0,187337783856.466,0,1,1,0
PAK,2010,1.02791108080423,1.02791108080423,26.00499447751306,8.349669233302166,1.50171752152883,31.9890020462315,12.9388705634889,23.180982829679536,-0.7771494,1,9.468233115617211,0.0,1,12941.0,2,199239047.0,196709621849.586,0,1,1,1
PAK,2011,0.575055145839944,0.575055145839944,26.163892251673023,8.353748447325529,2.68011685421705,32.3626382751438,11.9160927116277,23.304791446831384,-0.8257262,1,9.236690147298964,0.0,1,10266.0,2,203746065.0,230586581059.665,0,1,1,1
PAK,2012,0.343453048660945,0.343453048660945,26.245154527719595,8.364513020545319,3.02758391088629,31.3189732760076,9.68235186055684,23.33115378759133,-0.650064499999999,1,9.282381924841154,0.0,1,10746.0,2,207667125.0,250106966104.704,0,1,1,1
PAK,2013,0.515353849332245,0.515353849332245,26.27876959230302,8.390982833564522,4.36686504978387,30.8902743401844,7.69215611899565,23.359927837804754,-0.6600164,1,9.199481628641308,0.0,1,9891.0,2,211073978.0,258657231672.412,0,1,1,1
PAK,2014,0.695308116834202,0.695308116834202,26.32682448740716,8.416319181654401,4.11642817161422,29.4698256903998,7.18938402847028,23.391775548702,-0.6822115,1,9.653486547052037,0.0,1,15575.0,2,214264647.0,271390474857.632,0,1,1,1
PAK,2015,0.557734356032139,0.557734356032139,26.42692693935321,8.443608287822306,4.21794209572506,26.6881860172247,2.52932817254229,23.333707457705003,-0.6105847,1,9.842569137566713,0.0,1,18817.0,2,217290883.0,299963590534.773,0,1,1,1
PAK,2016,0.821349998064174,0.821349998064174,26.47147978452842,8.494254524599823,6.57383828511043,24.7015780480573,3.7651191635658,23.358572525138573,-0.5304516,0,9.722025626154055,0.0,1,16680.0,1,220138869.0,313630000130.435,0,1,1,1
PAK,2017,0.735837049658425,0.735837049658425,26.54987205812814,8.523485474890492,4.43262590683975,25.472035002344,4.08537368032608,23.43284887159238,-0.4213336,0,10.2050725301569,0.0,1,27039.0,1,223273967.0,339205534861.1,0,1,1,1
PAK,2018,0.487745750658143,0.487745750658143,26.59855652184126,8.566947368264236,6.15170261099519,27.6260570796337,5.07805725868917,23.495235966967737,-0.507337599999999,0,10.05039779785075,0.0,1,23164.0,1,226928892.0,356128166704.921,0,1,1,1
PAK,2019,0.696146480411465,0.696146480411465,26.49442490401161,8.574698213774896,2.49763692943365,28.9055769867032,10.5780305672025,23.51351479209479,-0.4968027,0,5.937536205082426,0.0,1,378.0,1,230800899.0,320909472770.669,0,1,1,1
PAK,2020,0.684695289874347,0.684695289874347,26.428466005592696,8.543837964206409,-1.27408744338709,26.7162807328814,9.74011619320125,23.4812358785558,-0.614966799999999,0,6.659293919683638,0.0,1,779.0,1,235001746.0,300425609817.981,0,1,1,1
PAK,2021,0.616039439073827,0.616039439073827,26.576951834858743,8.588075357861873,6.51388575852702,27.0304204125548,9.49641577285205,23.626807455082627,-0.5170351,0,6.834108738813838,0.0,1,928.0,1,239477801.0,348516647445.148,0,1,1,1
PAK,2022,0.389980753542853,0.389980753542853,26.649899275228403,8.617270044036548,4.7781068690358,33.031353478032,19.8738599646655,23.66493355161013,-0.682084,0,6.519147287940395,0.0,1,677.0,1,243700667.0,374890295666.694,0,1,1,1
PAK,2023,0.608281270820624,0.608281270820624,26.54241761762046,8.597624005722903,-0.414935997088406,28.4676925469837,30.7681280657005,23.701183641994582,-0.6585378,0,6.974478911025045,0.0,1,1068.0,1,247504495.0,336686348609.266,0,1,1,1
PAK,2024,0.716885239403099,0.716885239403099,26.64147958836576,8.612880320533261,3.08176295579301,27.5653309105795,12.6325318530452,23.74453900508992,-0.6003273,1,7.494430215031565,0.0,1,1797.0,2,251269164.0,371747087751.306,0,1,1,1
PER,1996,6.282348119331,6.282348119331,24.735177871055782,8.914113808318579,2.79897307912609,31.6542040912644,11.5379424115177,22.05070476595744,-0.4545375,0,4.394449154672439,0.0,1,80.0,1,24811171.0,55252414130.3019,0,1,1,0
PER,1997,3.67902174881379,3.67902174881379,24.786249110059742,8.958382952453565,6.47682442079709,33.4695458506827,8.56218948953653,22.07074246023715,,0,4.543294782270004,0.0,1,93.0,1,25274147.0,58147522522.5225,0,0,0,0
PER,1998,2.96199214687156,2.96199214687156,24.73967530559015,8.936269717213907,-0.391537555833821,32.9530217853936,7.24782175213469,22.08488101140333,-0.2306083,0,3.258096538021482,0.0,1,25.0,1,25738095.0,55501467877.381,0,1,1,0
PER,1999,3.86553540501237,3.86553540501237,24.639028333113195,8.933836213562094,1.49491064308833,33.2057765558493,3.46965996293019,22.10051845910584,,0,4.330733340286331,0.0,1,75.0,1,26186504.0,50187324567.883,0,0,0,0
PER,2000,1.56479019339424,1.56479019339424,24.669588797919,8.944819030843993,2.69437139806912,35.5380321623178,3.75733833344474,22.14155336502405,-0.485027999999999,0,0.0,1.0,0,0.0,0,26598331.0,51744749133.213,0,1,1,0
PER,2001,2.19922450158059,2.19922450158059,24.675089363856603,8.937302480564089,0.617892325624297,35.0644014310212,1.97709878502053,22.14490543225084,,0,0.0,2.0,0,0.0,0,26964601.0,52030158775.4055,0,0,0,0
PER,2002,3.93562084538866,3.93562084538866,24.726546339599324,8.978472600874865,5.45352893818767,35.2491813317695,0.193135003853722,22.165735611890955,-0.6468917,0,0.0,3.0,0,0.0,0,27288217.0,54777553515.0809,0,1,1,0
PER,2003,2.27308642513175,2.27308642513175,24.79623404628729,9.00862517597595,4.16502313666112,37.6246103251002,2.25937753363072,22.26187072683927,-0.8784706,0,0.0,4.0,0,0.0,0,27580490.0,58731030121.8671,0,1,1,0
PER,2004,2.39489207548148,2.39489207548148,24.924500297188228,9.047214236068491,4.95820320611745,41.9360782679273,3.66247320092233,22.374621055676503,-0.7658359,0,0.0,5.0,0,0.0,0,27852190.0,66768703497.5687,0,1,1,0
PER,2005,3.39034816926813,3.39034816926813,25.054796307605763,9.099268813472642,6.28506032509601,47.3573174768394,1.61630193862544,22.46234980253156,-0.725865099999999,0,0.0,6.0,0,0.0,0,28101180.0,76060606060.6061,0,1,1,0
PER,2006,3.91065680458787,3.91065680458787,25.207885082105108,9.163942998820396,7.5288990440594,51.7850560338442,2.00225801248819,22.54746131902134,-0.6681768,0,0.0,7.0,0,0.0,0,28324491.0,88643193061.748,0,1,1,0
PER,2007,5.37428655925625,5.37428655925625,25.3499135325587,9.238438615290594,8.5183877690955,55.6881132836815,1.77998644680372,22.659263874732044,-0.649255999999999,0,3.49650756146648,0.0,1,32.0,1,28530699.0,102170981144.136,0,1,1,0
PER,2008,5.74335697642786,5.74335697642786,25.515335417218125,9.319197128158049,9.1265683014642,58.4337673899053,5.78587598206755,22.746122109037355,-0.6119587,0,3.713572066704308,0.0,1,40.0,1,28719041.0,120550599815.441,0,1,1,0
PER,2009,5.32237544034606,5.32237544034606,25.51759239011892,9.323924867583226,1.0958236592427,48.1119296153519,2.936231535967,22.692928452475684,-0.400989,0,3.9318256327243257,0.0,1,50.0,1,28896811.0,120822986521.479,0,1,1,0
PER,2010,5.73087732837535,5.73087732837535,25.717281327525697,9.397433136465756,8.33245910749577,51.6728089370033,1.52832059732901,22.786370563361768,-0.1977807,0,3.367295829986474,0.0,1,28.0,1,29086019.0,147527631520.729,0,1,1,1
PER,2011,4.47262658184166,4.47262658184166,25.86937410368532,9.451314662983116,6.32719240161117,55.9882802838607,3.36931095333853,22.880563843419985,-0.1629382,0,0.0,1.0,0,0.0,0,29304086.0,171761737046.585,0,1,1,1
PER,2012,7.36173683394684,7.36173683394684,25.98414102039118,9.502531691363036,6.13972470560435,52.6198952632294,3.61121294940163,22.90104787711674,-0.1098429,0,0.0,2.0,0,0.0,0,29550366.0,192650021648.583,0,1,1,1
PER,2013,4.75734900182415,4.75734900182415,26.02744371495777,9.550394901084244,5.85251821084928,49.7871424471444,2.76789666082002,22.926747030540145,-0.105156599999999,0,0.0,3.0,0,0.0,0,29817919.0,201175543571.392,0,1,1,1
PER,2014,2.12302965027806,2.12302965027806,26.02550674922708,9.563995875314342,2.38215737180541,46.8531210912899,3.41194579807465,22.949080577072383,-0.1988026,0,0.0,4.0,0,0.0,0,30115826.0,200786250582.943,0,1,1,1
PER,2015,3.90315707606412,3.90315707606412,25.969252404166934,9.584715923872889,3.25224477218451,45.1627686891148,3.39809194746308,22.887997600756247,-0.248759199999999,0,0.0,5.0,0,0.0,0,30457600.0,189802976285.619,0,1,1,1
PER,2016,3.66247550178788,3.66247550178788,25.98023036179965,9.610151971240125,3.95331871520767,45.3888411964154,3.55717663556279,22.898424066100848,-0.170690899999999,0,0.0,6.0,0,0.0,0,30866494.0,191898104390.379,0,1,1,1
PER,2017,3.65967264603654,3.65967264603654,26.07516180895261,9.620294673850855,2.51883544233135,47.5135503619971,2.99490045809443,22.962025224083828,-0.0734623,0,0.0,7.0,0,0.0,0,31324637.0,211007984080.911,0,1,1,1
PER,2018,2.78225210860643,2.78225210860643,26.128628842360857,9.641095287212366,3.969351341365,48.631470171736,1.50915423024742,23.00944542505748,-0.160816899999999,0,0.0,8.0,0,0.0,0,31897584.0,222597009739.235,0,1,1,1
PER,2019,2.25881990677455,2.25881990677455,26.15412788574632,9.646105577631088,2.24063176875049,46.9435053754409,2.25212191358027,23.02395320041316,0.0476235,0,0.0,9.0,0,0.0,0,32449303.0,228346006003.648,0,1,1,1
PER,2020,0.464940476173709,0.464940476173709,26.02860695289425,9.518395796372696,-10.9333065010382,44.245967197744,2.00241205759292,22.98219035109773,-0.106299499999999,0,3.367295829986474,10.0,0,28.0,0,32838579.0,201409694755.934,0,1,1,1
PER,2021,3.15463147592016,3.15463147592016,26.14559601599352,9.634677654070488,13.4166456126513,55.4083231938774,4.27166381536798,23.109163704008804,-0.0563454,0,0.0,11.0,0,0.0,0,33155882.0,226406075008.878,0,1,1,1
PER,2022,4.6280339832618,4.6280339832618,26.229287654347257,9.652878006847867,2.81819976419922,57.2727003111939,8.33370630096231,23.17133995894188,-0.0885376,0,0.0,12.0,0,0.0,0,33475438.0,246169867862.821,0,1,1,1
PER,2023,1.64334960973353,1.64334960973353,26.31434613291413,9.63836731269256,-0.350699814345759,50.9070307213493,6.45561348369586,23.227363351045128,-0.197054099999999,0,0.0,13.0,0,0.0,0,33845617.0,268025009709.319,0,1,1,1
PER,2024,2.29780708272736,2.29780708272736,26.399168328387034,9.661978441036132,3.5152749274832,51.6811479870417,2.00770739412712,23.26836056128821,-0.2004128,0,0.0,14.0,0,0.0,0,34217848.0,291751523018.903,0,1,1,1
PHL,1996,1.60277940029249,1.60277940029249,25.27343147592926,8.440694790290614,5.8603478716379,63.8553035508774,7.4761037778791,22.30338632803383,-0.1678317,0,5.198497031265826,0.0,1,180.0,1,72190242.0,94648084429.0341,0,1,1,0
PHL,1997,1.29853131183765,1.29853131183765,25.267691018001337,8.467731578073135,5.18641167406165,77.2286459172662,5.59025939650601,22.27995862046924,,0,5.713732805509369,0.0,1,302.0,1,73908810.0,94106317565.0846,0,0,0,0
PHL,1998,3.0701111773194,3.0701111773194,25.0339631629212,8.437429579409885,-0.514090599541888,80.077201518421,9.23493432267121,22.22877175193485,-0.0311481999999999,0,4.543294782270004,0.0,1,93.0,1,75791024.0,74492416329.9142,0,1,1,0
PHL,1999,2.13567999418902,2.13567999418902,25.17342029792332,8.444785769010316,3.34645118398267,77.1614937122172,5.93904901780808,22.29381882602483,,0,5.298317366548036,0.0,1,199.0,1,77753257.0,85640171045.1254,0,0,0,0
PHL,2000,1.77722452613512,1.77722452613512,25.15014379799198,8.463885008913893,4.38250500083399,85.1533684600039,3.9771250324928,22.34707597414809,-0.3125616,1,7.357556200910353,0.0,1,1567.0,2,79625397.0,83669788376.9213,0,1,1,0
PHL,2001,0.96298544393499,0.96298544393499,25.091716159863296,8.471861217993379,3.04923134463486,84.9003886237531,5.34550195567142,22.31796333468597,,0,6.90975328164481,0.0,1,1001.0,1,81401488.0,78921234457.5487,0,0,0,0
PHL,2002,2.09827504516588,2.09827504516588,25.157734837986272,8.488073186653905,3.71625500158383,83.8448040937789,2.72277227722765,22.35057296749539,-0.3913156,0,6.496774990185863,0.0,1,662.0,1,83068889.0,84307345887.543,0,1,1,0
PHL,2003,0.565263243432102,0.565263243432102,25.18962319920732,8.517869598039121,5.08691113513073,87.5746443636636,2.28915662650607,22.460138773782614,-0.4188308,0,6.958448393297656,0.0,1,1051.0,1,84731835.0,87039092974.2272,0,1,1,0
PHL,2004,0.623144777963454,0.623144777963454,25.27716377764469,8.562061543323738,6.56922851180626,87.1252848232048,4.82921083627795,22.57817720203229,-0.2602502,0,5.828945617610208,0.0,1,339.0,1,86394504.0,95001999685.3314,0,1,1,0
PHL,2005,1.54906009249231,1.54906009249231,25.40001201027276,8.591709865506742,4.94250511877678,83.8456745708051,6.51685393258433,22.654395073439822,-0.1470565,0,6.154858094016418,0.0,1,470.0,1,88015962.0,107419977318.166,0,1,1,0
PHL,2006,2.12091886479217,2.12091886479217,25.57258090530704,8.626688153660645,5.31641682136939,80.8505386728775,5.4852320675105,22.73206384697861,-0.0535938,0,5.8888779583328805,0.0,1,360.0,1,89508986.0,127652926368.069,0,1,1,0
PHL,2007,1.87121245887706,1.87121245887706,25.77299625088253,8.672497737004221,6.51929155018938,73.6449799920629,2.90000000000003,22.85616296506622,0.0343449,0,6.0867747269123065,0.0,1,439.0,1,91075184.0,155980408673.403,0,1,1,0
PHL,2008,0.737800589215242,0.737800589215242,25.92520790144925,8.697352007608234,4.34448730509183,67.6810707730401,8.26044703595725,22.97164200507325,-0.0220572,0,6.1779441140506,0.0,1,481.0,1,92699095.0,181624626327.361,0,1,1,0
PHL,2009,1.17324821246427,1.17324821246427,25.893606389204933,8.69371585190107,1.44832306275669,60.8865907869758,4.21903052064628,22.95524888028099,-0.0291995,0,6.796823718274855,0.0,1,894.0,1,94384250.0,175974755881.372,0,1,1,0
PHL,2010,0.513698049517659,0.513698049517659,26.062575870574804,8.744016249405876,7.33449996034538,66.1042785137797,3.78983634797591,23.07608750582992,-0.0031122,0,5.808142489980444,0.0,1,332.0,1,96337125.0,208368893151.144,0,1,1,1
PHL,2011,0.856963002985963,0.856963002985963,26.17951272147372,8.762225501497287,3.85823282795663,60.7958366999075,4.7184170471842,23.203547785972,0.0797874,0,5.860786223465865,0.0,1,350.0,1,98248614.0,234216730291.32,0,1,1,1
PHL,2012,1.22763000703119,1.22763000703119,26.29130701594061,8.809497994011792,6.89695171050985,57.8420055133082,3.02696391124796,23.24707803635431,0.2234508,0,5.69035945432406,0.0,1,295.0,1,100175512.0,261920540962.63,0,1,1,1
PHL,2013,1.31642638378197,1.31642638378197,26.371897863703342,8.856025279211988,6.75053130142255,55.8247812320298,2.58268766141795,23.271137155048145,0.2427988,0,6.371611847231857,0.0,1,584.0,1,102076336.0,283902828588.718,0,1,1,1
PHL,2014,1.92937522802216,1.92937522802216,26.41862478422967,8.90114338278104,6.34798748260867,57.4681720875945,3.59782343864211,23.305047108514582,0.4543872,0,6.154858094016418,0.0,1,470.0,1,103767130.0,297483555338.044,0,1,1,1
PHL,2015,1.84018010717942,1.84018010717942,26.44830697392827,8.947905306292906,6.34830971672761,59.1415921053094,0.674192536845408,23.275993531905925,0.408021,0,6.35088571671474,0.0,1,572.0,1,105312992.0,306445871242.322,0,1,1,1
PHL,2016,2.59850803494211,2.59850803494211,26.48728698606226,9.003540701262216,7.14945675000752,61.7760657653871,1.25369880080982,23.30536026213585,0.2499539,0,6.311734809152915,0.0,1,550.0,1,106735719.0,318627003016.731,0,1,1,1
PHL,2017,3.12238778404896,3.12238778404896,26.517744033281858,9.057671154070093,6.9309883258402,68.1683697426727,2.85318772590947,23.37239299022868,0.1764345,1,7.393263094763838,0.0,1,1624.0,2,108119693.0,328480736802.76,0,1,1,1
PHL,2018,2.86833826070497,2.86833826070497,26.572134883631268,9.10678784274502,6.34148557153473,72.1633982990273,5.30934661627707,23.447410060749256,0.2184254,0,6.042632833682381,0.0,1,420.0,1,109465287.0,346841896587.313,0,1,1,1
PHL,2019,2.30117498598294,2.30117498598294,26.65504248557334,9.154012739346442,6.11852566221303,68.8418422595678,2.39206534422404,23.46739490528028,0.1818096,0,5.736572297479192,0.0,1,309.0,1,110804683.0,376823402239.136,0,1,1,1
PHL,2020,1.88586363211171,1.88586363211171,26.614222368870674,9.0425350909396,-9.51829474045297,58.1695603022281,2.3931623931624,23.45556370151901,0.1815124,0,5.855071922202427,0.0,1,348.0,1,112081264.0,361751145451.597,0,1,1,1
PHL,2021,3.04078855310045,3.04078855310045,26.699838447169697,9.089052571304624,5.71473313185116,63.4846098136712,3.92718022100332,23.594238496028545,0.1562797,0,5.58724865840025,0.0,1,266.0,1,113100950.0,394087359848.11,0,1,1,1
PHL,2022,2.3475097233369,2.3475097233369,26.725555009839525,9.154521479238996,7.58098212785563,72.4296836107599,5.82115811213955,23.60964270370365,0.0357929,0,5.3981627015177525,0.0,1,220.0,1,113964338.0,404353369604.631,0,1,1,1
PHL,2023,2.04210354820336,2.04210354820336,26.80332631740801,9.20014183785712,5.51894967856043,67.4199693171606,5.97802515541409,23.63210346668029,0.1018162,0,5.497168225293202,0.0,1,243.0,1,114891199.0,437055627245.138,0,1,1,1
PHL,2024,2.03571882251572,2.03571882251572,26.85811869516594,9.247460011183415,5.71474526128652,65.8637883882752,3.21260487006347,23.66411007958351,0.1445214,0,5.176149732573829,0.0,1,176.0,1,115843670.0,461671157904.74,0,1,1,1
PNG,1996,2.13047333489178,2.13047333489178,22.363293297384185,8.335088444254179,7.73369579796399,107.803352613066,11.6241782908448,21.9465120575476,-0.2701396,0,4.3694478524670215,0.0,1,78.0,1,4813361.0,5155311077.38998,0,1,0,0
PNG,1997,0.573526453442751,0.573526453442751,22.319945771127845,8.259645916647797,-3.90438965639359,99.2079750268377,3.96437805228409,21.93125511419892,,0,0.0,1.0,0,0.0,0,4987883.0,4936615298.79367,0,0,0,0
PNG,1998,2.88798382712168,2.88798382712168,22.05548488339821,8.186063491032957,-3.76911321783457,102.860932133887,13.5741917656809,21.89243435354312,-0.5448568,0,0.0,2.0,0,0.0,0,5166390.0,3789443014.61662,0,1,0,0
PNG,1999,8.57120177875045,8.57120177875045,21.96944667754977,8.169651282543985,1.85555399408817,116.006802066106,14.9321817407701,21.94794668742737,,0,0.0,3.0,0,0.0,0,5349333.0,3477038204.01733,0,0,0,0
PNG,2000,2.74030313917345,2.74030313917345,21.982107350475868,8.10989385965903,-2.49484199260023,115.421837958873,15.5958933107535,21.99652869578869,-0.5434034,0,0.0,4.0,0,0.0,0,5537064.0,3521339699.07407,0,1,0,0
PNG,2001,2.05072450909515,2.05072450909515,21.84852791515689,8.074702264329295,-0.121288605564772,117.580367053663,9.29817332783968,21.970581255711647,,0,0.0,5.0,0,0.0,0,5728435.0,3081024212.42924,0,0,0,0
PNG,2002,0.672123736108209,0.672123736108209,21.821715125729973,8.039541961882787,-0.158900533082658,118.919110291279,11.7994470972606,22.00194919653704,-0.718369599999999,0,0.0,6.0,0,0.0,0,5924003.0,2999511040.19764,0,1,0,0
PNG,2003,4.76766811241029,4.76766811241029,21.986378441087155,8.027749559330939,2.16410250222083,123.449069006746,14.7090779663557,22.11158355299201,-0.7233853,0,0.0,7.0,0,0.0,0,6123997.0,3536411824.2958,0,1,0,0
PNG,2004,0.828665064000147,0.828665064000147,22.091181812132703,8.02182193763026,2.72117574098235,131.082911016249,2.15893131266946,22.231270071648822,-0.5305369,0,0.0,8.0,0,0.0,0,6328041.0,3927157866.96465,0,1,0,0
PNG,2005,0.821562762714584,0.821562762714584,22.30551608605474,8.051018245615202,6.34479592309654,,1.78080439925826,22.3071330810018,-0.936224899999999,0,0.0,9.0,0,0.0,0,6535905.0,4865892972.27595,0,0,0,0
PNG,2006,1.53859475240196,1.53859475240196,22.84611535150464,8.071811190020613,5.40994409107307,,2.3684623841683,22.38146349529954,-0.735262,0,0.0,10.0,0,0.0,0,6747720.0,8354911040.70193,0,0,0,0
PNG,2007,1.36861708392094,1.36861708392094,22.97928632652872,8.1156042622221,7.81518922862388,,0.91135045567524,22.498390641265445,-0.7193402,0,0.0,11.0,0,0.0,0,6963345.0,9545028944.34579,0,0,0,0
PNG,2008,0.410070468415145,0.410070468415145,23.18036378422013,8.0815778415102,-0.296457845880582,,10.7614182326827,22.60590289407716,-0.649118,0,0.0,12.0,0,0.0,0,7183002.0,11670892800.5309,0,0,0,0
PNG,2009,3.61496051286185,3.61496051286185,23.175946810104488,8.116737308060863,6.80042148322096,,6.91832532601224,22.572891408406576,-0.6690648,0,0.0,13.0,0,0.0,0,7406438.0,11619456449.266,0,0,0,0
PNG,2010,0.249749808529939,0.249749808529939,23.3800779473848,8.18301472408445,10.1284540720232,,6.01360893567856,22.68603310532983,-0.6857865,0,0.0,14.0,0,0.0,0,7633523.0,14250786674.7766,0,0,0,0
PNG,2011,0.202496658911332,0.202496658911332,23.612811590787075,8.164875348703287,1.10754362619616,,4.44083401028971,22.805211065910367,-0.6833058,0,0.0,15.0,0,0.0,0,7859346.0,17985138065.8549,0,0,0,0
PNG,2012,0.135226482435046,0.135226482435046,23.781746060728103,8.182534151184234,4.65711959686239,,4.53720508166972,22.84254568731164,-0.6577442,0,0.0,16.0,0,0.0,0,8081390.0,21295168665.7247,0,0,0,0
PNG,2013,0.126069328063533,0.126069328063533,23.78015614602072,8.193053602983781,3.82494632800675,,4.9603174603175,22.86153006841592,-0.666210499999999,0,0.0,17.0,0,0.0,0,8302698.0,21261338064.8783,0,0,0,0
PNG,2014,0.126824295087963,0.126824295087963,23.867884557994586,8.29383221349624,13.5437706216546,,5.22211720226841,22.8855447558325,-0.7337737,0,0.0,18.0,0,0.0,0,8523441.0,23210823987.308,0,0,0,0
PNG,2015,0.138228028178879,0.138228028178879,23.80165756121048,8.332081098203757,6.57835632304275,,5.99595778127107,22.84360431010818,-0.7346421,0,0.0,19.0,0,0.0,0,8743246.0,21723437010.0982,0,0,0,0
PNG,2016,-0.188417025477419,-0.188417025477419,23.75623979708637,8.360842594492237,5.48957315278187,,6.6737288135593,22.86588666528665,-0.8173469,0,0.0,20.0,0,0.0,0,8961718.0,20758876952.6232,0,0,0,0
PNG,2017,-0.788236305745218,-0.788236305745218,23.847510013843152,8.371653211347851,3.53461081750459,,5.42204568023834,22.93004585804768,-0.7120555,0,0.0,21.0,0,0.0,0,9178714.0,22742699138.356,0,0,0,0
PNG,2018,1.27185526445477,1.27185526445477,23.905883433620183,8.345618094366653,-0.279252284959952,,4.37448921453162,22.997164757921635,-0.6966528,0,0.0,22.0,0,0.0,0,9394513.0,24109780708.0268,0,0,0,0
PNG,2019,1.35581279394242,1.35581279394242,23.93211661977769,8.366873094399748,4.48051456942582,,3.92867290939597,23.015334305965222,-0.7267308,0,0.0,23.0,0,0.0,0,9609010.0,24750626029.8777,0,0,0,0
PNG,2020,0.473794497066331,0.473794497066331,23.894984972481986,8.313399660964244,-3.16743204434815,,4.87167398565555,22.995481165676136,-0.886045099999999,0,0.0,24.0,0,0.0,0,9815746.0,23848447849.6081,0,0,0,0
PNG,2021,-0.131802749385713,-0.131802749385713,23.985714792432024,8.288394422864032,-0.510612607034361,,4.48359014042398,23.129172372191537,-0.9081302,0,0.0,25.0,0,0.0,0,10012896.0,26113409477.7318,0,0,0,0
PNG,2022,3.76980845499621,3.76980845499621,24.17810606444817,8.325071042478172,5.70701964996525,,5.25323922215241,23.15541713786357,-1.0845367,0,0.0,26.0,0,0.0,0,10203169.0,31653230962.4549,0,0,0,0
PNG,2023,0.140519954608903,0.140519954608903,24.15131051845721,8.344357306309664,3.81046308333708,,2.29869991296791,23.18594572818832,-1.0841072,0,0.0,27.0,0,0.0,0,10389635.0,30816328065.6492,0,0,0,0
PNG,2024,-0.64380460730506,-0.64380460730506,24.15090945333568,8.364673992669696,3.88795324667848,,0.602403921107917,23.219129575515225,-0.900446699999999,0,0.0,28.0,0,0.0,0,10576502.0,30803971189.4102,0,0,0,0
POL,1996,2.79828077717913,2.79828077717913,25.803508199260133,9.621330066191632,6.09387747385628,45.3767344453465,19.7949669196707,23.30642808425089,0.6954068,0,0.0,30.0,0,0.0,0,38624370.0,160813026223.063,0,1,1,0
POL,1997,3.07078506843855,3.07078506843855,25.79777671321486,9.682324610303093,6.35890635030509,50.376378640536,14.91315861496,23.257227324627987,,0,0.0,30.0,0,0.0,0,38649660.0,159893964916.817,0,0,0,0
POL,1998,3.64155485442631,3.64155485442631,25.88966348095628,9.727147030937674,4.62161133761769,56.5460556555084,11.5978554257236,23.270861750695666,0.3937046,0,0.0,30.0,0,0.0,0,38663481.0,175282269666.801,0,1,1,0
POL,1999,4.33907837915662,4.33907837915662,25.863199551436903,9.773151204191498,4.69918479192557,53.8980187624686,7.15407291179853,23.27516415314895,,0,0.0,30.0,0,0.0,0,38660271.0,170704452714.673,0,0,0,0
POL,2000,5.39740366105294,5.39740366105294,25.876288765489747,9.8291063307619,4.65633252988236,60.6107209423297,9.90017538843065,23.238410646433675,0.4025763,0,0.0,30.0,0,0.0,0,38258629.0,172953527033.013,0,1,1,0
POL,2001,2.95949603020482,2.95949603020482,25.97983995334895,9.841644162392845,1.23374464400356,57.8785312712895,5.4083354556615,23.24192840119609,,0,0.0,30.0,0,0.0,0,38248076.0,191823200371.284,0,0,0,0
POL,2002,2.04862965818155,2.04862965818155,26.020054351673696,9.860940827033277,1.90119437968586,60.7967990573911,1.90528215048054,23.31376386328824,0.2937024,0,0.0,30.0,0,0.0,0,38230364.0,199694463255.567,0,1,1,0
POL,2003,2.45743497066474,2.45743497066474,26.11033202274973,9.89624296370467,3.52337117234833,69.2134479841788,0.682701375787632,23.483524806985034,0.4637907,0,0.0,30.0,0,0.0,0,38204570.0,218561225998.47,0,1,1,0
POL,2004,5.41150845702569,5.41150845702569,26.269492169217727,9.946482600277216,5.09079546409544,70.9815765694162,3.38264681884699,23.620534049336182,0.2850646,0,0.0,30.0,0,0.0,0,38182222.0,256268656145.134,0,1,1,0
POL,2005,3.59641795552772,3.59641795552772,26.450113301636257,9.97900995096245,3.26082274679216,70.3114790902584,2.18379872390251,23.68059344336887,0.4613517,0,0.0,30.0,0,0.0,0,38165445.0,306999913150.525,0,1,1,0
POL,2006,6.20790606582043,6.20790606582043,26.56940870330312,10.039817420282567,6.20210710934373,77.7008035402352,1.28469394366416,23.75608004568189,0.3072557,0,0.0,30.0,0,0.0,0,38141267.0,345897630736.173,0,1,1,0
POL,2007,5.82502177093229,5.82502177093229,26.78638834269377,10.10577780397911,6.7604478527626,80.745399056691,2.4587431238539,23.897021768702626,0.2285767,0,0.0,30.0,0,0.0,0,38120560.0,429715132137.503,0,1,1,0
POL,2008,2.7209993736918,2.7209993736918,27.006675912557256,10.14854545442402,4.38377069274605,80.5746815569207,4.16497193524779,23.99341965950664,0.4094615,0,0.0,30.0,0,0.0,0,38125759.0,535612030671.888,0,1,1,0
POL,2009,3.18105494953636,3.18105494953636,26.812064587429205,10.173683010205062,2.61512859291683,74.9685965264269,3.79539242483399,23.89896476977256,0.4671032,0,0.0,30.0,0,0.0,0,38151603.0,440891472247.096,0,1,1,0
POL,2010,3.94489462074706,3.94489462074706,26.893110079167148,10.207736632857928,3.16892748258036,82.2258523219922,2.58069370250548,23.9388732143938,0.5474147,0,0.0,30.0,0,0.0,0,38042794.0,478111630683.514,0,1,1,1
POL,2011,3.57128957712437,3.57128957712437,26.992075229168908,10.258419121862566,5.25546256612796,86.9236892837618,4.23940149625932,24.041193520730875,0.5785731,0,0.0,30.0,0,0.0,0,38063255.0,527848543023.469,0,1,1,1
POL,2012,1.52886091421625,1.52886091421625,26.93416436280961,10.273426194010105,1.51178167644575,88.8299033066583,3.56037151702793,24.02047678535148,0.600245,0,0.0,30.0,0,0.0,0,38063164.0,498148649702.66,0,1,1,1
POL,2013,0.258983446617592,0.258983446617592,26.973588193482485,10.280848897233716,0.684240607051805,90.4175072415629,0.991982606332335,24.059028518790303,0.654327,0,0.0,30.0,0,0.0,0,38040196.0,518179836405.36,0,1,1,1
POL,2014,3.85089176515991,3.85089176515991,27.01877934867284,10.320053440268245,3.92050862390032,92.0340197113178,0.0538213132399802,24.082390023623727,0.9088197,0,0.0,30.0,0,0.0,0,38011735.0,542134167178.627,0,1,1,1
POL,2015,3.29546177974363,3.29546177974363,26.89716468154156,10.36408357608861,4.43176700264478,92.2554272741942,-0.874125874125862,23.97078875927556,0.8717909,0,0.0,30.0,0,0.0,0,37986412.0,480054118583.367,0,1,1,1
POL,2016,3.81608721408819,3.81608721408819,26.882909962753555,10.394374879718736,3.03117767594847,96.8659028060623,-0.664767331433962,23.98273186808078,0.7500075,0,0.0,30.0,0,0.0,0,37970087.0,473259623976.262,0,1,1,1
POL,2017,2.37812815599278,2.37812815599278,26.993037504770133,10.444491168212922,5.15245773325907,100.56589524628,2.07593553673859,24.041472866405048,0.6233831,0,0.0,30.0,0,0.0,0,37974826.0,528356723263.073,0,1,1,1
POL,2018,3.34803954559233,3.34803954559233,27.11118271966715,10.505078811514132,6.2458584723942,102.442462168005,1.81295156542689,24.110037401416825,0.6921258,0,0.0,30.0,0,0.0,0,37974750.0,594616632477.019,0,1,1,1
POL,2019,3.15455649244208,3.15455649244208,27.124658468492907,10.550109606419923,4.58045817256199,101.581033817373,2.22747880938291,24.10813180128799,0.6631417,0,0.0,30.0,0,0.0,0,37965475.0,602683770144.88,0,1,1,1
POL,2020,3.31499059495462,3.31499059495462,27.13000429138961,10.541460288658056,-2.03556882399977,99.2590912303436,3.37446972618589,24.082610593967583,0.6765763,0,0.0,30.0,0,0.0,0,37515748.0,605914237903.742,0,1,1,1
POL,2021,5.44306737738578,5.44306737738578,27.258754146623986,10.622779578075816,6.92718266052501,110.874283021945,5.05502704719272,24.21420843956498,0.5887761,0,0.0,30.0,0,0.0,0,36981559.0,689170230665.35,0,1,1,1
POL,2022,6.00626096603428,6.00626096603428,27.26805135955759,10.678330417997634,5.25545697386036,123.021332860345,14.4294507575758,24.22773953150224,0.515427,0,0.0,30.0,0,0.0,0,36821749.0,695607470875.276,0,1,1,1
POL,2023,4.38918673390545,4.38918673390545,27.423321679679763,10.684480001502507,0.249610834017872,110.024935041815,11.5289127961105,24.286848949698086,0.6341038,0,0.0,30.0,0,0.0,0,36687353.0,812451193396.143,0,1,1,1
POL,2024,2.24523191798779,2.24523191798779,27.54520949837249,10.717812975782484,3.02841630700273,100.359442847164,3.79060897630197,24.328955999836687,0.6734027,0,0.0,30.0,0,0.0,0,36559233.0,917767106146.761,0,1,1,1
PRI,1996,,,24.537473898265567,10.363353413260418,2.31370752929453,92.6434195576681,,22.39136040004796,1.2755211,0,0.0,30.0,0,0.0,0,3724655.0,45340835000.0,0,0,0,0
PRI,1997,,,24.598355921427828,10.401707778163036,4.88008720859467,94.0796549047141,,22.414104553392534,,0,0.0,30.0,0,0.0,0,3759430.0,48187039000.0,0,0,0,0
PRI,1998,,,24.713848604874386,10.449791854052878,5.53072563643605,96.272630457934,,22.436155669669,1.2663936,0,0.0,30.0,0,0.0,0,3781101.0,54086400000.0,0,0,0,0
PRI,1999,,,24.78096370372077,10.497279430266817,5.38969990123002,104.080496533601,,22.46604870768489,,0,0.0,30.0,0,0.0,0,3800081.0,57841000000.0,0,0,0,0
PRI,2000,,,24.84557894085199,10.526709598026972,3.27196451910478,106.169512072581,,22.508939028086548,1.2695506,0,0.0,30.0,0,0.0,0,3810605.0,61701800000.0,0,0,0,0
PRI,2001,,,24.96038807948643,10.585789961517191,6.31347157694064,109.88564971882,,22.52002513966993,,0,0.0,30.0,0,0.0,0,3818774.0,69208400000.0,0,0,0,0
PRI,2002,,,24.994689069353644,10.593623442625915,0.916459423425337,106.32948683044,,22.5505995853788,1.2698018,0,0.0,30.0,0,0.0,0,3823701.0,71623500000.0,0,0,0,0
PRI,2003,,,25.038449965012084,10.59353159894611,0.0534198017173964,118.84015748242,,22.63957643515474,1.2569496,0,0.0,30.0,0,0.0,0,3826095.0,74827400000.0,0,0,0,0
PRI,2004,,,25.109313289785952,10.677196290063884,8.7486769008168,117.000863757497,,22.74668957003027,0.8116982,0,0.0,30.0,0,0.0,0,3826878.0,80322313000.0,0,0,0,0
PRI,2005,,,25.153064514108262,10.658569275861137,-1.98693871772703,113.744794728395,,22.83185987637335,1.2500659,0,0.0,30.0,0,0.0,0,3821362.0,83914521300.0,0,0,0,0
PRI,2006,,,25.1923432315844,10.648609541728362,-1.40941405684823,117.728477994388,,22.91251111879382,0.5305817,0,0.0,30.0,0,0.0,0,3805214.0,87276164400.0,0,0,0,0
PRI,2007,,,25.217774052700086,10.64276954807868,-1.16280665573993,117.595779058079,,23.017900097460487,0.4813105,0,0.0,30.0,0,0.0,0,3782995.0,89524131600.0,0,0,0,0
PRI,2008,,,25.26271600410333,10.630022818384065,-1.84413421831884,116.277994389108,,23.096956301505948,0.4957266,0,0.0,30.0,0,0.0,0,3760866.0,93639300000.0,0,0,0,0
PRI,2009,,,25.291622649811607,10.615759469523235,-1.95242518381124,105.262196842682,,23.044542741975807,0.2143315,0,0.0,30.0,0,0.0,0,3740410.0,96385600000.0,0,0,0,0
PRI,2010,,,25.3121165822942,10.615890379515896,-0.413254119172365,104.153228306599,,23.12429287667205,0.2054335,0,0.0,30.0,0,0.0,0,3724465.0,98381300000.0,0,0,0,0
PRI,2011,,,25.33194685275279,10.620657277521294,-0.358510636850312,108.558400106824,,23.203149028063866,0.2062903,0,0.0,30.0,0,0.0,0,3693464.0,100351700000.0,0,0,0,0
PRI,2012,,,25.34396285536789,10.629766131479329,0.0292751500944064,103.311186552821,,23.22711276649973,0.2495152,0,0.0,30.0,0,0.0,0,3661045.0,101564800000.0,0,0,0,0
PRI,2013,,,25.35264071163132,10.634816089839394,-0.306826666941774,104.89224011713,,23.24965765476643,0.2097549,0,0.0,30.0,0,0.0,0,3631427.0,102450000000.0,0,0,0,0
PRI,2014,,,25.352599715183363,10.63570350749741,-1.19036347346942,102.385456504805,,23.27421825626823,0.3603437,0,0.0,30.0,0,0.0,0,3585017.0,102445800000.0,0,0,0,0
PRI,2015,,,25.36163382703794,10.639157844467029,-1.04929003238674,108.880634192821,,23.22207322084875,0.3197528,0,0.0,30.0,0,0.0,0,3535167.0,103375500000.0,0,0,0,0
PRI,2016,,,25.37088900666845,10.642044491790546,-1.26369434781117,110.274045470098,,23.23482352501996,0.3202012,0,0.0,30.0,0,0.0,0,3480432.0,104336700000.0,0,0,0,0
PRI,2017,,,25.36231074091683,10.63296660865984,-2.88521838398481,113.131649032582,,23.29220923672073,-0.488236099999999,0,0.0,30.0,0,0.0,0,3410837.0,103445500000.0,0,0,0,0
PRI,2018,,,25.33797141622784,10.624233090774853,-4.36142703162535,106.001202479048,,23.345484718283,-0.331198799999999,0,0.0,30.0,0,0.0,0,3290690.0,100958100000.0,0,0,0,0
PRI,2019,,,25.37842927263004,10.637208596629668,1.67546379498209,107.571456836722,,23.36406506683941,-0.2281626,0,0.0,30.0,0,0.0,0,3302691.0,105126400000.0,0,0,0,0
PRI,2020,,,25.35926489208592,10.600909942505444,-4.1808743093346,103.509811317462,,23.32850608406749,-0.3930492,0,0.0,30.0,0,0.0,0,3281591.0,103130900000.0,0,0,0,0
PRI,2021,,,25.39072138260916,10.61051855990154,0.385222719529239,96.7453625315476,,23.451431791070743,-0.3916752,0,0.0,30.0,0,0.0,0,3262731.0,106426600000.0,0,0,0,0
PRI,2022,,,25.45809229195669,10.652797981831396,2.95709565499587,98.2564691765992,,23.515935850583624,-0.5483655,0,0.0,30.0,0,0.0,0,3220148.0,113843700000.0,0,0,0,0
PRI,2023,,,25.49799949267852,10.665177867333105,0.731492105366186,101.657550951677,,23.572893404569378,-0.3079002,0,0.0,30.0,0,0.0,0,3203794.0,118478754280.882,0,0,0,0
PRI,2024,,,25.55978205798154,10.69685179391544,3.17707554784896,94.6225085555605,,23.61802716725652,-0.2552121,0,0.0,30.0,0,0.0,0,3202521.0,126029527033.705,0,0,0,0
PRK,1996,,,,,,,,23.0175146615856,-1.9816546,0,0.0,30.0,0,0.0,0,22895746.0,,0,0,0,0
PRK,1997,,,,,,,,22.97507399813253,,0,0.0,30.0,0,0.0,0,23110830.0,,0,0,0,0
PRK,1998,,,,,,,,22.88017197789456,-2.3713762,0,0.0,30.0,0,0.0,0,23311564.0,,0,0,0,0
PRK,1999,,,,,,,,22.98195040276413,,0,0.0,30.0,0,0.0,0,23497599.0,,0,0,0,0
PRK,2000,,,,,,,,23.05361499284346,-2.3693144,0,0.0,30.0,0,0.0,0,23665910.0,,0,0,0,0
PRK,2001,,,,,,,,23.00648629385492,,0,0.0,30.0,0,0.0,0,23815358.0,,0,0,0,0
PRK,2002,,,,,,,,23.041091239921496,-2.4552171,0,0.0,30.0,0,0.0,0,23943973.0,,0,0,0,0
PRK,2003,,,,,,,,23.14516044221914,-2.46190609999999,0,0.0,30.0,0,0.0,0,24090380.0,,0,0,0,0
PRK,2004,,,,,,,,23.258430577931104,-1.8807454,0,0.0,30.0,0,0.0,0,24254943.0,,0,0,0,0
PRK,2005,,,,,,,,23.33678544483216,-1.9145085,0,0.0,30.0,0,0.0,0,24396433.0,,0,0,0,0
PRK,2006,,,,,,,,23.40752012446816,-1.9155395,0,0.0,30.0,0,0.0,0,24524507.0,,0,0,0,0
PRK,2007,,,,,,,,23.520341284470724,-1.91398039999999,0,0.0,30.0,0,0.0,0,24646383.0,,0,0,0,0
PRK,2008,,,,,,,,23.612589449790608,-1.93529399999999,0,0.0,30.0,0,0.0,0,24764618.0,,0,0,0,0
PRK,2009,,,,,,,,23.604694287521845,-1.74362699999999,0,0.0,30.0,0,0.0,0,24878332.0,,0,0,0,0
PRK,2010,,,,,,,,23.73251715023301,-1.4430083,0,0.0,30.0,0,0.0,0,24987258.0,,0,0,0,0
PRK,2011,,,,,,,,23.859181959794448,-1.45011159999999,0,0.0,30.0,0,0.0,0,25097874.0,,0,0,0,0
PRK,2012,,,,,,,,23.90653898828384,-1.80483479999999,0,0.0,30.0,0,0.0,0,25211728.0,,0,0,0,0
PRK,2013,,,,,,,,23.928000585852264,-1.8047014,0,0.0,30.0,0,0.0,0,25329451.0,,0,0,0,0
PRK,2014,,,,,,,,23.97027520379609,-1.46049039999999,0,0.0,30.0,0,0.0,0,25451262.0,,0,0,0,0
PRK,2015,,,,,,,,23.95297139323286,-1.4614848,0,0.0,30.0,0,0.0,0,25575350.0,,0,0,0,0
PRK,2016,,,,,,,,23.98693107543691,-1.4611391,0,0.0,30.0,0,0.0,0,25698326.0,,0,0,0,0
PRK,2017,,,,,,,,24.05164716456982,-1.4610269,0,0.0,30.0,0,0.0,0,25817709.0,,0,0,0,0
PRK,2018,,,,,,,,24.1301490791801,-1.48192599999999,0,0.0,30.0,0,0.0,0,25931147.0,,0,0,0,0
PRK,2019,,,,,,,,24.142698854524724,-1.2531349,0,0.0,30.0,0,0.0,0,26037632.0,,0,0,0,0
PRK,2020,,,,,,,,24.14229131459245,-1.2548503,0,0.0,30.0,0,0.0,0,26136312.0,,0,0,0,0
PRK,2021,,,,,,,,24.27951782249133,-1.4820228,0,0.0,30.0,0,0.0,0,26232534.0,,0,0,0,0
PRK,2022,,,,,,,,24.2670018325584,-1.3350416,0,0.0,30.0,0,0.0,0,26328845.0,,0,0,0,0
PRK,2023,,,,,,,,24.28186309692008,-1.2707438,0,0.0,30.0,0,0.0,0,26418204.0,,0,0,0,0
PRK,2024,,,,,,,,24.305120605924746,-1.27131019999999,0,0.0,30.0,0,0.0,0,26498823.0,,0,0,0,0
PRT,1996,1.28145373512428,1.28145373512428,25.532438260027835,10.32149881993382,3.50424653058748,60.2098050471666,3.06897732509786,22.930164754446512,0.7222584,0,0.0,30.0,0,0.0,0,10063945.0,122630089680.27,0,1,1,0
PRT,1997,2.31647209170026,2.31647209170026,25.485581087937625,10.360102014273428,4.40086766458026,62.3049515024583,2.33686298314114,22.8987050679153,,0,0.0,30.0,0,0.0,0,10108977.0,117016535162.95,0,0,0,0
PRT,1998,4.89835270210409,4.89835270210409,25.543114469464733,10.402007689584703,4.80796318953165,63.8308988570361,2.57275225909131,22.91972260523121,0.6994226,0,0.0,30.0,0,0.0,0,10160196.0,123946327916.296,0,1,1,0
PRT,1999,0.581077558591109,0.581077558591109,25.57114990442627,10.434673404188157,3.90657779623113,63.3143298172237,2.34009490312169,22.93101584126574,,0,0.0,30.0,0,0.0,0,10217828.0,127470385557.184,0,0,0,0
PRT,2000,6.14861920837231,6.14861920837231,25.49906610735242,10.46509642639882,3.81617714108242,67.4529979863247,2.85303039287156,22.91196342127361,0.8553001,0,0.0,30.0,0,0.0,0,10289898.0,118605192877.388,0,1,1,0
PRT,2001,5.02761444190448,5.02761444190448,25.524036581936016,10.477294360806765,1.94367213427915,65.0919551771122,4.36990330551792,22.92001914826085,,0,0.0,30.0,0,0.0,0,10362722.0,121604107164.997,0,0,0,0
PRT,2002,0.436137292252839,0.436137292252839,25.62702513836585,10.4794973648207,0.770924781247714,62.3082594169772,3.60034658290915,22.98670340858917,1.095738,0,0.0,30.0,0,0.0,0,10419631.0,134795565549.419,0,1,1,0
PRT,2003,6.26697257909762,6.26697257909762,25.83058113304108,10.466394476292455,-0.930521045062918,61.1389474883653,3.21899090682895,23.14760840892476,0.873877,0,0.0,30.0,0,0.0,0,10458821.0,165226175536.793,0,1,1,0
PRT,2004,1.312247289237,1.312247289237,25.967032623233703,10.4817324454471,1.78873552917291,63.2045936670279,2.365362040973,23.28305430992363,0.6863332,0,0.0,30.0,0,0.0,0,10483861.0,189382122532.169,0,1,1,0
PRT,2005,1.70741232717781,1.70741232717781,26.00775745024312,10.487665192573076,0.781847569123585,62.944504560452,2.27716394887838,23.349083121127062,0.7312815,0,0.0,30.0,0,0.0,0,10503330.0,197253876704.921,0,1,1,0
PRT,2006,6.41633004151996,6.41633004151996,26.064434094934743,10.501981597684487,1.62503532956156,68.5470531182009,3.1076654587105,23.42612493953657,0.830174,0,0.0,30.0,0,0.0,0,10522288.0,208756449275.848,0,1,1,0
PRT,2007,2.50093088549298,2.50093088549298,26.205969906893564,10.524775353418857,2.50657937751231,69.9461175817991,2.45396528138746,23.559731585715387,0.8094818,0,0.0,30.0,0,0.0,0,10542964.0,240496147317.381,0,1,1,0
PRT,2008,2.96892594201258,2.96892594201258,26.297001866627216,10.526520828941194,0.319247344434558,72.0757429221604,2.58850657657956,23.647407572413503,0.8929799,0,0.0,30.0,0,0.0,0,10558177.0,263416394624.084,0,1,1,0
PRT,2009,2.35133912553896,2.35133912553896,26.223167057137044,10.493848981316727,-3.12207827545093,61.4926935267759,-0.835530021504157,23.56159267250386,1.0070756,0,0.0,30.0,0,0.0,0,10568247.0,244667762835.543,0,1,1,0
PRT,2010,3.77376819569615,3.77376819569615,26.19739975266692,10.51061688570921,1.73762453640036,67.6892401927983,1.40257289895372,23.600655818393736,0.7342202,0,0.0,30.0,0,0.0,0,10573100.0,238443864993.217,0,1,1,1
PRT,2011,4.23648756430888,4.23648756430888,26.226264441009,10.494803952161316,-1.71352745905065,73.0075756700531,3.6530110043073,23.692625303307945,0.8580472,0,0.0,30.0,0,0.0,0,10557560.0,245426767676.002,0,1,1,1
PRT,2012,7.21535195239496,7.21535195239496,26.101025777763827,10.457505798682986,-4.05090267621935,75.9411067187813,2.77333854051576,23.67446495752292,0.9121335,0,0.0,30.0,0,0.0,0,10514844.0,216536676771.973,0,1,1,1
PRT,2013,6.43654323197598,6.43654323197598,26.14679373484801,10.453104141708964,-0.984106574148328,78.0305056874282,0.274416666666663,23.708504762011845,0.9144388,0,0.0,30.0,0,0.0,0,10457295.0,226677408291.745,0,1,1,1
PRT,2014,5.43851031792652,5.43851031792652,26.161686897464463,10.46588261260919,0.741391420706506,80.220669072079,-0.278153367467428,23.73582883378328,0.93359,0,0.0,30.0,0,0.0,0,10401062.0,230078616299.675,0,1,1,1
PRT,2015,0.63522205292535,0.63522205292535,26.016764226451805,10.485796954722298,1.58979803702681,80.6346756266443,0.48793862390472,23.64072443822284,1.1121757,0,0.0,30.0,0,0.0,0,10358076.0,199038523119.639,0,1,1,1
PRT,2016,3.56282992803299,3.56282992803299,26.05262358358758,10.508794772311962,2.00414129666575,79.5223464844001,0.607397074641719,23.648969446991394,1.0935326,0,0.0,30.0,0,0.0,0,10325452.0,206305431241.638,0,1,1,1
PRT,2017,5.02041551787587,5.02041551787587,26.1208083949354,10.543843344772467,3.31472008175986,84.8077923069539,1.36861411643482,23.70435853422181,1.2300446,0,0.0,30.0,0,0.0,0,10300300.0,220862990767.229,0,1,1,1
PRT,2018,3.46584287446499,3.46584287446499,26.212587351194497,10.574481531133124,2.94628343449202,86.7356954918399,0.993715683468233,23.77049934821623,1.0601732,0,0.0,30.0,0,0.0,0,10283822.0,242092894542.888,0,1,1,1
PRT,2019,4.5038935303436,4.5038935303436,26.20438785217664,10.60133086100408,2.74568432648596,86.7709889083586,0.338178410046124,23.77326906593433,1.0136875,0,0.0,30.0,0,0.0,0,10286263.0,240115970063.019,0,1,1,1
PRT,2020,1.8141455418251,1.8141455418251,26.15968626382696,10.51467137703172,-8.20463159324387,76.5086407209215,-0.0124383299576209,23.73890550793425,1.0987347,0,0.0,30.0,0,0.0,0,10297081.0,229618773422.577,0,1,1,1
PRT,2021,3.60836004516304,3.60836004516304,26.268661535306624,10.562500423015535,5.55875672070374,85.8735452148975,1.26565719069044,23.86990932942712,1.1677599,0,0.0,30.0,0,0.0,0,10361831.0,256055879091.139,0,1,1,1
PRT,2022,5.08368921917484,5.08368921917484,26.271947591866525,10.623054174662954,6.98584137580278,101.364146479435,7.83269124233323,23.890791680293745,1.0219923,0,0.0,30.0,0,0.0,0,10434332.0,256898677175.024,0,1,1,1
PRT,2023,3.96325428743124,3.96325428743124,26.40112793219012,10.639891959463322,3.09998745904281,93.1358537072038,4.31128191898681,23.9521789044285,0.9658494,0,0.0,30.0,0,0.0,0,10578174.0,292323800948.839,0,1,1,1
PRT,2024,4.29974090969256,4.29974090969256,26.471565502056023,10.650842529753197,2.21459232301109,89.6615637070518,2.41613187791876,23.99770390125212,0.9474847,0,0.0,30.0,0,0.0,0,10694681.0,313656884870.859,0,1,1,1
PRY,1996,1.42822235904122,1.42822235904122,23.004463008342487,9.289513771622934,1.57378513175006,103.035267206036,9.79968339016083,22.04891703025013,-0.821426299999999,0,0.0,30.0,0,0.0,0,4687543.0,9788391780.52421,0,1,1,0
PRY,1997,2.3170574100351,2.3170574100351,23.022367437424567,9.308521147262176,4.24251610269859,95.9342762479745,6.94956608534118,22.067410946068136,,0,0.0,30.0,0,0.0,0,4794412.0,9965225678.05093,0,0,0,0
PRY,1998,3.6779944686054,3.6779944686054,22.94902188991366,9.287412059402776,0.0680377558080636,101.606320138559,11.5532684355839,22.07557102610685,-1.09362159999999,0,0.0,30.0,0,0.0,0,4900025.0,9260481572.42462,0,1,1,0
PRY,1999,0.986752370140912,0.986752370140912,22.902221237342392,9.252832686198916,-1.36607971240079,77.5552756906357,6.75226586102725,22.05569550423314,,0,0.0,30.0,0,0.0,0,5003135.0,8837070235.51892,0,0,0,0
PRY,2000,1.21729436901028,1.21729436901028,22.90432773680733,9.210073308832046,-2.31414056819045,78.6447297611485,8.98215976750022,22.091021914924543,-1.2376909,0,0.0,30.0,0,0.0,0,5100868.0,8855705139.55857,0,1,1,0
PRY,2001,1.16763488895181,1.16763488895181,22.862838517780688,9.184820187379426,-0.834054716746095,72.6056990118238,7.26806028584825,22.078313687665844,,0,0.0,30.0,0,0.0,0,5187689.0,8495806432.18467,0,0,0,0
PRY,2002,1.25620797120523,1.25620797120523,22.69682737484193,9.170510972779882,-0.0214043949985694,79.4415656482927,10.5102420856612,22.0638589966132,-1.36981589999999,0,0.0,30.0,0,0.0,0,5261328.0,7196260656.84556,0,1,1,0
PRY,2003,-0.750191694990596,-0.750191694990596,22.76336442925581,9.200512150851171,4.32074548551591,81.1273637701163,14.2367970499143,22.17296020650588,-1.37192309999999,0,0.0,30.0,0,0.0,0,5326436.0,7691367471.17992,0,1,0,0
PRY,2004,0.976461922292792,0.976461922292792,22.98757162050209,9.228760420301152,4.05741836363771,80.1044466155542,4.32326492967491,22.29826491370835,-1.10214909999999,0,0.0,30.0,0,0.0,0,5388175.0,9624440836.29309,0,1,1,0
PRY,2005,0.067986029076693,0.067986029076693,23.097008141775973,9.238811288177148,2.13349066459601,85.0219636540457,6.80738203116377,22.4005466520026,-0.9710489,0,0.0,30.0,0,0.0,0,5448097.0,10737500188.1123,0,1,1,0
PRY,2006,1.39842122336644,1.39842122336644,23.320714408030085,9.275345502838112,4.80711719268376,84.7335313048126,9.58934941129229,22.498877111661425,-0.8984078,0,0.0,30.0,0,0.0,0,5505148.0,13429430050.261,0,1,1,0
PRY,2007,0.588024684579866,0.588024684579866,23.605627445496555,9.318339066460524,5.42162287218235,79.0011374202968,8.13047417698577,22.62807749386045,-0.8949391,0,0.0,30.0,0,0.0,0,5559386.0,17856393235.4338,0,1,1,0
PRY,2008,1.83503669212202,1.83503669212202,23.9266327240989,9.371579126411971,6.4962921197091,80.777574657268,10.1547846489023,22.73189448316066,-0.8423313,0,0.0,30.0,0,0.0,0,5613574.0,24615267663.5456,0,1,1,0
PRY,2009,0.860674450934745,0.860674450934745,23.830322608496942,9.358744847483289,-0.261137328080281,70.8419818624432,2.59194673430567,22.67843239301944,-0.7789347,0,0.0,30.0,0,0.0,0,5671236.0,22355151161.994,0,1,1,0
PRY,2010,2.76173378510787,2.76173378510787,24.028718779385564,9.45226385422505,11.0952312685521,81.2575233746727,4.65116279069765,22.796829893534287,-0.7673432,0,0.0,30.0,0,0.0,0,5737971.0,27260886405.2263,0,1,1,1
PRY,2011,1.95875255092885,1.95875255092885,24.2424310895226,9.48096354859108,4.28637120702282,78.4921238489348,8.2539682539683,22.90918967659185,-0.7523261,0,0.0,30.0,0,0.0,0,5814626.0,33756238766.5,0,1,1,1
PRY,2012,2.61172771954633,2.61172771954633,24.22797966911236,9.459789296103391,-0.708043112316886,74.7649574560794,3.67591897974496,22.91928568728771,-0.764143199999999,0,0.0,30.0,0,0.0,0,5897008.0,33271921136.315,0,1,1,1
PRY,2013,1.13236628162492,1.13236628162492,24.373953224345893,9.525076089441978,8.29307648940471,73.3698713841075,2.68385738718582,22.943574626453543,-0.7612361,0,0.0,30.0,0,0.0,0,5982445.0,38501122141.4241,0,1,1,1
PRY,2014,2.51353754605074,2.51353754605074,24.42154916807149,9.56223296496113,5.30123864473624,69.0837249631346,5.02882767456766,22.959022430082587,-0.738453999999999,0,0.0,30.0,0,0.0,0,6069811.0,40377929295.6419,0,1,1,1
PRY,2015,2.22350808882673,2.22350808882673,24.312641144461946,9.576771995367682,2.95715168367079,66.9150655259573,3.12900274473925,22.879152887936545,-0.7854223,0,0.0,30.0,0,0.0,0,6159103.0,36211447840.0971,0,1,1,1
PRY,2016,2.27032682691816,2.27032682691816,24.30927334919216,9.60405610087117,4.26802583314583,67.7593152322047,4.08682280577241,22.884673504478336,-0.6786705,0,0.0,30.0,0,0.0,0,6249126.0,36089700222.9461,0,1,1,1
PRY,2017,1.94681321407537,1.94681321407537,24.38675387712505,9.636810078757906,4.81007885554041,71.0801344038377,3.60247741348943,22.960058705696497,-0.6426736,0,0.0,30.0,0,0.0,0,6338660.0,38997129473.5558,0,1,1,1
PRY,2018,0.787454987833175,0.787454987833175,24.417765675583308,9.654450018710993,3.20425034076639,72.069223625915,3.97561015740694,22.98885664311648,-0.4995478,0,0.0,30.0,0,0.0,0,6427382.0,40225448340.6322,0,1,1,1
PRY,2019,1.28022785728037,1.28022785728037,24.35888528314713,9.63687455993542,-0.40185510068001,71.2221617342433,2.75709727562775,22.993193247783065,-0.4663941,0,0.0,30.0,0,0.0,0,6515058.0,37925338329.1494,0,1,1,1
PRY,2020,0.816723740272233,0.816723740272233,24.290886229186352,9.615123028134729,-0.819785390971916,62.7602174748561,1.76751592356698,22.93394578171624,-0.6074736,0,0.0,30.0,0,0.0,0,6603739.0,35432178068.1814,0,1,1,1
PRY,2021,1.46244749899002,1.46244749899002,24.4105779948899,9.642184126341473,3.99461510731535,69.7320126827159,4.787983101236,23.066716838979804,-0.5769998,0,0.0,30.0,0,0.0,0,6684182.0,39937357255.8716,0,1,1,1
PRY,2022,2.0438895221054,2.0438895221054,24.457147375858685,9.630555628007745,-0.0280771723899278,73.8736311444119,9.76556667164402,23.137552360440008,-0.495784199999999,0,0.0,30.0,0,0.0,0,6760464.0,41841201626.7253,0,1,1,1
PRY,2023,2.57700191370443,2.57700191370443,24.48772727051645,9.669762273139597,5.28584584975323,82.5777252296516,4.63202285403356,23.19439884918357,-0.337846,0,0.0,30.0,0,0.0,0,6844146.0,43140465595.6662,0,1,1,1
PRY,2024,2.45295029321833,2.45295029321833,24.52410740379849,9.70305257475221,4.66914577981763,77.0944384539197,3.83540271728533,23.22899690164475,-0.3545101,0,0.0,30.0,0,0.0,0,6929153.0,44738819362.3269,0,1,1,1
PSE,1996,5.19709056780854,5.19709056780854,21.949860819308626,8.27696119764023,1.21453753437805,89.2685358986391,,,-1.3060162,0,0.0,30.0,0,0.0,0,2587997.0,3409600000.0,0,0,0,0
PSE,1997,4.33533698600989,4.33533698600989,22.04763160144413,8.369050141980473,14.6676392814808,90.3372519814884,7.08700591205709,,,0,0.0,30.0,0,0.0,0,2706518.0,3759800000.0,0,0,0,0
PSE,1998,5.13725120968612,5.13725120968612,22.12636814971567,8.477452189243674,14.3341073189351,88.9915925070062,5.57964505838268,,-1.3151438,0,0.0,30.0,0,0.0,0,2776568.0,4067800000.0,0,0,0,0
PSE,1999,4.44188476235941,4.44188476235941,22.17516065515025,8.531455246519151,8.28059145094657,96.3452893800337,5.54439180368747,,,0,0.0,30.0,0,0.0,0,2848431.0,4271200000.0,0,0,0,0
PSE,2000,1.43744162248919,1.43744162248919,22.18503865924221,8.416464139579434,-8.5555726838292,87.6390949554896,2.79819892435758,,-1.3119868,0,0.0,30.0,0,0.0,0,2922153.0,4313600000.0,0,0,0,0
PSE,2001,0.478966972250668,0.478966972250668,22.11048477051744,8.293176453990524,-9.31108114182962,82.7259784699153,1.22278475878898,,,0,0.0,30.0,0,0.0,0,2997784.0,4003700000.0,0,0,0,0
PSE,2002,0.265481748129816,0.265481748129816,21.991845910046745,8.134224981977681,-12.4883821798129,76.2528826143203,5.70951585976626,,-1.3117356,0,0.0,30.0,0,0.0,0,3075373.0,3555800000.0,0,0,0,0
PSE,2003,0.324395161290323,0.324395161290323,22.10152802636904,8.239838019754128,14.0156476793996,76.398689516129,4.40303221730888,,-1.3245877,0,0.0,30.0,0,0.0,0,3154969.0,3968000000.0,0,0,0,0
PSE,2004,0.445786535161087,0.445786535161087,22.249995826507515,8.412516961717827,21.9244861205987,81.1235906237101,3.00417498638593,,-0.4663709,0,0.0,30.0,0,0.0,0,3236626.0,4603100000.0,0,0,0,0
PSE,2005,0.707064400959869,0.707064400959869,22.357532938009804,8.493939410189498,11.2906511829271,83.8363540589578,4.10725070715931,,-0.967305099999999,0,0.0,30.0,0,0.0,0,3320396.0,5125700000.0,0,0,0,0
PSE,2006,0.347548940784922,0.347548940784922,22.400044590349523,8.458371273812588,-0.996556103477076,82.6374735897388,3.84234125624782,,-0.8674602,0,0.0,30.0,0,0.0,0,3406334.0,5348300000.0,0,0,0,0
PSE,2007,0.33694998022594,0.33694998022594,22.483826994004048,8.47000163779109,3.78828152085981,91.9992434272745,1.85974379351111,,-0.785342299999999,0,0.0,30.0,0,0.0,0,3494496.0,5815700000.0,0,0,0,0
PSE,2008,0.70458524841322,0.70458524841322,22.71256382877328,8.514149724547211,7.42918225547835,79.4799190194791,9.88999788691849,,-0.847059999999999,0,0.0,30.0,0,0.0,0,3591977.0,7310400000.0,0,0,0,0
PSE,2009,3.7160419011341,3.7160419011341,22.81336290631422,8.569911500110557,8.59349087893864,75.1511928466305,2.75393485083151,,-0.389052,0,0.0,30.0,0,0.0,0,3689099.0,8085700000.0,0,0,0,0
PSE,2010,1.85860711452246,1.85860711452246,22.993482684907725,8.600107519249917,5.77736205629419,68.4976501575169,3.74915727597096,,-0.1372251,0,0.0,30.0,0,0.0,0,3786161.0,9681500000.0,0,0,0,0
PSE,2011,2.13515604683715,2.13515604683715,23.13793777305196,8.6665302161663,9.60080848913594,67.2495329024414,2.8772435849594,,-0.4514793,0,0.0,30.0,0,0.0,0,3882986.0,11186100000.0,0,0,0,0
PSE,2012,0.515918270255689,0.515918270255689,23.22539007635148,8.701031806598388,6.09645656326154,66.9293273483831,2.77908768282492,,-0.4729661,0,0.0,30.0,0,0.0,0,3979998.0,12208400000.0,0,0,0,0
PSE,2013,1.40253913684002,1.40253913684002,23.327103011920936,8.722938595840043,4.69856986552234,66.2713181162369,1.72439933626931,,-0.466682799999999,0,0.0,30.0,0,0.0,0,4076708.0,13515500000.0,0,0,0,0
PSE,2014,1.14163752860063,1.14163752860063,23.361587181505385,8.697917909815082,-0.157866650855297,67.7398371659149,1.73298510037447,,-0.2718704,0,0.0,30.0,0,0.0,0,4173398.0,13989700000.0,0,0,0,0
PSE,2015,0.751035803856381,0.751035803856381,23.360349792167145,8.711550414408654,3.72129967114788,70.7809681944405,1.43161145810476,,-0.2500245,0,0.0,30.0,0,0.0,0,4270092.0,13972400000.0,0,0,0,0
PSE,2016,1.92447798073354,1.92447798073354,23.457983934253527,8.774024256759507,8.86461881995935,65.4225141833383,-0.219106604907316,,-0.3087974,0,0.0,30.0,0,0.0,0,4367088.0,15405400000.0,0,0,0,0
PSE,2017,1.14056698202946,1.14056698202946,23.50382272883537,8.768231281809868,1.41936756294787,68.4486607142857,0.212570934228881,,-0.1394848,0,0.0,30.0,0,0.0,0,4454805.0,16128000000.0,0,0,0,0
PSE,2018,1.29446294401352,1.29446294401352,23.512994330500764,8.755097265063991,1.22707737782703,71.4012754506469,-0.195107773730735,,-0.4655951,0,0.0,30.0,0,0.0,0,4569087.0,16276600000.0,0,0,0,0
PSE,2019,0.769720046510608,0.769720046510608,23.564301448318567,8.743514304175353,1.36268746558062,68.9934922812035,1.58018333639455,,-0.4472111,0,0.0,30.0,0,0.0,0,4685306.0,17133500000.0,0,0,0,0
PSE,2020,0.513433766585376,0.513433766585376,23.46614893366664,8.598530300350506,-11.3184661065134,67.2881912475775,-0.735332001092191,,-0.4497852,0,0.0,30.0,0,0.0,0,4803269.0,15531700000.0,0,0,0,0
PSE,2021,1.95194132723981,1.95194132723981,23.619674889205616,8.641730539913938,7.01198227592003,73.0835496162129,1.23748102831369,,-0.6289954,0,0.0,30.0,0,0.0,0,4922749.0,18109000000.0,0,0,0,0
PSE,2022,1.62179695015304,1.62179695015304,23.67637762466376,8.65749133070658,4.08276027347105,82.3949283869453,3.74122391852077,,-0.7155811,0,0.0,30.0,0,0.0,0,5043612.0,19165500000.0,0,0,0,0
PSE,2023,0.555593283570762,0.555593283570762,23.648312736109546,8.623789339980318,-0.97217780620403,76.173457614931,5.87110177678988,,-1.04199169999999,0,0.0,30.0,0,0.0,0,5165775.0,18635100000.0,0,0,0,0
PSE,2024,1.01253497329187,1.01253497329187,23.49691025174665,8.340672961537754,-22.8573273913324,74.5880913285342,53.6691458303782,,-1.0985907,0,0.0,30.0,0,0.0,0,5289152.0,16016900000.0,0,0,0,0
QAT,1996,3.74055919456575,3.74055919456575,22.927062179445866,11.20326808437722,4.3739105695453,83.5092188258127,4.90453460620532,22.42471325752757,0.2349301,0,0.0,30.0,0,0.0,0,529019.0,9059340659.34066,0,1,1,0
QAT,1997,3.70275556852446,3.70275556852446,23.147874047978235,11.42592234958022,30.0120397093796,84.4470382258535,4.83448981913322,22.414016898945484,,0,0.0,30.0,0,0.0,0,550500.0,11297802197.8022,0,0,0,0
QAT,1998,3.38647736405036,3.38647736405036,23.05107944822425,11.479118520589822,11.2186524616371,91.0581301901956,2.9513888888889,22.40105845207077,0.2307281,0,0.0,30.0,0,0.0,0,580540.0,10255494505.4945,0,1,1,0
QAT,1999,0.913812595597526,0.913812595597526,23.240408274506056,11.467476660849988,4.28406436325426,85.7329697856399,2.18170320404723,22.431131701649573,,0,0.0,30.0,0,0.0,0,612500.0,12393131868.1319,0,0,0,0
QAT,2000,1.41667543235467,1.41667543235467,23.600208386985106,11.493013769303207,8.02812548837973,89.6126597159917,1.65033522434232,22.46690849584304,0.2321815,0,0.0,30.0,0,0.0,0,644989.0,17759890109.8901,0,1,1,0
QAT,2001,1.68498245614035,1.68498245614035,23.587662108439314,11.48145125153669,3.89814748805541,94.968671679198,1.47133434804683,22.46053407729031,,0,0.0,30.0,0,0.0,0,677925.0,17538461538.4615,0,0,0,0
QAT,2002,3.2221054423699,3.2221054423699,23.686667889004248,11.502890219889183,7.18252331136711,88.4697236252199,0.239999999999952,22.51095958072129,0.2768075,0,0.0,30.0,0,0.0,0,711205.0,19363736263.7363,0,1,1,0
QAT,2003,2.65541575709466,2.65541575709466,23.88170314905244,11.493417651354571,3.7199194981967,90.1649486943021,2.26456504389469,22.64939898193084,0.2719548,0,0.0,30.0,0,0.0,0,744682.0,23533791208.7912,0,1,1,0
QAT,2004,3.77817958307362,3.77817958307362,24.18065657596668,11.631454266248564,19.2185032411244,90.3724288385622,6.79933665008279,22.790110756675286,0.2416782,0,0.0,30.0,0,0.0,0,773332.0,31734065934.0659,0,1,1,0
QAT,2005,5.61413033419499,5.61413033419499,24.51944006121487,11.63853792168862,7.49272803754515,94.7455441696331,8.81439532334683,22.891760286005603,0.2088576,0,0.0,30.0,0,0.0,0,825408.0,44530494505.4945,0,1,1,0
QAT,2006,5.74881210770224,5.74881210770224,24.83220574792809,11.706668538517642,26.17039955781,98.570919313572,11.8358096197431,22.99429423237576,0.3929576,0,0.0,30.0,0,0.0,0,972831.0,60882142857.1429,0,1,1,0
QAT,2007,5.89624023353357,5.89624023353357,25.10168363242164,11.655054256349208,17.9852165615129,96.11443696558,13.7581625759964,23.138672643188304,0.6423548,0,0.0,30.0,0,0.0,0,1208595.0,79711813186.8132,0,1,1,0
QAT,2008,3.27807198278287,3.27807198278287,25.470541132901666,11.651636609604454,17.6630346842674,89.4332931345959,15.0501451570333,23.262480322251413,0.7154209,0,0.0,30.0,0,0.0,0,1426938.0,115269780219.78,0,1,1,0
QAT,2009,8.3076413079166,8.3076413079166,25.30617355953381,11.644564526198277,11.9575512911227,80.1441629727012,-4.86327801622565,23.181440385903247,1.0264191,0,0.0,30.0,0,0.0,0,1608903.0,97798351648.3516,0,1,1,0
QAT,2010,3.73261315829573,3.73261315829573,25.552557118274848,11.794355145605886,16.7315558489187,86.0703268232169,-2.42525675161714,23.286243836512657,0.964407,0,0.0,30.0,0,0.0,0,1616832.0,125122252747.253,0,1,1,1
QAT,2011,0.559389030984015,0.559389030984015,25.845891270451897,11.911870136661712,13.0214050496923,98.7216351018991,1.13836623529202,23.417710676004795,1.0080412,0,0.0,30.0,0,0.0,0,1624761.0,167775274725.275,0,1,1,1
QAT,2012,0.21188872224358,0.21188872224358,25.95348369549646,11.898714299229212,4.62623675511804,105.746343435217,2.31534853431661,23.44469304713924,0.9747888,0,0.0,30.0,0,0.0,0,1722438.0,186833502362.637,0,1,1,1
QAT,2013,-0.422882595917482,-0.422882595917482,26.015201095937392,11.835346561606745,4.43070196521455,102.383208106327,3.22197756829293,23.47058525929988,1.1397085,0,0.0,30.0,0,0.0,0,1916426.0,198727642967.033,0,1,0,0
QAT,2014,0.504491036758769,0.504491036758769,26.05223169613502,11.75989481076689,4.11911527912761,99.0343747414317,3.34972085659523,23.493376473757525,0.9830148,0,0.0,30.0,0,0.0,0,2151745.0,206224598571.429,0,1,1,1
QAT,2015,0.662099304441699,0.662099304441699,25.80925566995672,11.72051579254326,4.75334572438737,93.7076041736357,1.8140772393776,23.410471092464164,1.0340695,0,0.0,30.0,0,0.0,0,2344557.0,161739955576.923,0,1,1,1
QAT,2016,0.510044137883475,0.510044137883475,25.74538284231909,11.69570032514433,3.06419188430156,89.5476001199351,2.6765917009819,23.426907289883168,1.0292498,0,0.0,30.0,0,0.0,0,2477113.0,151732181868.132,0,1,1,1
QAT,2017,0.612038723345893,0.612038723345893,25.805285678481816,11.653251975449887,-1.49760470227838,91.4945879195194,0.394878914083005,23.493429449509843,0.9701164,0,0.0,30.0,0,0.0,0,2545820.0,161099122225.275,0,1,1,1
QAT,2018,-1.19249695201383,-1.19249695201383,25.93458066547674,11.651904017837913,1.23487220191065,91.838448978201,0.255815382724408,23.55934770745333,0.8061951,0,0.0,30.0,0,0.0,0,2580734.0,183334953818.681,0,1,0,0
QAT,2019,-1.59472537643955,-1.59472537643955,25.89585708568958,11.636566630710169,0.688240954592672,90.0463755485388,-0.666641124861147,23.568510714698128,0.9423676,0,0.0,30.0,0,0.0,0,2638657.0,176371267692.308,0,1,0,0
QAT,2020,-1.68550858988767,-1.68550858988767,25.69593175387993,11.543085187812157,-3.5576039896784,90.0190948833102,-2.5403150300476,23.51602955751248,0.9642748,0,0.0,30.0,0,0.0,0,2794148.0,144411363351.648,0,1,0,0
QAT,2021,-0.608353846418717,-0.608353846418717,25.91473274264401,11.668497165761051,1.62684671918775,92.7791585715125,2.30446565742003,23.666080482905343,1.1277682,0,0.0,30.0,0,0.0,0,2504910.0,179732009560.44,0,1,0,0
QAT,2022,0.0322850616403459,0.0322850616403459,26.185865212140087,11.65042505549736,4.18500970982862,100.213647199618,4.99527553740761,23.728900712021467,1.189094,0,0.0,30.0,0,0.0,0,2657333.0,235709325714.286,0,1,1,1
QAT,2023,-0.222614821674707,-0.222614821674707,26.084571191961626,11.662716448523872,1.18715991623776,,3.02764899198902,23.75996049203046,1.1464253,0,0.0,30.0,0,0.0,0,2656032.0,213002809340.659,0,0,0,0
QAT,2024,0.212749202349259,0.212749202349259,26.09990676733824,11.620112564610382,3.10963283242745,,1.26734310292375,23.802678076571688,1.1342702,0,0.0,30.0,0,0.0,0,2857822.0,216294505494.505,0,0,0,0
ROU,1996,0.712021742757537,0.712021742757537,24.332481606585745,9.647856803077454,3.90770208816159,60.7813693722174,38.8293013382852,,-0.8736817,0,0.0,30.0,0,0.0,0,22619004.0,36937074278.3004,0,0,0,0
ROU,1997,3.41529919490512,3.41529919490512,24.294914998563893,9.60103004066132,-4.8490627379703,63.205242332383,154.763480436309,,,0,0.0,30.0,0,0.0,0,22553978.0,35575214078.2428,0,0,0,0
ROU,1998,4.87096009208894,4.87096009208894,24.4536732437025,9.582592876157303,-2.02981290571721,53.838795710082,59.0965827541167,,-0.877883699999999,0,0.0,30.0,0,0.0,0,22507344.0,41696091973.7076,0,0,0,0
ROU,1999,2.89543420938062,2.89543420938062,24.305482726820017,9.580388943732428,-0.376660705758994,57.9736750449875,45.8037811326363,,,0,0.0,30.0,0,0.0,0,22472040.0,35953156753.739,0,0,0,0
ROU,2000,2.78361317174685,2.78361317174685,24.34101816629375,9.605997967821096,2.4612634592269,48.5213253850786,45.6665940440238,,-0.6395683,0,0.0,30.0,0,0.0,0,22442971.0,37253739511.1273,0,0,0,0
ROU,2001,2.8642076020901,2.8642076020901,24.421974737911377,9.67081776501911,5.21813625673708,51.9285910211481,34.4770123493527,,,0,0.0,30.0,0,0.0,0,22131970.0,40395116581.4832,0,0,0,0
ROU,2002,2.48342020141655,2.48342020141655,24.55333019234436,9.744587324664492,5.70299165043771,53.7102478139376,22.5398862605386,,-0.475072899999999,0,0.0,30.0,0,0.0,0,21730496.0,46065502702.5817,0,0,0,0
ROU,2003,3.18995908035532,3.18995908035532,24.780365058829247,9.774941575920115,2.34114732919521,56.1795270470243,15.2734889936255,,-0.589342599999999,0,0.0,30.0,0,0.0,0,21574326.0,57806384143.166,0,0,0,0
ROU,2004,8.59368512961184,8.59368512961184,25.04040264680691,9.879834000986383,10.4281130180976,60.6264786669408,11.8743635936399,,-0.3220772,0,0.0,30.0,0,0.0,0,21451748.0,74973656851.8076,0,0,0,0
ROU,2005,6.60067175776297,6.60067175776297,25.31285913185015,9.931633975056366,4.6681480508487,59.3605494490555,9.01491283343835,,-0.515834999999999,0,0.0,30.0,0,0.0,0,21319685.0,98454380120.0761,0,0,0,0
ROU,2006,9.02006052535516,9.02006052535516,25.52748142007311,10.014785775438348,8.02881107599163,61.6836259265159,6.55851412276983,,-0.4530336,0,0.0,30.0,0,0.0,0,21193760.0,122023735992.706,0,0,0,0
ROU,2007,5.78679016158104,5.78679016158104,25.885699233950145,10.09939938893063,7.23380774362805,63.5051566734658,4.83732928313989,,-0.480462899999999,0,0.0,30.0,0,0.0,0,20882982.0,174588782938.583,0,0,0,0
ROU,2008,6.37741866098849,6.37741866098849,26.090717081325487,10.205057740344468,9.30746717077338,65.1752009979412,7.85080255714482,,-0.505790899999999,0,0.0,30.0,0,0.0,0,20537875.0,214315932061.275,0,0,0,0
ROU,2009,2.66364407064905,2.66364407064905,25.88295617964404,10.156641476030304,-5.51670615843011,58.4700583666529,5.58742004264393,,-0.499886499999999,0,0.0,30.0,0,0.0,0,20367487.0,174110532658.867,0,0,0,0
ROU,2010,1.88971859139686,1.88971859139686,25.85944273573468,10.122739721800633,-3.90581157302972,69.9549354932718,6.09141668601891,,-0.2261464,0,0.0,30.0,0,0.0,0,20246871.0,170064350671.827,0,0,0,0
ROU,2011,1.23042689104897,1.23042689104897,25.984005824377533,10.171633058880705,4.49558909946313,76.271356441629,5.7892532881588,,-0.1785126,0,0.0,30.0,0,0.0,0,20147528.0,192623977894.173,0,0,0,0
ROU,2012,1.70143772893217,1.70143772893217,25.91130686443501,10.194942087123165,1.90361696799603,76.5943239913672,3.33492267693442,,-0.190389,0,0.0,30.0,0,0.0,0,20058035.0,179117323107.087,0,0,0,0
ROU,2013,2.03100513989555,2.03100513989555,25.96922936667387,10.20143915804507,0.278771877470234,81.3976131747183,3.9847123554813,,-0.0458649,0,0.0,30.0,0,0.0,0,19983693.0,189798603751.235,0,0,0,0
ROU,2014,1.9372882717301,1.9372882717301,26.02019383715057,10.24552039970691,4.11600109267832,83.3751429575201,1.06830987684298,,-0.0498234,0,0.0,30.0,0,0.0,0,19908979.0,199722319675.741,0,0,0,0
ROU,2015,2.42725822119064,2.42725822119064,25.904403848812805,10.281303185058352,3.1570360543854,83.5205767017155,-0.594156437495203,,-0.0115775,0,0.0,30.0,0,0.0,0,19815616.0,177885131240.315,0,0,0,0
ROU,2016,3.37417569649644,3.37417569649644,25.94519209985684,10.31523779186265,2.85993252302089,85.8925282906884,-1.54479666813897,,-0.119218499999999,0,0.0,30.0,0,0.0,0,19702267.0,185290759248.844,0,0,0,0
ROU,2017,2.8327307446025,2.8327307446025,26.07107495889794,10.399787251051414,8.19547826641261,87.1560645667801,1.3390212110439,,-0.1200618,0,0.0,30.0,0,0.0,0,19588715.0,210147385855.419,0,0,0,0
ROU,2018,3.03714660753952,3.03714660753952,26.21134132050316,10.45820266213372,5.39452228185675,87.0911701095809,4.62548443137779,,-0.102106999999999,0,0.0,30.0,0,0.0,0,19473970.0,241791427223.903,0,0,0,0
ROU,2019,2.94522918789332,2.94522918789332,26.24504841711617,10.502309619676687,3.96028958497598,84.9063630584793,3.82785432599438,,-0.1453557,0,0.0,30.0,0,0.0,0,19371648.0,250080428511.595,0,0,0,0
ROU,2020,1.43737626680298,1.43737626680298,26.2472219427238,10.471173716797225,-3.59802546034757,78.3616463562709,2.63107311184743,,-0.249980099999999,0,0.0,30.0,0,0.0,0,19265250.0,250624575871.819,0,0,0,0
ROU,2021,4.12832844182863,4.12832844182863,26.376009177745875,10.533002474894296,5.58735072538869,87.0711965460145,5.05232876096582,,-0.0777119,0,0.0,30.0,0,0.0,0,19122059.0,285072444957.216,0,0,0,0
ROU,2022,3.88649421607456,3.88649421607456,26.411318114404988,10.577880621095751,4.18771305104109,93.9496509383447,13.7954887432521,,0.199031,0,0.0,30.0,0,0.0,0,19048502.0,295317862855.924,0,0,0,0
ROU,2023,2.50426860654842,2.50426860654842,26.5747726603222,10.599547714784508,2.25773416555121,83.3753324062231,10.3971874764996,,0.1319311,0,0.0,30.0,0,0.0,0,19061062.0,347757995758.914,0,0,0,0
ROU,2024,1.87134949618788,1.87134949618788,26.670162366288,10.609151873935936,0.916003764382594,77.2149837939003,5.72140574354439,,0.4181246,0,0.0,30.0,0,0.0,0,19051804.0,382564217988.866,0,0,0,0
RUS,1996,0.658454456416548,0.658454456416548,26.693825621028164,9.781312525349565,-3.7550694383594,47.922500819419,47.7520122009939,22.589030117639705,-0.7345119,1,7.909122183211411,0.0,1,2721.0,2,148160129.0,391724890744.498,0,1,1,0
RUS,1997,1.20135889262562,1.20135889262562,26.726977466916303,9.796867998093722,1.3999158052963,47.2569214100748,14.761329268806,22.56377677460753,,0,0.0,1.0,0,0.0,0,147915361.0,404928954191.876,0,0,0,0
RUS,1998,1.0191194251039,1.0191194251039,26.32522038921462,9.744067103631236,-5.2999616266239,55.7722532849766,27.6856798076742,22.570673905846416,-0.8671569,0,0.0,2.0,0,0.0,0,147670784.0,270955486862.442,0,1,1,0
RUS,1999,1.6622825455164,1.6622825455164,26.00090654893746,9.809194472497929,6.39991469144101,69.393281498812,85.7464940960636,22.595407803184607,,1,8.675051276031818,0.0,1,5854.0,2,147214776.0,195907128350.934,0,0,0,0
RUS,2000,1.03116111575235,1.03116111575235,26.28283200836407,9.90871138453633,10.0000668136515,68.0939070373555,20.7987606558704,22.597893552938068,-1.0286026,1,7.97522083865341,0.0,1,2907.0,2,146596869.0,259710142196.943,0,1,1,0
RUS,2001,0.928663004211825,0.928663004211825,26.44881655685284,9.962694902114212,5.10005122572568,61.1108586644206,21.4770072117159,22.593380999326,,0,6.674561391814426,0.0,1,791.0,1,145976482.0,306602070620.5,0,0,0,0
RUS,2002,1.00553594478556,1.00553594478556,26.56817307684852,10.013223977966954,4.69999190914258,59.6454457319607,15.7887307914463,22.6488356454806,-0.782567599999999,1,7.162397497355718,0.0,1,1289.0,2,145306497.0,345470494417.863,0,1,1,0
RUS,2003,1.84237888462157,1.84237888462157,26.78785867333329,10.088219856741002,7.29995234528189,59.1282690076014,13.6632930228666,22.79173132720284,-0.794496499999999,0,6.175867270105761,0.0,1,480.0,1,144648618.0,430347420184.885,0,1,1,0
RUS,2004,2.60618528064118,2.60618528064118,27.105110095463683,10.161772217680486,7.19994786954857,56.5818523984055,10.8886157326216,22.92156110650202,-0.679449099999999,1,7.049254841255837,0.0,1,1151.0,2,144067316.0,591016690732.385,0,1,1,0
RUS,2005,2.02980703784767,2.02980703784767,27.36185453359216,10.22762178096842,6.39996544799469,56.7132484905422,12.6853039507349,22.99397016345254,-0.8523204,0,6.52649485957079,0.0,1,682.0,1,143518814.0,764015973481.11,0,1,1,0
RUS,2006,3.7977120943899,3.7977120943899,27.62090216292553,10.309708104391463,8.20006825456321,54.733401867266,9.66865454789265,23.072942700177865,-0.8221012,0,5.560681631015528,0.0,1,259.0,1,143049637.0,989932071352.543,0,1,1,0
RUS,2007,4.29895594841933,4.29895594841933,27.89315726090312,10.392998702444768,8.49997776916511,51.7061227454606,9.00729868861079,23.20701426200125,-0.7227308,0,5.176149732573829,0.0,1,176.0,1,142805114.0,1299703478481.65,0,1,1,0
RUS,2008,4.50269424864822,4.50269424864822,28.13834946633886,10.44413097109443,5.19996926404957,53.3824660408908,14.1107677840442,23.305051417346736,-0.762608899999999,0,6.003887067106539,0.0,1,404.0,1,142742366.0,1660848058303.11,0,1,1,0
RUS,2009,2.99212552042529,2.99212552042529,27.832038396823148,10.362619925297846,-7.79999391271275,48.4350610278181,11.6473295764118,23.236050725102665,-0.8040229,0,6.548219102762372,0.0,1,697.0,1,142785348.0,1222645900055.7,0,1,1,0
RUS,2010,2.8308286983175,2.8308286983175,28.05296091152868,10.40618783305182,4.49999999920672,50.3555054872589,6.84939230255025,23.306213882739325,-0.8080704,0,6.037870919922137,0.0,1,418.0,1,142849468.0,1524916715223.95,0,1,1,1
RUS,2011,2.69236118071968,2.69236118071968,28.346870027807828,10.447108808080012,4.30002918604238,48.0353994077919,8.4404648593257,23.411273374817323,-0.808563599999999,0,5.886104031450156,0.0,1,359.0,1,143018195.0,2045922753398.04,0,1,1,1
RUS,2012,2.29079869889368,2.29079869889368,28.42324118563241,10.484045352560935,4.0240861571798,47.1513903857957,5.07474300799149,23.41642147258434,-0.831558799999999,0,6.248042874508429,0.0,1,516.0,1,143378447.0,2208293553878.42,0,1,1,1
RUS,2013,3.01940211363344,3.01940211363344,28.460650989016376,10.498472315698503,1.75542214916291,46.287149400499,6.75466833903486,23.448867194630868,-0.7385077,0,5.7745515455444085,0.0,1,321.0,1,143805638.0,2292470078346.22,0,1,1,1
RUS,2014,1.0698764102333,1.0698764102333,28.353358870697274,10.487189388476793,0.736267221403651,47.8013412628116,7.82016970013845,23.478270458552227,-0.1991364,0,7.127693699347399,0.0,1,1245.0,1,144237223.0,2059241589895.01,0,1,1,1
RUS,2015,0.502607961400285,0.502607961400285,27.941062971451554,10.46416427301925,-1.9727192264298,49.3593493116887,15.5343959935701,23.40685898176078,-0.322434699999999,0,4.454347296253507,0.0,1,85.0,1,144640716.0,1363482182197.71,0,1,1,1
RUS,2016,2.54849998807899,2.54849998807899,27.875367373485457,10.463258908727324,0.193671130698817,46.5181198396096,7.04243725413707,23.42287430127128,-0.3261886,0,4.248495242049359,0.0,1,69.0,1,145015460.0,1276786350881.14,0,1,1,1
RUS,2017,1.81409297475419,1.81409297475419,28.084767916155503,10.479277632107264,1.82670527549192,46.8765243371311,3.68333072334495,23.481411433428125,-0.216888499999999,0,3.9889840465642745,0.0,1,53.0,1,145293260.0,1574199360089.0,0,1,1,1
RUS,2018,0.530060790633169,0.530060790633169,28.13622824957445,10.506072385571096,2.80634082046656,51.5809003703964,2.87831382614981,23.547723904550967,-0.163008899999999,0,3.4339872044851463,0.0,1,30.0,1,145398106.0,1657328773461.31,0,1,1,1
RUS,2019,1.88851731564914,1.88851731564914,28.15759114512948,10.52726644237582,2.19807571381982,49.2287536619033,4.47202631837903,23.55650026224169,0.0414379,0,3.295836866004329,0.0,1,26.0,1,145453291.0,1693115002708.32,0,1,1,1
RUS,2020,0.634851184443604,0.634851184443604,28.031859466657885,10.501673730603503,-2.65365449695453,45.9669082029127,3.38219796948068,23.532244397819323,-0.0432286,0,8.173011311724972,0.0,1,3543.0,1,145245148.0,1493075894362.14,0,1,1,1
RUS,2021,2.21136527873962,2.21136527873962,28.23489256846729,10.562002647943192,5.866491772979,50.5861954621752,6.69445891957612,23.66866853524488,-0.1170517,0,0.0,1.0,0,0.0,0,144746762.0,1829186719575.1,0,1,1,1
RUS,2022,-1.73614086534944,-1.73614086534944,28.46066190265881,10.550975312444852,-1.43537063467896,42.7663082313349,13.7436797398232,23.69212549907896,-0.208680199999999,1,11.50765158246752,0.0,1,99473.0,2,144236933.0,2292495097681.47,0,1,0,0
RUS,2023,-0.490895490828941,-0.490895490828941,28.347046990850828,10.593666562902722,4.06661395813023,41.3395116492933,5.86571931748967,23.741785927920304,-0.208478,1,11.243109505457587,0.0,1,76351.0,2,143826130.0,2046284838151.09,0,1,0,0
RUS,2024,-0.427643327459558,-0.427643327459558,28.413305951219247,10.642830388603498,4.92167966203073,39.4184058815423,8.43486410496723,23.784684450043013,-0.3215539,1,11.534706526031886,0.0,1,102201.0,2,143669648.0,2186462268813.08,0,1,0,0
RWA,1996,0.160597843045858,0.160597843045858,21.047039847994863,6.826467429592566,12.7456957642204,36.809895604067,7.41137173526642,22.09412812583412,-1.3060162,0,4.8283137373023015,0.0,1,124.0,1,6708764.0,1382334879.40812,0,1,1,0
RWA,1997,0.139882181600427,0.139882181600427,21.339293390344004,6.811223107367622,13.8497524852284,37.9015933606179,12.0154225195686,22.083652368915,,1,6.99117688712121,0.0,1,1086.0,2,7755238.0,1851558197.31088,0,0,0,0
RWA,1998,0.356901652992421,0.356901652992421,21.41107054496816,6.854871942728167,8.85866949472509,32.8449012952097,6.2100670945581,22.080946665177724,-1.3151438,1,7.00033446027523,0.0,1,1096.0,2,8081681.0,1989343546.17594,0,1,1,0
RWA,1999,0.0806635452643209,0.0806635452643209,21.49203439449144,6.889308683444946,4.35188831823314,31.155176977133,-2.40593209742259,22.091266385628696,,0,0.0,0.0,1,0.0,1,8147912.0,2157108262.84452,0,0,0,0
RWA,2000,0.391524366669991,0.391524366669991,21.450252331859584,6.961628145638341,8.37089593573039,31.3192321274779,3.89952980284712,22.110133734482247,-1.3119868,0,0.0,0.0,1,0.0,1,8213931.0,2068836754.37431,0,1,1,0
RWA,2001,0.940709512317624,0.940709512317624,21.39957236413535,7.034198071836047,8.48456034086699,33.1583013228126,3.34285506749409,22.105404838133985,,1,7.628031126930335,0.0,1,2054.0,2,8287094.0,1966600715.49841,0,0,0,0
RWA,2002,0.0762969152415173,0.0762969152415173,21.399268622907453,7.144560258897765,13.1920736288433,31.3172752974708,1.99258542453993,22.15377022617948,-1.4187474,0,0.0,0.0,1,0.0,1,8400180.0,1966003468.49117,0,1,1,0
RWA,2003,0.219807223769547,0.219807223769547,21.48324762502747,7.144363371052103,2.2023875095978,32.8189983492155,7.44970014007366,22.291320663297327,-1.4279922,0,0.0,1.0,0,0.0,0,8586875.0,2138237278.73822,0,1,1,0
RWA,2004,0.324006427230548,0.324006427230548,21.588892999067244,7.189767990780016,7.44766737037035,37.0316755294291,12.2507102894391,22.42531402964191,-0.7008306,0,0.0,2.0,0,0.0,0,8816844.0,2376496067.01198,0,1,1,0
RWA,2005,0.271318643761601,0.271318643761601,21.799571085392664,7.252805674553638,9.37789916585375,38.0262688816851,9.01408918092339,22.51269455649417,-0.7309658,0,0.0,3.0,0,0.0,0,9054528.0,2933819766.17656,0,1,1,0
RWA,2006,0.935920091556034,0.935920091556034,21.90934182804015,7.314396110229766,9.22707576994632,33.6578390444203,8.88282654777923,22.603937558449605,-0.3694329,0,0.0,4.0,0,0.0,0,9299246.0,3274207945.36553,0,1,1,0
RWA,2007,2.04787532696933,2.04787532696933,22.114044505155004,7.36135516967436,7.63329819042882,36.4479761431748,9.08072205873158,22.73997194551244,-0.372543399999999,0,0.0,5.0,0,0.0,0,9549933.0,4017977506.55904,0,1,1,0
RWA,2008,1.99759586428198,1.99759586428198,22.35654827078342,7.4408830451681425,11.161247324054,37.9969638376772,15.4382138709255,22.84678480565784,-0.2446266,0,0.0,6.0,0,0.0,0,9804269.0,5120655375.24365,0,1,1,0
RWA,2009,2.11782169516035,2.11782169516035,22.446639217470693,7.475699063890813,6.24825750704265,37.2137499920385,12.9443978401712,22.78519488604784,-0.2354249,1,0.0,0.0,1,0.0,2,10060432.0,5603399014.71331,0,1,1,0
RWA,2010,3.57208683219563,3.57208683219563,22.523700249418884,7.521243948439282,7.33465645016436,37.7415245466166,-0.246128693436934,22.875908154530567,-0.132928799999999,0,0.0,0.0,1,0.0,1,10317553.0,6052276077.6354,0,1,1,1
RWA,2011,1.64828569312654,1.64828569312654,22.64058190607582,7.573293338163967,7.95838869909085,40.1597511764349,3.0801706924026,22.98792363337008,-0.1196507,0,0.0,0.0,1,0.0,1,10573733.0,6802676033.65947,0,1,1,1
RWA,2012,3.56791329338291,3.56791329338291,22.745696887427403,7.632238685225579,8.64150815708138,41.081185425557,10.2710182318876,23.004220318031106,-0.0899577999999999,0,6.706862336602747,0.0,1,817.0,1,10829901.0,7556673275.95438,0,1,1,1
RWA,2013,3.03027485323662,3.03027485323662,22.76633859442066,7.654323166237422,4.71984856950924,43.260980041775,5.92426867984854,23.03568168292108,-0.0092550999999999,0,7.2305631534092925,1.0,0,1380.0,0,11093340.0,7714276919.73722,0,1,1,1
RWA,2014,3.86221109540585,3.86221109540585,22.818824851991057,7.685287228415376,5.66845354233575,44.4828257252622,2.35449052820358,23.06269531332369,-0.0403257,0,0.0,2.0,0,0.0,0,11364757.0,8129984483.78727,0,1,1,1
RWA,2015,1.91881841411753,1.91881841411753,22.85708477165136,7.74634267146993,8.87036752872743,45.7348675761767,2.52850284192421,22.98575455477841,-0.0496198,0,0.0,3.0,0,0.0,0,11640022.0,8447064078.84373,0,1,1,1
RWA,2016,3.25408209196111,3.25408209196111,22.874657301784254,7.777687220711904,5.65874584202778,50.08973657056,7.17434301982009,22.99495042064261,0.1202434,0,0.0,0.0,1,0.0,1,11919183.0,8596812240.52305,0,1,1,1
RWA,2017,2.99013161776386,2.99013161776386,22.938586296512213,7.80019805878745,4.70393439751061,54.2079656602139,8.27953672260832,23.06080933817268,0.316719,0,0.0,1.0,0,0.0,0,12202060.0,9164345443.2575,0,1,1,1
RWA,2018,3.79467565710856,3.79467565710856,22.99024045020727,7.854651761423409,8.07084254621641,47.9830578657248,-0.311210160390699,23.12329656646917,0.2772379,0,0.0,2.0,0,0.0,0,12487996.0,9650161136.17648,0,1,1,1
RWA,2019,2.50181125622142,2.50181125622142,23.07647485653315,7.920642489608231,9.28613387454543,48.892715033759,3.34787655037648,23.1398723421259,0.2289518,0,5.424950017481403,0.0,1,226.0,1,12776103.0,10519272170.3346,0,1,1,1
RWA,2020,1.45524928576719,1.45524928576719,23.073416177863585,7.8700540457644435,-2.77710485515125,44.3511840604967,9.85039902274207,23.1042973775866,0.2606136,0,0.0,0.0,1,0.0,1,13065837.0,10487146253.4025,0,1,1,1
RWA,2021,2.07399909664917,2.07399909664917,23.14389125778364,7.928907797165833,8.41140448646523,59.8007993935018,-0.391346748300791,23.24064989946214,0.2102834,0,0.0,1.0,0,0.0,0,13355260.0,11252894909.5043,0,1,1,1
RWA,2022,2.21934152301495,2.21934152301495,23.34411590246468,8.000720901889006,9.82497394651698,60.9591709408266,17.6892095588153,23.285841496749047,0.3684478,0,6.300785794663244,0.0,1,544.0,1,13651030.0,13747404814.2677,0,1,1,1
RWA,2023,3.09083144958541,3.09083144958541,23.41833220756134,8.060865460215215,8.55964292914153,66.8925839339472,19.789546746467,23.32187275670428,0.4086662,0,0.0,0.0,1,0.0,1,13954471.0,14806501437.282,0,1,1,1
RWA,2024,3.79145567191588,3.79145567191588,23.43869303973641,8.109227267925817,7.22717103344534,71.6868069548772,1.77029240198635,23.36088454028138,0.3489076,0,6.813444599510896,0.0,1,909.0,1,14256567.0,15111064181.9687,0,1,1,1
SAU,1996,-0.710606970934706,-0.710606970934706,25.790045036475675,10.995625806448745,3.30468254228352,66.653820067958,1.22206054877756,22.380258568812383,-0.3029637,0,0.0,30.0,0,0.0,0,13831009.0,158662483311.081,0,1,0,0
SAU,1997,1.83140466437341,1.83140466437341,25.83503483578725,10.983181128496438,2.64731939948642,65.1880669440449,0.0571506050626489,22.365310455691432,,0,0.0,30.0,0,0.0,0,14374943.0,165963684913.218,0,0,0,0
SAU,1998,2.91838054679437,2.91838054679437,25.71216981836132,10.973470964681292,2.80381183998992,56.0883926105725,-0.37126675171199,22.36225356518921,-0.3071658,0,0.0,30.0,0,0.0,0,14922185.0,146775466666.667,0,1,1,0
SAU,1999,-0.481664272911208,-0.481664272911208,25.80911414320837,10.930929129398033,-0.633393640920247,57.8460488194196,-1.33375489653896,22.3827021303377,,0,0.0,30.0,0,0.0,0,15472075.0,161717066666.667,0,0,0,0
SAU,2000,-0.9925690992161,-0.9925690992161,25.96773366223386,10.93243292356848,4.71813422138024,68.1664488005167,-1.12499838517645,22.40190676012476,-0.3057124,0,0.0,30.0,0,0.0,0,16177722.0,189514933333.333,0,1,0,0
SAU,2001,0.0106659367777141,0.0106659367777141,25.93894914115976,10.8838625409205,0.344593196175438,63.5605836794513,-1.12094804896791,22.3967327844178,,0,0.0,30.0,0,0.0,0,17041397.0,184137600000.0,0,0,0,0
SAU,2002,-0.323899963714203,-0.323899963714203,25.96821336862337,10.827190313489249,-0.688390130317757,64.5927974099254,0.247186492339686,22.448388105550848,-0.5506885,0,0.0,30.0,0,0.0,0,17910910.0,189605866666.667,0,1,0,0
SAU,2003,-0.271772775519938,-0.271772775519938,26.097653724778656,10.86350133299217,8.76873381743964,69.831170708742,0.612195358172966,22.58944876501346,-0.5549181,0,0.0,30.0,0,0.0,0,18786767.0,215807733333.333,0,1,0,0
SAU,2004,-0.129209725410009,-0.129209725410009,26.27909777848733,10.90037255837938,8.63100545880309,75.0828366569341,0.5155078977673,22.726833540581,-0.5261233,0,0.0,30.0,0,0.0,0,19669480.0,258742133333.333,0,1,0,0
SAU,2005,1.33515850333851,1.33515850333851,26.517679710733248,10.913847590013734,5.94489623934835,81.9540759410158,0.479231671630955,22.815248380967013,-0.4659579,0,0.0,30.0,0,0.0,0,20559890.0,328459608764.111,0,1,1,0
SAU,2006,1.58553602335569,1.58553602335569,26.655246091454902,10.903636553324018,3.31348473625901,89.9446046768984,2.20902314069647,22.909803190891832,-0.193441199999999,0,0.0,30.0,0,0.0,0,21459144.0,376900133511.348,0,1,1,0
SAU,2007,1.48457884530209,1.48457884530209,26.753865780282503,10.88403712569453,2.21365396372528,94.8633170967657,4.16782358431579,23.05502508640564,-0.1403004,0,0.0,30.0,0,0.0,0,22368313.0,415964509673.115,0,1,1,0
SAU,2008,1.05925699592349,1.05925699592349,26.976703802920923,10.904261117058644,6.2379875365458,96.1026308742185,9.87024816760266,23.16975340325681,-0.0728211,0,0.0,30.0,0,0.0,0,23287877.0,519796800000.0,0,1,1,0
SAU,2009,0.10169038708409,0.10169038708409,26.78495085728545,10.854387697202451,-1.06671711240203,84.8583415624843,5.0572227614833,23.097561303518127,-0.0481148,0,0.0,30.0,0,0.0,0,24217654.0,429097866666.667,0,1,1,0
SAU,2010,0.923670092367435,0.923670092367435,26.992754972769102,10.91347894266603,5.0395150823517,82.5496850227537,5.33941733020905,23.18758283794618,0.0891481,0,0.0,30.0,0,0.0,0,23978487.0,528207466666.667,0,1,1,1
SAU,2011,0.688133631504519,0.688133631504519,27.24632992796479,10.9792652030132,11.758820686671,84.3594342438995,5.8262163739404,23.30620137531116,0.0088158,0,0.0,30.0,0,0.0,0,25091867.0,680660800000.0,0,1,1,1
SAU,2012,0.669626013751334,0.669626013751334,27.345897545495173,10.993255851344266,5.76157382270968,81.74067854616,2.86627029905053,23.322667409465787,-0.0069961999999999,0,0.0,30.0,0,0.0,0,26168861.0,751921333333.333,0,1,1,1
SAU,2013,0.437984195574321,0.437984195574321,27.36933907202901,10.968171814383531,2.94563789152025,80.2515014286783,3.51104209799866,23.35179131616125,-0.0761056,0,0.0,30.0,0,0.0,0,27624004.0,769755733333.333,0,1,1,1
SAU,2014,0.191711517264834,0.191711517264834,27.39168856031087,10.983125412237335,4.02467158380668,78.000111117736,2.24185348779063,23.374667183158365,0.075289,0,0.0,30.0,0,0.0,0,28309273.0,787153066666.667,0,1,1,1
SAU,2015,0.572622097928938,0.572622097928938,27.26489363721561,10.97675707400368,4.65512316652699,67.1052692300592,1.22269318552328,23.29128409466841,0.0852228999999999,0,0.0,30.0,0,0.0,0,29816382.0,693414400000.0,0,1,1,1
SAU,2016,3.18518611850268,3.18518611850268,27.258912637719824,10.956203333592647,1.70404739202878,57.9216635110364,2.05347076823965,23.305696783311458,0.2818788,0,0.0,30.0,0,0.0,0,30954198.0,689279466666.667,0,1,1,1
SAU,2017,0.136801407151884,0.136801407151884,27.33162555205803,10.96720725548382,1.18210705878283,59.5319791578229,-0.834845735027162,23.36810424187275,0.1769432,0,0.0,30.0,0,0.0,0,30977355.0,741266133333.333,0,1,1,1
SAU,2018,1.36945683303735,1.36945683303735,27.51062005623596,11.024504723063789,3.2269508901591,59.1029104697141,2.46594308994843,23.427535592156087,0.2655112,0,0.0,30.0,0,0.0,0,30196281.0,886564800000.0,0,1,1,1
SAU,2019,0.346411455797861,0.346411455797861,27.513239480271185,11.045282725809558,1.65158925617395,56.7938204886513,-1.19298644533328,23.438517800271512,0.261925,0,0.0,30.0,0,0.0,0,30063799.0,888890133333.333,0,1,1,1
SAU,2020,0.211115523412857,0.211115523412857,27.36699202640856,10.95816072917064,-3.80478901996312,47.533159225048,3.37234961012303,23.40055667006133,0.1079226,0,0.0,30.0,0,0.0,0,31552510.0,767951200000.0,0,1,1,1
SAU,2021,2.8850612174452,2.8850612174452,27.613530102792456,11.04596514678557,6.51959698325419,50.8839263398787,3.06328988941548,23.541362970618337,0.3884752,0,0.0,30.0,0,0.0,0,30784383.0,982661066666.667,0,1,1,1
SAU,2022,2.1556449627378,2.1556449627378,27.845386410841893,11.11510987794298,12.0005874752929,56.8241647749332,2.47407371925372,23.586492362044712,0.5143289,0,0.0,30.0,0,0.0,0,32175224.0,1239075200000.0,0,1,1,1
SAU,2023,1.87130991298946,1.87130991298946,27.82871130135296,11.074138977775368,0.542592439393161,55.7974682325487,2.32708518362706,23.622272761329423,0.725856,0,0.0,30.0,0,0.0,0,33702731.0,1218584800000.0,0,1,1,1
SAU,2024,1.70136894275871,1.70136894275871,27.857471832538025,11.05397149481383,2.64893068308965,56.4049374147889,1.68792112375809,23.665843501494887,0.7833016,0,0.0,30.0,0,0.0,0,35300280.0,1254140800000.0,0,1,1,1
SDN,1996,0.0044354253890224,0.0044354253890224,22.9225217635462,7.98080725897765,5.9191237633176,20.0298432137309,132.823777374139,22.307551350895995,-1.1113727,1,7.736307096548285,0.0,1,2289.0,2,25231528.0,9018300724.66086,0,1,1,0
SDN,1997,0.838100557144089,0.838100557144089,23.181244482595908,8.12568624363039,18.3126571850273,17.858606720307,47.1685369647197,22.292690777011288,,1,8.433376705323127,0.0,1,4597.0,2,25799821.0,11681175864.3383,0,0,0,0
SDN,1998,3.29504622454876,3.29504622454876,23.143653657558367,8.14356948209878,4.30850425525036,21.8751479870534,24.6218785461586,22.29177787933888,-1.11557479999999,1,8.495356496807062,0.0,1,4891.0,2,26458999.0,11250221536.7484,0,1,1,0
SDN,1999,3.47125085431825,3.47125085431825,23.09182857189265,8.148801294286596,3.10409561549652,24.7143682332999,17.1664454201761,22.30565711529064,,1,7.25063551189868,0.0,1,1408.0,2,27130613.0,10682028339.6898,0,0,0,0
SDN,2000,3.19972610023634,3.19972610023634,23.22938744524842,8.18195876261349,6.34586743997545,29.4042344599492,7.12125897172291,22.320809158770448,-1.1141214,1,7.952263308657046,0.0,1,2841.0,2,27816745.0,12257299147.2936,0,1,1,0
SDN,2001,3.65224475988548,3.65224475988548,23.47796815900584,8.216506613238804,6.50036053396883,20.2933456223411,1.93529572095333,22.316474771167822,,1,8.188133414510478,0.0,1,3597.0,2,28516770.0,15716361792.1926,0,0,0,0
SDN,2002,3.93215499570306,3.93215499570306,23.62122696636574,8.246515909799632,6.0064715363132,25.6255617213052,22.2247241495905,22.367692080735047,-1.3417643,1,8.041734711487537,0.0,1,3107.0,2,29228727.0,18137128388.3606,0,1,1,0
SDN,2003,6.31782319761386,6.31782319761386,23.78456571724124,8.280691467520743,6.28880816146516,26.4402280670553,6.48943208673338,22.509287215770343,-1.54827429999999,1,7.879291485082271,0.0,1,2641.0,2,29896035.0,21355298459.5955,0,1,1,0
SDN,2004,5.67090591014718,5.67090591014718,24.005905154597727,8.304261602297585,5.14088851762675,30.4323376195052,9.65754628605945,22.64473196053016,-1.2874759,1,8.494743062578646,0.0,1,4888.0,2,30556637.0,26646007250.7319,0,1,1,0
SDN,2005,4.4387993666553,4.4387993666553,24.283820662198043,8.331423156387713,5.64351551343631,35.8715914021946,8.50585075933117,22.731055073608825,-1.44775569999999,0,6.75343791859778,0.0,1,856.0,1,31262444.0,35182711987.974,0,1,1,0
SDN,2006,4.06910716037147,4.06910716037147,24.53577413185726,8.366364283313253,6.5314117467792,36.2025936172703,7.19912990114709,22.82153666485365,-1.1696408,1,7.109879463072272,0.0,1,1223.0,2,31992435.0,45263831634.1497,0,1,1,0
SDN,2007,2.53091571467554,2.53091571467554,24.808235588880954,8.392940935561919,5.73527423664484,34.4033361615632,14.7542770780084,22.959817141396584,-1.17618739999999,0,5.384495062789089,0.0,1,217.0,1,32764135.0,59440139774.8128,0,1,1,0
SDN,2008,2.54980980762297,2.54980980762297,24.895081854113062,8.399852233322136,3.84674473121058,36.7410978273835,14.2971224481434,23.070143669377124,-1.3101006,0,6.480044561926653,0.0,1,651.0,1,33623980.0,64833083257.1431,0,1,1,0
SDN,2009,3.3441756822644,3.3441756822644,24.66719525724161,8.339991630047482,-2.76770436599138,32.7808783344833,11.256758706301,22.998349242019952,-1.2261288,0,6.3835066348840055,0.0,1,591.0,1,34569113.0,51621044076.9231,0,1,1,0
SDN,2010,3.50004539535845,3.50004539535845,24.800175592956325,8.34755176032653,3.85824195230107,32.728309950035,12.9776663898014,23.08399043633999,-1.3183855,1,7.0825485693553,0.0,1,1190.0,2,35414399.0,58962978034.4828,0,1,1,1
SDN,2011,3.15234852962884,3.15234852962884,24.730936550855603,8.404612445083133,-3.21353209253371,27.512339023518,18.0966171221351,23.198775504795407,-1.3212982,1,7.340186835320115,0.0,1,1540.0,2,36140806.0,55018567210.5263,0,1,1,1
SDN,2012,6.14212434699966,6.14212434699966,24.351145035316907,8.329882804829165,-17.0046884048945,21.8561745247301,35.5590574147024,23.21424896267085,-1.3159644,1,7.340186835320115,0.0,1,1540.0,2,36923178.0,37632919966.6667,0,1,1,1
SDN,2013,3.92312074519106,3.92312074519106,24.485024356754344,8.326150315802458,1.95514463302422,26.8585245020134,36.5223449139154,23.245484711029924,-1.3113659,0,6.38856140554563,0.0,1,594.0,1,37785849.0,43024018082.1918,0,1,1,1
SDN,2014,2.52698516017578,2.52698516017578,24.62557680521034,8.344624042115163,4.66137954229873,20.8451090041313,36.9066427863595,23.270380384603907,-1.3093428,0,6.75343791859778,0.0,1,856.0,1,38823318.0,49516748617.9775,0,1,1,1
SDN,2015,3.34135261447755,3.34135261447755,24.66924106051752,8.333076665253206,1.91017689052751,18.3782728546541,16.9095706050977,23.188187216283303,-1.29342999999999,1,7.142827401161621,0.0,1,1264.0,2,40024431.0,51726758676.7677,0,1,1,1
SDN,2016,2.49532759301928,2.49532759301928,24.47583288776439,8.336764490477284,3.46764218409288,15.2816698903461,17.750253831196,23.20000279425388,-1.2725849,1,7.177782416195197,0.0,1,1309.0,2,41259892.0,42630376000.0,0,1,1,1
SDN,2017,2.58043876395005,2.58043876395005,24.4437315990512,8.309189036552489,0.70925628476644,17.8313898297102,32.3516260968437,23.26157643405682,-1.24182669999999,0,5.081404364984463,0.0,1,160.0,1,42714306.0,41283617976.1905,0,1,1,1
SDN,2018,3.51269523880448,3.51269523880448,24.199378352973497,8.24713095055971,-2.6809305497999,21.8679187274323,63.2925073455888,23.32674449421342,-1.49191189999999,0,5.497168225293202,0.0,1,243.0,1,44230596.0,32333780383.2924,0,1,1,1
SDN,2019,2.55226968828806,2.55226968828806,24.19951129431872,8.195753886076906,-2.17825104530091,26.1196204552625,50.9940515002965,23.34046097186637,-1.41919669999999,0,0.0,1.0,0,0.0,0,45548175.0,32338079165.2893,0,1,1,1
SDN,2020,2.65193447042229,2.65193447042229,24.020383132850387,8.131898218317778,-3.62980082410752,9.95514507626151,163.257782355458,23.3036510289532,-1.4293287,0,3.828641396489095,0.0,1,45.0,1,46789231.0,27034593750.0,0,1,1,1
SDN,2021,1.52754029838982,1.52754029838982,24.256354084742384,8.086095021309536,-1.8685204827207,4.12754863828426,359.093040778999,23.44308609985471,-1.4426029,0,3.4657359027997265,0.0,1,31.0,1,48066924.0,34229513774.9936,0,1,1,1
SDN,2022,1.11000421594226,1.11000421594226,24.668082704475125,8.049451689130919,-0.957816591119183,2.69883443585856,138.80846024176,23.48981921279739,-1.5360265,0,11.998439434579147,0.0,1,162500.0,1,49383346.0,51666875363.0963,0,1,1,1
SDN,2023,1.37399372870934,1.37399372870934,24.40959929828944,7.687575034027438,-29.4332716274387,2.47372878267665,,23.527572573075865,-1.7726125,1,9.372544251851036,0.0,1,11760.0,2,50042791.0,39898289820.7951,0,0,0,0
SDN,2024,,,24.62871599874945,7.529083070009706,-13.9643378424022,1.99541210225008,,23.568354474440383,-1.79393619999999,1,8.452121194672523,0.0,1,4684.0,2,50448963.0,49672435513.1126,0,0,0,0
SEN,1996,0.212746510943075,0.212746510943075,22.60421256180031,7.945367090733601,2.01997720854131,46.272432717398,2.75430663482407,22.31046612715361,-0.3029637,0,0.0,1.0,0,0.0,0,9067014.0,6559712165.96508,0,1,1,0
SEN,1997,2.95970811733686,2.95970811733686,22.52191464109869,7.9517734239418685,3.04560103485423,47.2413224036235,1.75316478097236,22.30054381403301,,0,5.768320995793772,0.0,1,319.0,1,9283495.0,6041478725.90443,0,0,0,0
SEN,1998,1.0929925848965,1.0929925848965,22.595930397127585,7.985719735947093,5.89847931769205,48.0986748167655,1.15678070391341,22.31388916139846,-0.577680899999999,0,5.493061443340548,0.0,1,242.0,1,9502952.0,6505607909.05324,0,1,1,0
SEN,1999,2.45246449488128,2.45246449488128,22.609249280029545,8.022955231830979,6.28330825030987,49.4852621662422,0.827250608272497,22.31946027276892,,0,0.0,1.0,0,0.0,0,9730887.0,6592834932.80876,0,0,0,0
SEN,2000,1.35774452423374,1.35774452423374,22.51722039586386,8.036989854687697,3.88721095816793,48.680089723263,0.731981981981597,22.32876413826621,-0.5762275,0,3.871201010907891,0.0,1,47.0,1,9968260.0,6013185003.97525,0,1,1,0
SEN,2001,0.692757272925303,0.692757272925303,22.59627110972438,8.05494537182617,4.31085146618369,49.7205780648314,2.97450083919566,22.33156688767032,,0,0.0,1.0,0,0.0,0,10212942.0,6507824829.26254,0,0,0,0
SEN,2002,1.18024440779397,1.18024440779397,22.670090185102723,8.031135486360728,0.0686965747419066,53.1442994641329,2.33730187454299,22.38052973346872,-0.5402625,0,0.0,2.0,0,0.0,0,10466214.0,7006402319.75856,0,1,1,0
SEN,2003,0.986458285223565,0.986458285223565,22.89445685883697,8.061497891066915,5.59395094456143,50.8212198933376,-0.0519970242714495,22.51467079496388,-0.753493499999999,0,3.688879454113936,0.0,1,39.0,1,10721176.0,8768721563.18211,0,1,1,0
SEN,2004,1.36534663159615,1.36534663159615,23.033503242829163,8.083421819474973,4.64329393683312,53.6592031275529,0.514781781023016,22.64241033629184,-0.6247635,0,0.0,1.0,0,0.0,0,10975704.0,10076816666.6196,0,1,1,0
SEN,2005,1.52551294776184,1.52551294776184,23.12198199435761,8.102229341243085,4.31023852639633,54.9032435689485,1.71133325855502,22.72058531449939,-0.5398674,0,0.0,2.0,0,0.0,0,11235472.0,11009033437.939,0,1,1,0
SEN,2006,2.47770837743402,2.47770837743402,23.18267673497065,8.10199028168645,2.33077098330239,54.1362378092613,2.11228583877117,22.804804640226138,-0.5239389,0,0.0,3.0,0,0.0,0,11500094.0,11697918243.0035,0,1,1,0
SEN,2007,2.51145667497291,2.51145667497291,23.361910110763148,8.10664128094516,2.82711920133374,59.2713043549794,5.85330428467681,22.932566909793625,-0.443419599999999,0,0.0,4.0,0,0.0,0,11770344.0,13994218412.9619,0,1,1,0
SEN,2008,2.70404739796078,2.70404739796078,23.547853238866693,8.119608651177302,3.70316906391386,62.7617698176319,7.34720236578406,23.02591258830525,-0.268235,0,0.0,5.0,0,0.0,0,12048959.0,16853989627.548,0,1,1,0
SEN,2009,2.05299535843601,2.05299535843601,23.5049299712053,8.123101658361968,2.75210448455053,52.3072908773365,-2.2480214785534,22.95479235915271,-0.341082999999999,0,0.0,6.0,0,0.0,0,12337389.0,16145867494.9405,0,1,1,0
SEN,2010,1.68778336701059,1.68778336701059,23.50340820276984,8.132579299368613,3.39088925336209,52.4578551962948,1.22868119673344,23.026387049841297,-0.2855436,0,0.0,7.0,0,0.0,0,12635413.0,16121315909.0758,0,1,1,1
SEN,2011,1.90106996405963,1.90106996405963,23.603266424099,8.120552851859028,1.33409107961258,57.5768785989578,3.40322829786971,23.125435738707804,-0.250523,0,3.258096538021482,0.0,1,25.0,1,12958897.0,17814283639.3119,0,1,1,1
SEN,2012,1.56368019565039,1.56368019565039,23.594617318083387,8.133032125450994,4.00299555090457,61.9753040040375,1.41822871177854,23.129280177009544,-0.239959999999999,0,0.0,1.0,0,0.0,0,13310495.0,17660870411.5235,0,1,1,1
SEN,2013,1.64581763022307,1.64581763022307,23.66341498185833,8.127234999255403,2.41238527605579,60.6267663596737,0.710245486695176,23.161687682115307,-0.1805346,0,0.0,2.0,0,0.0,0,13710849.0,18918667724.8817,0,1,1,1
SEN,2014,2.03613121185767,2.03613121185767,23.70880904988708,8.155939838972754,6.22407443790986,58.4425289760992,-1.09025507446895,23.187178926207668,-0.1242113,0,0.0,3.0,0,0.0,0,14152102.0,19797253440.2679,0,1,1,1
SEN,2015,2.30194934655844,2.30194934655844,23.601045687158628,8.186963962544661,6.36704365066983,58.1103376742017,0.135211933635165,23.10558537259472,-0.1627129,0,0.0,4.0,0,0.0,0,14593331.0,17774766696.1759,0,1,1,1
SEN,2016,2.48110320660753,2.48110320660753,23.669824270229,8.218802065440622,6.35606857208136,54.1081692072139,0.837284942557434,23.114322713256463,-0.184756,0,0.0,5.0,0,0.0,0,15034521.0,19040312333.1864,0,1,1,1
SEN,2017,2.80606270309874,2.80606270309874,23.766123536081007,8.261384772003336,7.40748618589598,57.8165678119905,1.31815314847789,23.17419585279716,-0.029733,0,0.0,6.0,0,0.0,0,15475002.0,20965069572.7168,0,1,1,1
SEN,2018,3.6676580901097,3.6676580901097,23.863821204315787,8.293621136567168,6.20924103388887,61.7898394793183,0.460985642464188,23.23401782565915,-0.0860240999999999,0,0.0,7.0,0,0.0,0,15914498.0,23116701556.1381,0,1,1,1
SEN,2019,4.55247618583033,4.55247618583033,23.8761726136254,8.311548702158175,4.6136280976221,64.2362506061005,1.76011151192939,23.248695739706555,0.1244277,0,0.0,8.0,0,0.0,0,16352922.0,23403995992.1354,0,1,1,1
SEN,2020,7.52395708111684,7.52395708111684,23.92318360970465,8.2985498222734,1.34207377285524,60.0468716137065,2.54314685681662,23.21258519258236,0.0852361,0,0.0,9.0,0,0.0,0,16789219.0,24530513037.7518,0,1,1,1
SEN,2021,9.40426405095026,9.40426405095026,24.03820734269251,8.336552800030548,6.5440010991951,69.3759939883832,2.18032278088147,23.342769151335624,0.1309278,0,0.0,10.0,0,0.0,0,17220867.0,27520784129.7508,0,1,1,1
SEN,2022,10.5411241953817,10.5411241953817,24.04770211749943,8.349657895419941,3.85043193752725,79.3974220189679,9.69681899081073,23.38376167422613,0.1203621,0,0.0,11.0,0,0.0,0,17651103.0,27783332222.6759,0,1,1,1
SEN,2023,15.6044600024418,15.6044600024418,24.14740898263262,8.36747701166096,4.25743083300657,71.5942815846823,5.93947798773215,23.43429881895941,0.1516215,0,0.0,12.0,0,0.0,0,18077573.0,30696331295.7826,0,1,1,1
SEN,2024,6.26804204995863,6.26804204995863,24.194300055469647,8.406891012129275,6.46220577412338,68.2363510312865,0.804503298792438,23.473775588103724,0.2344127,0,0.0,13.0,0,0.0,0,18501984.0,32169996051.8502,0,1,1,1
SLE,1996,0.0705024171323443,0.0705024171323443,20.663207316273883,7.642131839482677,1.75382062624389,49.5955306540939,,22.24804858805785,-1.64445929999999,0,6.3473892096560105,0.0,1,570.0,1,4199210.0,941709422.502965,0,0,0,0
SLE,1997,0.211710507869611,0.211710507869611,20.561020705276988,7.568666690616714,-5.87708084575527,28.2780240362665,,22.239218939635897,,0,6.618738983517219,0.0,1,748.0,1,4253716.0,850232760.017239,0,0,0,0
SLE,1998,0.0155993330333948,0.0155993330333948,20.32631664593859,7.576518016134581,1.78501237019348,35.3326795564082,,22.251113240023187,-2.0341809,1,8.098034756176071,0.0,1,3287.0,2,4295785.0,672368187.114756,0,0,0,0
SLE,1999,0.0796552797705397,0.0796552797705397,20.321872364395755,7.551358665724559,-1.97928670052485,33.7491637023642,,22.25104346974584,,1,8.056426767522984,0.0,1,3153.0,2,4318043.0,669386623.951402,0,0,0,0
SLE,2000,6.13349349626252,6.13349349626252,20.270499042283472,7.591612484217799,6.65273028404766,57.5299628959222,,22.261566393657187,-2.0321191,0,5.948034989180646,0.0,1,382.0,1,4423611.0,635866403.776065,0,0,0,0
SLE,2001,0.584947649727907,0.584947649727907,21.242936563461512,7.467000062506385,-6.34545563328469,35.9381586081315,,22.26294017764621,,0,6.175867270105761,0.0,1,480.0,1,4692716.0,1681473893.76655,0,0,0,0
SLE,2002,0.538476849671278,0.538476849671278,21.382785864765506,7.644565946026321,26.5241350674409,38.9169111968846,,22.31111953698092,-2.07480839999999,0,0.0,1.0,0,0.0,0,4971435.0,1933863910.73227,0,0,0,0
SLE,2003,0.402080514728161,0.402080514728161,21.48529430420256,7.694520911366302,9.48363126885343,46.4464363702625,,22.445223640885672,-2.0814973,0,0.0,2.0,0,0.0,0,5177687.0,2142618045.93129,0,0,0,0
SLE,2004,2.73329141184343,2.73329141184343,21.52855827402788,7.723490903561205,6.47884588417347,46.1719991766037,,22.57364198116852,-1.389721,0,0.0,3.0,0,0.0,0,5355717.0,2237350687.46606,0,0,0,0
SLE,2005,3.56470945553037,3.56470945553037,21.657504658939008,7.739210161616033,4.3534998069981,47.547983989225,,22.653577343182874,-1.33999579999999,0,0.0,4.0,0,0.0,0,5501712.0,2545275312.60512,0,0,0,0
SLE,2006,1.80375615409317,1.80375615409317,21.906126581864967,7.759082700050905,4.28311062264335,22.0888664739674,,22.739908109253395,-1.1966279,0,0.0,5.0,0,0.0,0,5624466.0,3263697466.73514,0,0,0,0
SLE,2007,2.6278911435046,2.6278911435046,22.01331292244648,7.773933198543013,3.74975804751641,21.8067992689239,11.6499744518106,22.86954767025984,-1.140469,0,0.0,6.0,0,0.0,0,5749352.0,3632957611.35152,0,1,1,0
SLE,2008,1.27696981909264,1.27696981909264,22.14827484525608,7.785160468163095,3.68605969932123,21.2566155636984,8.21112432289608,22.965905376351166,-1.1735954,0,0.0,7.0,0,0.0,0,5894722.0,4157895298.19572,0,1,1,0
SLE,2009,2.79329478350427,2.79329478350427,22.09784258883494,7.773418829076109,1.53080323958716,23.0753395976546,7.46901898540982,22.89599563803543,-1.1859345,0,0.0,8.0,0,0.0,0,6055646.0,3953403098.37107,0,1,1,0
SLE,2010,5.59265918271249,5.59265918271249,22.17319345804444,7.807822373847286,6.35566595800495,27.9541259241389,7.18566275668163,22.97205776335171,-1.1431255,0,0.0,9.0,0,0.0,0,6222714.0,4262805966.78755,0,1,1,1
SLE,2011,19.5505875068329,19.5505875068329,22.30464020293069,7.859617147029234,8.10065518714917,43.7807969332619,6.79138291952621,23.073322634441016,-1.1333977,0,0.0,10.0,0,0.0,0,6387251.0,4861632884.67985,0,1,1,1
SLE,2012,11.7630516727995,11.7630516727995,22.53836196074116,7.934845165522331,10.578331663387,53.3813447139398,6.58776239392585,23.07940488794432,-1.1025719,0,0.0,11.0,0,0.0,0,6551080.0,6141666509.36295,0,1,1,1
SLE,2013,5.72675143806855,5.72675143806855,22.73853717134968,8.04710262192752,14.6633238075229,53.3627646114117,5.52412877994266,23.112827584863275,-1.1086375,0,0.0,12.0,0,0.0,0,6714051.0,7502762862.72657,0,1,1,1
SLE,2014,4.88007878489104,4.88007878489104,22.762684386551413,7.9418391161822255,-7.81501512457241,51.1187772788807,4.63931171409667,23.138587017723747,-1.0481377,0,0.0,13.0,0,0.0,0,6876385.0,7686138790.90872,0,1,1,1
SLE,2015,3.71866092366771,3.71866092366771,22.638474182787203,7.874043286423982,-4.36333262093788,36.4823958242319,6.68943562498681,23.05606123852569,-1.1514848,0,0.0,14.0,0,0.0,0,7037655.0,6788352974.78329,0,1,1,1
SLE,2016,2.27663664378768,2.27663664378768,22.52897706141625,7.912884728257122,6.43743652764257,43.0672126969961,10.8860609413903,23.0639578010494,-1.0441405,0,0.0,15.0,0,0.0,0,7205328.0,6084297211.10217,0,1,1,1
SLE,2017,7.19540249608134,7.19540249608134,22.47243900070041,7.920601668411908,3.20786087715987,41.5213782343591,18.2215094003386,23.124945814609053,-1.0168171,0,0.0,16.0,0,0.0,0,7379299.0,5749846528.48046,0,1,1,1
SLE,2018,2.90502880166707,2.90502880166707,22.57808064802776,7.925656315121765,2.8938564123677,37.3774603119412,16.0295447693699,23.184852028173587,-0.9745858,0,0.0,17.0,0,0.0,0,7554563.0,6390514688.52816,0,1,1,1
SLE,2019,1.86680073560006,1.86680073560006,22.59868877258005,7.956008117199834,5.50270937378153,37.5619529967261,14.8049990906021,23.2024017741646,-1.043917,0,0.0,18.0,0,0.0,0,7731991.0,6523577590.38319,0,1,1,1
SLE,2020,0.762524725903042,0.762524725903042,22.62362672028919,7.92031069990138,-1.2533490322766,30.613100943757,13.4468711101052,23.16564857237792,-0.9569812,0,0.0,19.0,0,0.0,0,7912558.0,6688307705.64217,0,1,1,1
SLE,2021,2.98593617782997,2.98593617782997,22.69274343388673,7.954859744424992,5.8968527047094,42.1435161621354,11.8739588840234,23.296134742444508,-1.01218269999999,0,0.0,20.0,0,0.0,0,8094602.0,7166931483.2953,0,1,1,1
SLE,2022,2.0361950444072,2.0361950444072,22.68633159443055,7.984371846838852,5.3135546141915,45.054212809586,27.2082883814653,23.33849019458691,-0.958347899999999,0,0.0,21.0,0,0.0,0,8276807.0,7121125277.18159,0,1,1,1
SLE,2023,2.27421424696108,2.27421424696108,22.582037759319054,8.017948937907471,5.7100218981806,55.286796968766,47.6428733253179,23.386724756830738,-0.954490499999999,0,0.0,22.0,0,0.0,0,8460512.0,6415852766.09227,0,1,1,1
SLE,2024,1.74699628470852,1.74699628470852,22.66504277519523,8.03875824775114,4.29322334404611,40.5454450723139,28.6337500014115,23.42415057604384,-0.9671017,0,0.0,23.0,0,0.0,0,8642022.0,6971127234.07241,0,1,1,1
SLV,1996,,,22.983603732801257,8.862526067548384,0.811461899328009,55.2818567293307,9.78892040179966,22.42113588268156,-1.1084762,0,0.0,30.0,0,0.0,0,5805286.0,9586327800.0,0,0,0,0
SLV,1997,0.577629026954658,0.577629026954658,23.04777932560096,8.886677976601446,3.13797006665828,63.5570927549383,4.49013627855204,22.4548884398353,,0,0.0,30.0,0,0.0,0,5844578.0,10221705900.0,0,0,0,0
SLV,1998,10.0824491417474,10.0824491417474,23.11538719089284,8.906679936566595,2.65227730016461,60.8722907509534,2.54705977554151,22.480769326434807,-0.8917004,0,0.0,30.0,0,0.0,0,5880781.0,10936669900.0,0,1,1,0
SLV,1999,1.91240900881117,1.91240900881117,23.146669088281868,8.92245393343935,2.16203373722973,60.9904896201298,0.514827130192979,22.519559613832943,,0,0.0,30.0,0,0.0,0,5913900.0,11284197000.0,0,0,0,0
SLV,2000,1.47137092746017,1.47137092746017,23.19008723839842,8.928699741499129,1.12790697674419,68.7100889044911,2.27128756828723,22.57144507700372,-0.962051999999999,0,0.0,30.0,0,0.0,0,5943366.0,11784927700.0,0,1,1,0
SLV,2001,2.2707041485317,2.2707041485317,23.231444057602765,8.933311140536622,0.879613659882722,65.8907385362251,3.7508205747202,22.58612976271916,,0,0.0,30.0,0,0.0,0,5968060.0,12282533600.0,0,0,0,0
SLV,2002,3.71125187529755,3.71125187529755,23.262044186259978,8.945811003415107,1.57291844759789,65.9190907767708,1.86552503610077,22.61784585415953,-0.888799399999999,0,0.0,30.0,0,0.0,0,5986631.0,12664190300.0,0,1,1,0
SLV,2003,1.06615183714648,1.06615183714648,23.3068023170634,8.959346549320141,1.56539303147618,68.23698247861,2.1203909173333,22.69517079414329,-0.8359755,0,0.0,30.0,0,0.0,0,5998599.0,13243892200.0,0,1,1,0
SLV,2004,2.64681242347754,2.64681242347754,23.34247104646932,8.967189550733641,0.889404485692197,69.7822641767691,4.45194392395045,22.793174225311454,-0.4755758,0,0.0,30.0,0,0.0,0,6004671.0,13724810900.0,0,1,1,0
SLV,2005,3.47761600217717,3.47761600217717,23.41097726705309,8.993493767325292,2.68083009363194,69.7158116750578,4.69094870903769,22.874213944845184,-0.5234141,0,0.0,30.0,0,0.0,0,6005578.0,14698000000.0,0,1,1,0
SLV,2006,1.50707286112592,1.50707286112592,23.49584768416256,9.03649242243718,4.3369986028604,73.4555675070266,4.03712359429612,22.952207486708595,-0.422825699999999,0,0.0,30.0,0,0.0,0,6002319.0,15999890000.0,0,1,1,0
SLV,2007,9.11434743633077,9.11434743633077,23.55717011872077,9.05355026740173,1.84760220587859,77.6210560347995,4.57808572377153,23.04711517794461,-0.4204939,0,0.0,30.0,0,0.0,0,6009824.0,17011750000.0,0,1,1,0
SLV,2008,5.0206011155903,5.0206011155903,23.612908996145663,9.071630548257511,2.15440298282768,80.6659739399085,6.70792293515939,23.117439093517312,-0.4518894,0,0.0,30.0,0,0.0,0,6029297.0,17986890000.0,0,1,1,0
SLV,2009,2.09486399547314,2.09486399547314,23.59125678020914,9.047173994604108,-2.10876837627522,66.0711911744487,1.05595029731201,23.06498176602212,-0.3350992,0,0.0,30.0,0,0.0,0,6048279.0,17601620000.0,0,1,1,0
SLV,2010,-0.613406192808089,-0.613406192808089,23.63821746395027,9.065190872870511,2.15419536693635,73.5372876725398,1.17933576873673,23.14465900989359,-0.207951499999999,0,0.0,30.0,0,0.0,0,6068249.0,18447920000.0,0,1,0,0
SLV,2011,0.603930846788838,0.603930846788838,23.73308738883338,9.098954107873466,3.80688113429295,79.2766437025052,5.1289237668161,23.226790879736004,-0.2858874,0,0.0,30.0,0,0.0,0,6090127.0,20283780000.0,0,1,1,1
SLV,2012,2.01123945886672,2.01123945886672,23.78600935319063,9.12288112665051,2.82262371802327,77.6485716222883,1.72973481581383,23.254417612036573,-0.2629505,0,0.0,30.0,0,0.0,0,6113975.0,21386150000.0,0,1,1,1
SLV,2013,1.11490857279595,1.11490857279595,23.813897296767543,9.140932631110182,2.23562439198375,80.4511944908271,0.757669184522973,23.284251158443773,-0.2285247,0,0.0,30.0,0,0.0,0,6138839.0,21990960000.0,0,1,1,1
SLV,2014,2.2408951362935,2.2408951362935,23.84092676342092,9.153954618037712,1.70870628357073,78.1044257477935,1.14134467538233,23.31335777074703,-0.1173206,0,0.0,30.0,0,0.0,0,6162955.0,22593470000.0,0,1,1,1
SLV,2015,2.10997804482034,2.10997804482034,23.877634713511945,9.174314599194547,2.40000008852115,76.5602707370519,-0.731384487387957,23.27758480509698,-0.3051905,0,0.0,30.0,0,0.0,0,6183676.0,23438240000.0,0,1,1,1
SLV,2016,1.98198031581358,1.98198031581358,23.90926427515802,9.196622836536616,2.53906241135864,72.8190933731491,0.60404908699661,23.291050839084985,-0.324718499999999,0,0.0,30.0,0,0.0,0,6200800.0,24191430000.0,0,1,1,1
SLV,2017,2.01688451540263,2.01688451540263,23.94130891517736,9.2167988206513,2.24761908134138,74.3046511916519,1.0123540331558,23.347903184740925,-0.3512048,0,0.0,30.0,0,0.0,0,6213533.0,24979190000.0,0,1,1,1
SLV,2018,1.58620478716365,1.58620478716365,23.982163976676304,9.239627643443184,2.4124442237792,75.6336168879956,1.09033000581892,23.40038719720614,-0.3651057,0,0.0,30.0,0,0.0,0,6219807.0,26020850000.0,0,1,1,1
SLV,2019,2.59024369040438,2.59024369040438,24.014690762416336,9.263306407818858,2.43747159065784,76.0420130991468,0.0753241350024612,23.424233637103544,-0.3446971,0,0.0,30.0,0,0.0,0,6222318.0,26881140000.0,0,1,1,1
SLV,2020,1.55101998611342,1.55101998611342,23.938984282534523,9.17910244033956,-7.893101359867,66.4595069497083,-0.371590212324095,23.39180938064948,-0.1427333,0,0.0,30.0,0,0.0,0,6234673.0,24921190000.0,0,1,1,1
SLV,2021,2.7560499827498,2.7560499827498,24.092048147779497,9.288200397748763,11.9047617015957,81.8450759800765,3.46692585313082,23.511516345547523,-0.2484854,0,0.0,30.0,0,0.0,0,6255782.0,29043140000.0,0,1,1,1
SLV,2022,0.0823187826775637,0.0823187826775637,24.184934416891508,9.31340374675099,2.9546041089332,88.7011372097555,7.19861615609867,23.579609651757416,-0.387094,0,0.0,30.0,0,0.0,0,6280319.0,31870110000.0,0,1,1,1
SLV,2023,2.31870856682009,2.31870856682009,24.236762505218863,9.341748757413384,3.35508721646165,79.8122651787866,4.04554694222477,23.642873280617422,-0.0947816,0,0.0,30.0,0,0.0,0,6309624.0,33565430000.0,0,1,1,1
SLV,2024,3.01317166597907,3.01317166597907,24.27517169513154,9.362805928324004,2.5904637107794,85.6825726575292,0.853782292567288,23.688652033884367,-0.1831795,0,0.0,30.0,0,0.0,0,6338193.0,34879730000.0,0,1,1,1
SOM,1996,0.0725351591525596,0.0725351591525596,21.306728889265063,6.497304460171224,8.04601505009022,,,22.11404245452765,-2.0282198,0,0.0,30.0,0,0.0,0,7554474.0,1792234297.39194,0,0,0,0
SOM,1997,0.0501882283593522,0.0501882283593522,21.50796569837298,6.473917182962438,1.18049184621003,,,22.10196701679444,,0,0.0,30.0,0,0.0,0,7824525.0,2191749013.58124,0,0,0,0
SOM,1998,0.0013504172073576,0.0013504172073576,21.809146610872578,6.496284458410632,6.58649325372474,,,22.09316105515924,-2.0341809,0,0.0,30.0,0,0.0,0,8155417.0,2962047564.41651,0,0,0,0
SOM,1999,-0.0265944215292669,-0.0265944215292669,21.837013514769723,6.526464292988871,7.31829550386784,,,22.113962141627287,,0,0.0,30.0,0,0.0,0,8492059.0,3045751527.66005,0,0,0,0
SOM,2000,0.0079113983158915,0.0079113983158915,21.95079815855296,6.555143598962462,7.11031431133236,,,22.137701059933303,-2.0321191,0,0.0,30.0,0,0.0,0,8838713.0,3412797450.20112,0,0,0,0
SOM,2001,0.0017755307728112,0.0017755307728112,21.53546079290264,6.5839343027453685,7.1103143114324,,,22.131654029974754,,0,0.0,30.0,0,0.0,0,9198493.0,2252847464.68608,0,0,0,0
SOM,2002,0.0063848685632052,0.0063848685632052,21.508392262534898,6.619957934436815,7.63026729331047,,,22.17964311429985,-1.91778759999999,0,0.0,30.0,0,0.0,0,9550063.0,2192684134.59273,0,0,0,0
SOM,2003,-0.0299641380218025,-0.0299641380218025,21.765915826107445,6.656578123364358,7.63026729332455,,,22.316187395677776,-2.1931913,0,0.0,30.0,0,0.0,0,9909157.0,2836724351.5616,0,0,0,0
SOM,2004,-0.124106356083442,-0.124106356083442,22.07382752602528,6.688429157726472,7.11031431125608,,,22.45029430546122,-1.9237324,0,0.0,30.0,0,0.0,0,10280998.0,3859592813.10255,0,0,0,0
SOM,2005,0.51246502261239,0.51246502261239,22.267257393160115,6.722397813605116,7.1103143113146,,,22.539056268907,-2.0274329,0,0.0,30.0,0,0.0,0,10644228.0,4683246454.10048,0,0,0,0
SOM,2006,1.90978521507055,1.90978521507055,22.3380381525276,6.754596705407155,6.48637073273908,,,22.631338863332168,-2.02837869999999,0,0.0,30.0,0,0.0,0,10975502.0,5026743282.04251,0,0,0,0
SOM,2007,2.5963438148083,2.5963438148083,22.41533640403921,6.788261301764687,6.69435192552552,,,22.77009780370296,-2.0269485,0,0.0,30.0,0,0.0,0,11322582.0,5430713728.89074,0,0,0,0
SOM,2008,1.47118001648448,1.47118001648448,22.5005240515312,6.823429837222016,6.69435192582009,,,22.88019338380293,-2.0206663,0,0.0,30.0,0,0.0,0,11663084.0,5913620292.90573,0,0,0,0
SOM,2009,3.66276197282804,3.66276197282804,21.804594470874225,6.862988352390051,6.69435192556188,,,22.818183340023968,-1.91295359999999,0,0.0,30.0,0,0.0,0,11961201.0,2948594552.44952,0,0,0,0
SOM,2010,4.16696585149836,4.16696585149836,21.71199145782552,6.902969400425334,6.69435192550543,,,22.91448203094459,-2.0844758,0,0.0,30.0,0,0.0,0,12261756.0,2687807003.73935,0,0,0,0
SOM,2011,3.50997923598382,3.50997923598382,21.790043435450485,6.960691265712916,6.69435192567755,,,23.031691202634367,-2.09105699999999,0,0.0,30.0,0,0.0,0,12348830.0,2906000096.93249,0,0,0,0
SOM,2012,2.45906325256211,2.45906325256211,22.19680845866249,7.016434017280361,6.69435192556698,88.5736460782288,,23.0522075699734,-2.06505629999999,0,0.0,30.0,0,0.0,0,12461160.0,4364670159.99578,0,0,0,0
SOM,2013,5.09591217775954,5.09591217775954,22.34520164431629,7.088176418290509,10.9592986164311,83.3409991258378,,23.082550265454085,-2.0903583,0,0.0,30.0,0,0.0,0,12869594.0,5062881600.00104,0,0,0,0
SOM,2014,4.55624629490798,4.55624629490798,22.46870204768948,7.138290904531288,8.97800590574617,81.7010414559322,,23.10962098212776,-2.2056492,0,0.0,30.0,0,0.0,0,13339491.0,5728399719.99958,0,0,0,0
SOM,2015,4.92510820324606,4.92510820324606,22.54006730487678,7.203349845720706,10.4621881235147,76.4793322385239,,23.03734845271311,-2.050969,0,0.0,30.0,0,0.0,0,13806963.0,6152149099.99942,0,0,0,0
SOM,2016,4.9896102178043,4.9896102178043,22.612415604364887,7.2328452499079825,7.03487260042162,74.3615625516249,,23.0515998275028,-1.97665619999999,0,0.0,30.0,0,0.0,0,14348740.0,6613743069.99912,0,0,0,0
SOM,2017,4.84156553446397,4.84156553446397,22.754239262031582,7.331492622179553,14.7357956045195,68.6756490932841,,23.11805233595091,-2.00100279999999,0,0.0,30.0,0,0.0,0,14916629.0,7621501710.0012,0,0,0,0
SOM,2018,5.18226851263813,5.18226851263813,22.78670502114874,7.316534278106192,2.05431507261069,73.8219230280706,,23.18205018882287,-2.0330208,0,0.0,30.0,0,0.0,0,15452487.0,7873000000.0,0,0,0,0
SOM,2019,5.16404805914972,5.16404805914972,22.881518559050537,7.307400108203031,2.80033312513012,70.2980591497227,,23.196351644504897,-2.0111906,0,0.0,30.0,0,0.0,0,16030971.0,8656000000.0,0,0,0,0
SOM,2020,6.18915159944367,6.18915159944367,22.87827856547332,7.241406000835702,-2.76455696202532,75.6954102920723,,23.16052098636056,-1.9389024,0,0.0,30.0,0,0.0,0,16651191.0,8628000000.0,0,0,0,0
SOM,2021,6.33765685964357,6.33765685964357,22.972766558848,7.238725134182399,3.44719850031242,79.0994411051355,,23.3007256387826,-1.96354459999999,0,0.0,30.0,0,0.0,0,17271431.0,9483000000.0,0,0,0,0
SOM,2022,6.23346074683917,6.23346074683917,23.04594763163957,7.235293106166599,2.71821202053759,90.7576203077526,,23.34651974731439,-1.94568789999999,0,0.0,30.0,0,0.0,0,17801897.0,10203000000.0,0,0,0,0
SOM,2023,6.17357181967512,6.17357181967512,23.11733562006264,7.245403504061039,4.17524257571303,103.121007483117,,23.381799779593013,-1.8653529,0,0.0,30.0,0,0.0,0,18358615.0,10958000000.0,0,0,0,0
SOM,2024,6.39257959388318,6.39257959388318,23.20541869853779,7.25087318580447,4.11139335779471,130.325060583271,,23.422990781569343,-1.95005229999999,0,0.0,30.0,0,0.0,0,19009151.0,11967000000.0,0,0,0,0
SRB,1996,,,23.87075006572666,9.213835653855488,6.16496253825672,27.3190037104059,95.6009261208171,,-0.5406548,0,0.0,4.0,0,0.0,0,7622185.0,23277430167.5978,0,0,0,0
SRB,1997,,,24.024768436947205,9.302507655484092,8.93321347004755,32.6780204946957,23.307866135801,,,0,0.0,5.0,0,0.0,0,7598538.0,27153408994.8074,0,0,0,0
SRB,1998,,,23.76798241970248,9.358616465812052,5.34263970320437,39.1669755756981,30.1596997992844,,-0.845059599999999,1,7.119635638017636,0.0,1,1235.0,2,7567745.0,21004077441.4802,0,0,0,0
SRB,1999,,,23.761995090850903,9.253252438251918,-10.3255055897713,24.1979423920709,42.4539054642972,,,1,7.247792581767846,0.0,1,1404.0,2,7540401.0,20878694850.5767,0,0,0,0
SRB,2000,,,22.714746534959904,9.315236173807245,6.0550897288645,21.109043880746,71.1206287946541,,-0.847397299999999,0,0.0,1.0,0,0.0,0,7516346.0,7326373882.11044,0,0,0,0
SRB,2001,,,23.333289942026752,9.382542263154049,6.77852279368084,53.8950786178485,95.0052258100006,,,0,4.290459441148391,2.0,0,72.0,0,7503433.0,13599378661.9952,0,0,0,0
SRB,2002,,,23.609773671234333,9.446355891825007,6.54104600309256,54.302882889577,19.4908321579689,,-0.4634859,0,0.0,3.0,0,0.0,0,7500031.0,17930583571.3055,0,0,0,0
SRB,2003,,,23.88421777746545,9.493539164452768,4.55968997935088,58.2946720222191,9.87617889729578,,-0.615935,0,0.0,4.0,0,0.0,0,7480591.0,23593044417.5086,0,0,0,0
SRB,2004,,,24.01336897583529,9.560600343130089,6.68686836863701,72.2876162455649,11.0263627183464,,-0.282202,0,0.0,5.0,0,0.0,0,7463157.0,26845632341.8075,0,0,0,0
SRB,2005,,,24.06733737532808,9.62096273497155,5.90349622935489,71.9925488520017,16.1199806482826,,-0.4140273,0,0.0,6.0,0,0.0,0,7440769.0,28334256180.8801,0,0,0,0
SRB,2006,,,24.22876489474586,9.663159907306314,3.90066644620993,75.529235364472,11.7240229980834,,-0.338507699999999,0,0.0,7.0,0,0.0,0,7411569.0,33298057361.7412,0,0,0,0
SRB,2007,9.85383583099953,9.85383583099953,24.52743698024618,9.74261941846569,7.83207023027602,72.7165875771534,6.39170644391413,,-0.349306499999999,0,0.0,8.0,0,0.0,0,7381579.0,44888028946.0854,0,0,0,0
SRB,2008,7.48017377130846,7.48017377130846,24.71632750687189,9.797197782230992,5.16089327231823,75.7432462868839,12.410986775178,,-0.3257368,0,0.0,9.0,0,0.0,0,7350222.0,54220641201.6474,0,0,0,0
SRB,2009,6.23823937763422,6.23823937763422,24.57247649794387,9.769277228012816,-3.14261075416574,63.5017226157541,8.11695092238082,,-0.232786499999999,0,0.0,10.0,0,0.0,0,7320807.0,46955984409.7271,0,0,0,0
SRB,2010,3.88925451665989,3.88925451665989,24.49686847205132,9.789278630488912,1.61097281449412,73.7088615865295,6.14255360247248,,-0.232732599999999,0,0.0,11.0,0,0.0,0,7291436.0,43536629233.1424,0,0,0,0
SRB,2011,9.6203440965999,9.6203440965999,24.66000288708828,9.797381427222378,0.0542724836581954,75.7493613069523,11.1373976342129,,-0.2899811,0,0.0,12.0,0,0.0,0,7236519.0,51251098408.0924,0,0,0,0
SRB,2012,2.82759932149649,2.82759932149649,24.53222058569169,9.7977833509917,-0.443956070983248,82.0766814348254,7.33038589596646,,-0.292617199999999,0,0.0,13.0,0,0.0,0,7201497.0,45103269969.4112,0,0,0,0
SRB,2013,4.08141056622247,4.08141056622247,24.644358183370485,9.80715310866877,0.451578805330726,84.3322563766638,7.69426362896655,,-0.2470451,0,0.0,14.0,0,0.0,0,7166553.0,50455529604.0696,0,0,0,0
SRB,2014,4.07119376860245,4.07119376860245,24.617416504988583,9.793808601877709,-1.80427041681132,88.3815023270446,2.08244793880154,,0.1058443,0,0.0,15.0,0,0.0,0,7131787.0,49114321280.3466,0,0,0,0
SRB,2015,5.67381755834409,5.67381755834409,24.444065638457783,9.811800302806745,1.2957386351958,93.5281477663237,1.39235822000187,,-0.0428976,0,0.0,16.0,0,0.0,0,7095383.0,41297410634.9586,0,0,0,0
SRB,2016,5.57770746372387,5.57770746372387,24.466290044025147,9.846355225261764,2.97519807160826,97.6906940431804,1.12231397417769,,0.0587501,0,0.0,17.0,0,0.0,0,7058322.0,42225495909.5633,0,0,0,0
SRB,2017,6.29636171721257,6.29636171721257,24.55131650929252,9.875036210052931,2.3634031250553,102.740445166934,3.13106248590115,,0.1137013,0,0.0,18.0,0,0.0,0,7020858.0,45972834713.8077,0,0,0,0
SRB,2018,7.71374568954873,7.71374568954873,24.689540640799564,9.925944784835194,4.64935035491007,105.563713028559,1.95984076293801,,0.1424118,0,0.0,19.0,0,0.0,0,6982604.0,52787520248.9242,0,0,0,0
SRB,2019,7.92487427143519,7.92487427143519,24.70974106618008,9.97771924292336,4.75020793899014,107.577309546092,1.84922984511086,,0.0665414,0,0.0,20.0,0,0.0,0,6945235.0,53864693664.5568,0,0,0,0
SRB,2020,6.23865408002072,6.23865408002072,24.746365308857555,9.974834663873407,-0.950023991851594,100.324460810129,1.57553290083415,,0.0476746,0,0.0,21.0,0,0.0,0,6899126.0,55874017668.998,0,0,0,0
SRB,2021,6.95312089132574,6.95312089132574,24.91534013543133,10.060760776389332,7.94905650472278,112.342298324945,4.08510285335102,,0.0628473,0,0.0,22.0,0,0.0,0,6834326.0,66159884072.5308,0,0,0,0
SRB,2022,6.90354140371273,6.90354140371273,24.925117045757226,10.112607138866297,2.70347705543654,131.913292283516,11.9815117344703,,0.1788279,0,0.0,23.0,0,0.0,0,6664449.0,66809895701.2152,0,0,0,0
SRB,2023,6.06995232091603,6.06995232091603,25.12195290366232,10.155612398683838,3.74793303561771,114.49206464322,12.3719043552519,,0.1035439,0,0.0,24.0,0,0.0,0,6623183.0,81343999280.0179,0,0,0,0
SRB,2024,6.20235039860679,6.20235039860679,25.22405687358372,10.19990913153209,3.94992622592932,111.725028388916,4.6705297488997,,0.1019486,0,0.0,25.0,0,0.0,0,6586476.0,90088366320.4062,0,0,0,0
SSD,1996,,,,,,,,,,0,0.0,30.0,0,0.0,0,5356925.0,,0,0,0,0
SSD,1997,,,,,,,,,,0,0.0,30.0,0,0.0,0,5509136.0,,0,0,0,0
SSD,1998,,,,,,,,,,0,0.0,30.0,0,0.0,0,5620068.0,,0,0,0,0
SSD,1999,,,,,,,,,,0,0.0,30.0,0,0.0,0,5771628.0,,0,0,0,0
SSD,2000,,,,,,,,,,0,0.0,30.0,0,0.0,0,6032267.0,,0,0,0,0
SSD,2001,,,,,,,,,,0,0.0,30.0,0,0.0,0,6308391.0,,0,0,0,0
SSD,2002,,,,,,,,,,0,0.0,30.0,0,0.0,0,6596806.0,,0,0,0,0
SSD,2003,,,,,,,,,,0,0.0,30.0,0,0.0,0,6903127.0,,0,0,0,0
SSD,2004,,,,,,,,,,0,0.0,30.0,0,0.0,0,7233041.0,,0,0,0,0
SSD,2005,,,,,,,,,,0,0.0,30.0,0,0.0,0,7590143.0,,0,0,0,0
SSD,2006,,,,,,,,,,0,0.0,30.0,0,0.0,0,7976526.0,,0,0,0,0
SSD,2007,,,,,,,,,,0,0.0,30.0,0,0.0,0,8388788.0,,0,0,0,0
SSD,2008,,,23.40334537301965,,,97.2662973183488,,,,0,0.0,30.0,0,0.0,0,8817647.0,14586253383.0632,0,0,0,0
SSD,2009,,,23.22726117664537,,5.04164187983342,94.8357640879963,5.00627361534047,,,0,0.0,30.0,0,0.0,0,9243556.0,12231264525.0671,0,0,0,0
SSD,2010,,,23.404429301542848,,5.49341639529945,90.9434483661131,1.16962180301108,,,0,0.0,30.0,0,0.0,0,9745953.0,14602072410.9506,0,0,0,0
SSD,2011,,,23.425117462025693,,-4.64031673600859,93.226859754919,46.8521757193597,,-1.57631069999999,0,5.8664680569332965,0.0,1,352.0,1,10288109.0,14907308932.7534,0,0,0,0
SSD,2012,1.34937246395858,1.34937246395858,23.20244546607096,,-46.0821223743007,71.6198113947489,45.5258978371706,,-1.4942658,0,6.22455842927536,0.0,1,504.0,1,10756240.0,11931472169.4915,0,0,0,0
SSD,2013,-4.30359174766787,-4.30359174766787,23.63705400139306,,13.1297311406943,50.8112465907463,-0.0580909784225664,,-1.6555038,0,6.831953565565855,0.0,1,926.0,1,11166275.0,18426469016.9492,0,0,0,0
SSD,2014,0.0074187791098501,0.0074187791098501,23.359620435146905,,3.37364847715736,64.6345178070809,1.6742990629552,,-1.8301131,1,7.833600223661103,0.0,1,2523.0,2,11235073.0,13962212847.4576,0,0,0,0
SSD,2015,0.0012502291294692,0.0012502291294692,23.2079891999571,,-10.7933646271143,65.5513491845003,52.7663304192143,,-1.981766,0,7.471932078245122,0.0,1,1757.0,1,11107561.0,11997800760.2242,0,0,0,0
SSD,2016,,,,,,,379.999585624026,,-2.05300419999999,0,6.601230118728877,0.0,1,735.0,1,10830102.0,,0,0,0,0
SSD,2017,,,,,,,187.851630279442,,-2.13822209999999,0,6.184148890937483,0.0,1,484.0,1,10259154.0,,0,0,0,0
SSD,2018,,,,,,,83.5015294922,,-2.0765061,0,6.267200548541362,0.0,1,526.0,1,10122977.0,,0,0,0,0
SSD,2019,,,,,,,87.2413641500032,,-2.09482199999999,0,4.709530201312334,0.0,1,110.0,1,10423384.0,,0,0,0,0
SSD,2020,,,,,,,29.6758435538572,,-2.16308659999999,0,4.07753744390572,0.0,1,58.0,1,10698467.0,,0,0,0,0
SSD,2021,,,,,,,10.5167158294358,,-2.2425859,0,5.241747015059643,0.0,1,188.0,1,10865780.0,,0,0,0,0
SSD,2022,,,,,,,-6.68732094212668,,-2.2168775,0,0.0,1.0,0,0.0,0,11021177.0,,0,0,0,0
SSD,2023,,,,,,,2.38280434813754,,-2.2060236,0,0.0,2.0,0,0.0,0,11483374.0,,0,0,0,0
SSD,2024,,,,,,,91.4408220769046,,-2.1728459,0,8.452121194672523,3.0,0,4684.0,0,11943408.0,,0,0,0,0
SVK,1996,1.60452194657012,1.60452194657012,23.80814594260676,9.72538740623212,6.11957878556568,110.817704215698,5.7758278615594,23.37367809682831,0.4972183,0,0.0,30.0,0,0.0,0,5373361.0,21864845213.7406,0,1,1,0
SVK,1997,0.802237957496426,0.802237957496426,23.81552248462025,9.776947647988754,5.48584018546269,117.288133745109,6.14198999595657,23.32485258754856,,0,0.0,30.0,0,0.0,0,5383291.0,22026728498.4531,0,0,0,0
SVK,1998,2.82219179378521,2.82219179378521,23.854913900904894,9.81315370473269,3.82610773560614,101.906217751394,6.66565123195822,23.34235945617878,0.3560652,0,0.0,30.0,0,0.0,0,5390516.0,22911708404.9614,0,1,1,0
SVK,1999,1.62825325497381,1.62825325497381,23.75886386011205,9.807389326758422,-0.473261209621114,97.530252180251,10.5704416075224,23.34498923191197,,0,0.0,30.0,0,0.0,0,5396020.0,20813421086.4137,0,0,0,0
SVK,2000,10.5840304918035,10.5840304918035,23.749844365770823,9.816604355550746,0.78922447792516,108.939262958746,12.0357805974299,23.307379831954744,0.5075292,0,0.0,30.0,0,0.0,0,5388720.0,20626538612.3376,0,1,1,0
SVK,2001,7.16911283154777,7.16911283154777,23.78560934308379,9.847266421962685,2.92516077248489,121.931131222912,7.32962019115532,23.31641729845955,,0,0.0,30.0,0,0.0,0,5378867.0,21377597034.604,0,0,0,0
SVK,2002,17.0074822919687,17.0074822919687,23.932824090409746,9.890854686522744,4.41725348271514,120.599168045888,3.12714222984609,23.38997618351424,0.385846,0,0.0,30.0,0,0.0,0,5376912.0,24768142566.4057,0,1,1,0
SVK,2003,2.87070802571882,2.87070802571882,24.242593570116554,9.938937357568545,4.85669851591319,125.998506220804,8.55414305406653,23.55959978490433,0.5256977,0,0.0,30.0,0,0.0,0,5373374.0,33761723945.8299,0,1,1,0
SVK,2004,9.45863522150628,9.45863522150628,24.483552290728007,9.991633785865483,5.38949856996771,140.222460021585,7.54850088183423,23.69830996859228,0.7232277,0,0.0,30.0,0,0.0,0,5372280.0,42960730480.0495,0,1,1,0
SVK,2005,8.03605835400406,8.03605835400406,24.611483550503497,10.054369002199106,6.48493222274386,148.705461161746,2.70908494588383,23.76256368655764,0.8709154,0,0.0,30.0,0,0.0,0,5372807.0,48823790951.4538,0,1,1,0
SVK,2006,9.98305386037355,9.98305386037355,24.768265181823267,10.139818724536244,8.92568704770216,164.992205726236,4.48333120449615,23.837836205855528,0.7019393,0,0.0,30.0,0,0.0,0,5373054.0,57111148619.2975,0,1,1,0
SVK,2007,6.56747727493293,6.56747727493293,25.06732373457872,10.242251651065262,10.8186295074904,166.580025216882,2.75672371638135,23.98173056529648,0.5945746,0,0.0,30.0,0,0.0,0,5374622.0,77019443089.3052,0,1,1,0
SVK,2008,4.79998733472882,4.79998733472882,25.294729206064684,10.293639023030607,5.36337721231949,162.464472991641,4.59817976325028,24.08463550265463,0.6389642,0,0.0,30.0,0,0.0,0,5379233.0,96685492864.2317,0,1,1,0
SVK,2009,1.7025214117002,1.7025214117002,25.21574856061237,10.235679610919387,-5.50533790972226,136.714352092364,1.61510464058236,23.98630044729688,0.6598655,0,0.0,30.0,0,0.0,0,5386406.0,89342984697.5246,0,1,1,0
SVK,2010,2.32222893370545,2.32222893370545,25.23535712078615,10.300447247490542,6.79058159142423,155.108497681586,0.957018132975174,24.02411700278432,0.4626046,0,0.0,30.0,0,0.0,0,5391428.0,91112160800.7668,0,1,1,1
SVK,2011,5.44765747649664,5.44765747649664,25.325482713440337,10.324459331852305,2.56242473215553,169.178076311066,3.91928599146291,24.12422876568717,0.4763801,0,0.0,30.0,0,0.0,0,5398384.0,99705104723.4341,0,1,1,1
SVK,2012,1.87551069035637,1.87551069035637,25.27423739929964,10.338327361833242,1.56917104702706,176.968958181431,3.6061026352289,24.0980407476632,0.5189099,0,0.0,30.0,0,0.0,0,5407579.0,94724394278.052,0,1,1,1
SVK,2013,1.01266878582834,1.01266878582834,25.31974111000284,10.344261399351632,0.703323545247201,180.903136491458,1.40047368963025,24.13608286241159,0.4696274,0,0.0,30.0,0,0.0,0,5413393.0,99134277850.3418,0,1,1,1
SVK,2014,-0.356803047431846,-0.356803047431846,25.3454217020301,10.370010297763708,2.70795151449488,176.756316098132,-0.0761653295419871,24.16025985383076,0.7131474,0,0.0,30.0,0,0.0,0,5418649.0,101713075598.862,0,1,0,0
SVK,2015,1.70487122540291,1.70487122540291,25.213906362379465,10.41953326869282,5.17687909722133,179.42602289503,-0.325219777427765,24.047948647987333,0.6446273,0,0.0,30.0,0,0.0,0,5423801.0,89178548717.3324,0,1,1,1
SVK,2016,5.27770700739813,5.27770700739813,25.226925566595764,10.437534957621343,1.94781841524558,182.757379596201,-0.520010196278358,24.059985413832333,0.7302475,0,0.0,30.0,0,0.0,0,5430798.0,90347173228.6356,0,1,1,1
SVK,2017,4.39986424621101,4.39986424621101,25.28738619761879,10.46432504795615,2.87473327453695,186.644687399549,1.31194588223247,24.12069292982046,0.5705986,0,0.0,30.0,0,0.0,0,5439232.0,95978130734.9766,0,1,1,1
SVK,2018,2.11269531583982,2.11269531583982,25.39245884891953,10.502757807148706,4.06211981896483,188.732964699496,2.51403712883803,24.192156928987394,0.5296453,0,0.0,30.0,0,0.0,0,5446771.0,106611673364.837,0,1,1,1
SVK,2019,2.15394548631737,2.15394548631737,25.38522740896665,10.52390839521557,2.27589910019393,183.722608631236,2.6645613342544,24.190950212022084,0.4384097,0,0.0,30.0,0,0.0,0,5454147.0,105843498304.094,0,1,1,1
SVK,2020,-1.05975666677956,-1.05975666677956,25.402918094856847,10.496855457207191,-2.58551241733207,167.534173320366,1.93694126694223,24.16505288086137,0.6975922,0,0.0,30.0,0,0.0,0,5458827.0,107732602896.441,0,1,0,0
SVK,2021,2.25677867211963,2.25677867211963,25.515009078563704,10.55399605668536,5.6558588065555,181.97948448512,3.1496062992126,24.295989569794003,0.7366757,0,0.0,30.0,0,0.0,0,5447247.0,120511265913.343,0,1,1,1
SVK,2022,4.16872005912019,4.16872005912019,25.475069712490782,10.56227580722072,0.544591632137454,204.056318531151,12.7741463637611,24.308469020554185,0.7960113,0,0.0,30.0,0,0.0,0,5431752.0,115792972358.209,0,1,1,1
SVK,2023,0.393861455912485,0.393861455912485,25.617955294877884,10.584105251526983,2.11263633214959,181.39087235645,10.5319476645211,24.377502958241788,0.5846525,0,0.0,30.0,0,0.0,0,5426740.0,133578518423.544,0,1,1,1
SVK,2024,3.55503662060591,3.55503662060591,25.671558075669004,10.604167575584547,1.93867445549446,171.212800151635,2.75760909424279,24.424002023149065,0.6575804,0,0.0,30.0,0,0.0,0,5422069.0,140934076532.375,0,1,1,1
SVN,1996,0.807146507308572,0.807146507308572,23.78995502225191,10.144820535356343,2.91361775262531,93.6684415177777,9.86445061546854,23.49776994947092,0.7741883,0,0.0,30.0,0,0.0,0,1988628.0,21470699362.6062,0,1,1,0
SVN,1997,1.61384646482666,1.61384646482666,23.7546971853188,10.196585706105452,5.17133827310541,96.4295395033677,8.35967990704302,23.444771073227905,,0,0.0,30.0,0,0.0,0,1985956.0,20726878751.5006,0,0,0,0
SVN,1998,0.977848343403061,0.977848343403061,23.81696998641413,10.228945162493828,3.06382595802013,97.068081542623,7.89116682856682,23.46364343969036,0.5012432,0,0.0,30.0,0,0.0,0,1981629.0,22058635314.4836,0,1,1,0
SVN,1999,0.471479700146372,0.471479700146372,23.84164348729185,10.2795702139158,5.26800700427259,92.9581874247278,6.1555875445156,23.46456552865777,,0,0.0,30.0,0,0.0,0,1983045.0,22609669083.7179,0,0,0,0
SVN,2000,0.673638153483466,0.673638153483466,23.72692613557787,10.31099078861667,3.49791942086068,104.620348581459,8.91174418658757,23.41959768387519,0.4727281,0,0.0,30.0,0,0.0,0,1988925.0,20159190701.6789,0,1,1,0
SVN,2001,2.42490291611765,2.42490291611765,23.751894477976897,10.337309964270204,2.82868479430465,105.583223530684,8.37966587492208,23.42743490336768,,0,0.0,30.0,0,0.0,0,1992060.0,20668868706.8115,0,0,0,0
SVN,2002,7.96826357828918,7.96826357828918,23.868046948732783,10.36836938667943,3.28258371393918,104.880458289416,7.48077770703761,23.50157699300804,0.6521271,0,0.0,30.0,0,0.0,0,1994530.0,23214593516.2095,0,1,1,0
SVN,2003,1.82421495294141,1.82421495294141,24.102918626053302,10.399216937232447,3.19503117236037,103.280027127626,5.54416421752897,23.676663857763987,0.8180105,0,0.0,30.0,0,0.0,0,1995733.0,29360575031.8177,0,1,1,0
SVN,2004,2.23412471685355,2.23412471685355,24.25422030245662,10.443033466964849,4.54602214352336,112.399933466762,3.5929759424951,23.81398854124493,0.7788662,0,0.0,30.0,0,0.0,0,1997012.0,34156553313.4031,0,1,1,0
SVN,2005,2.70057223244549,2.70057223244549,24.305337529307423,10.479118488318695,3.8541277114569,121.127284217914,2.45150132316477,23.871623966054347,0.7518842,0,0.0,30.0,0,0.0,0,2000474.0,35947936823.7781,0,1,1,0
SVN,2006,1.76264658794015,1.76264658794015,24.393481420478924,10.533335326815466,5.90878130011174,130.517913086158,2.45792444195863,23.94355383721368,0.7848765,0,0.0,30.0,0,0.0,0,2006868.0,39260368837.0342,0,1,1,0
SVN,2007,3.93587276921145,3.93587276921145,24.591969284508263,10.596702278294822,7.1392312914716,137.66309435102,3.657495632841,24.08379290598322,0.7581241,0,0.0,30.0,0,0.0,0,2018122.0,47880266542.577,0,1,1,0
SVN,2008,1.94695512755549,1.94695512755549,24.73981699351557,10.628287124994271,3.37223866114127,135.387093664802,5.64742380573939,24.181801916724936,0.9823881,0,0.0,30.0,0,0.0,0,2021316.0,55509332322.3578,0,1,1,0
SVN,2009,-0.694282375481298,-0.694282375481298,24.63479954178348,10.540307038708844,-7.59058614046387,114.482301023638,0.839262246793805,24.08968211835433,1.0084685,0,0.0,30.0,0,0.0,0,2039669.0,49975540954.8465,0,1,0,0
SVN,2010,0.667761282375457,0.667761282375457,24.590147475300007,10.547006228060882,1.11213719306735,128.606575425363,1.80117022137138,24.118567988108243,0.7931021,0,0.0,30.0,0,0.0,0,2048583.0,47793117240.9001,0,1,1,1
SVN,2011,1.71085960342006,1.71085960342006,24.65898963838591,10.551461895763945,0.655438128379743,140.332355750319,1.8028517194191,24.215784833330247,0.8262377,0,0.0,30.0,0,0.0,0,2052843.0,51199194599.3094,0,1,1,1
SVN,2012,0.072644638587861,0.072644638587861,24.55553226277311,10.51977281046203,-2.91553782040462,143.656448572975,2.59741386039003,24.18411670878876,0.8612844,0,0.0,30.0,0,0.0,0,2057159.0,46167053954.3367,0,1,1,1
SVN,2013,0.217315881641324,0.217315881641324,24.591693356507303,10.510143666117422,-0.823776417691676,145.168789432403,1.76920085881897,24.22169397391965,0.8307889,0,0.0,30.0,0,0.0,0,2059953.0,47867056858.8892,0,1,1,1
SVN,2014,2.05875310395561,2.05875310395561,24.62553071391736,10.53641370455424,2.76283327639742,146.471705096746,0.199343826570844,24.24621629170951,1.0300379,0,0.0,30.0,0,0.0,0,2061980.0,49514466379.6057,0,1,1,1
SVN,2015,4.05096848349793,4.05096848349793,24.477686472057425,10.559312953134846,2.39330621338168,147.218367714503,-0.525552285820783,24.13202708649282,1.0221829,0,0.0,30.0,0,0.0,0,2063531.0,42709468274.8137,0,1,1,1
SVN,2016,3.26541395278807,3.26541395278807,24.51404023961302,10.588473852415476,3.03441486663654,148.238448080388,-0.0549995416705683,24.14442052858628,1.2000081,0,0.0,30.0,0,0.0,0,2065042.0,44290685824.0682,0,1,1,1
SVN,2017,2.4842141360232,2.4842141360232,24.59765343476111,10.638272021214837,5.17440215579958,158.70213584467,1.42910743319306,24.20057891854312,1.2399184,0,0.0,30.0,0,0.0,0,2066388.0,48153200134.6613,0,1,1,1
SVN,2018,2.86489909951597,2.86489909951597,24.706475235611137,10.677505296778728,4.37908347331195,162.613493975851,1.7386086198818,24.270292697121185,1.3001457,0,0.0,30.0,0,0.0,0,2073894.0,53689067639.9176,0,1,1,1
SVN,2019,3.99098612082388,3.99098612082388,24.710580393197034,10.70499443849652,3.50525332381912,160.044275685249,1.63052260754335,24.26547250853377,1.2721351,0,0.0,30.0,0,0.0,0,2088385.0,53909922735.545,0,1,1,1
SVN,2020,0.948340847721794,0.948340847721794,24.7007911514535,10.656589078636433,-4.08500094942896,147.549008584942,-0.05485681576061,24.2382580577285,1.3704336,0,0.0,30.0,0,0.0,0,2102419.0,53384760135.1581,0,1,1,1
SVN,2021,3.60613978687237,3.60613978687237,24.8429664235527,10.734714027134231,8.41686457725321,161.788727511439,1.91706506089269,24.36719294792405,1.3440925,0,0.0,30.0,0,0.0,0,2108079.0,61540813361.8556,0,1,1,1
SVN,2022,3.64010857871706,3.64010857871706,24.815927613094605,10.75915500275801,2.66850555542486,186.647076274632,8.83369886749452,24.375234926676782,1.2580894,0,0.0,30.0,0,0.0,0,2112076.0,59899117741.0022,0,1,1,1
SVN,2023,2.09028809314832,2.09028809314832,24.96106499700747,10.778673324558742,2.3758326648385,160.1596693009,7.44687717385846,24.445305099189312,1.1624609,0,0.0,30.0,0,0.0,0,2120461.0,69255264238.3855,0,1,1,1
SVN,2024,2.5587649173879,2.5587649173879,25.01334185113561,10.79257205895993,1.73139722479493,155.657928684474,1.96562656432505,24.48929944225198,1.0893351,0,0.0,30.0,0,0.0,0,2127400.0,72972015197.3859,0,1,1,1
SWE,1996,1.88110680656542,1.88110680656542,26.399847012587784,10.621531060902718,1.70471985374236,66.506522070023,0.533131978766238,23.16248118707415,1.7578832,0,0.0,30.0,0,0.0,0,8840998.0,291949597375.485,0,1,1,0
SWE,1997,3.82892113248166,3.82892113248166,26.315183790276723,10.651148031090996,3.06499186399252,71.9948985844646,0.658410256243526,23.1246164515142,,0,0.0,30.0,0,0.0,0,8846062.0,268249616890.856,0,0,0,0
SWE,1998,8.61423402009942,8.61423402009942,26.32496872912048,10.692174600970706,4.24583179417877,74.3347541033848,-0.267132668354971,23.13807220612422,1.7775737,0,0.0,30.0,0,0.0,0,8850974.0,270887306758.576,0,1,1,0
SWE,1999,22.9333652251559,22.9333652251559,26.337555158870423,10.732548014559432,4.20111929805536,74.8479171666973,0.462175756339138,23.147487989863663,,0,0.0,30.0,0,0.0,0,8857874.0,274318357862.122,0,0,0,0
SWE,2000,8.67916615378573,8.67916615378573,26.29505311092711,10.77621310849888,4.63112136551369,81.4721590850121,0.899143734041715,23.12248374384972,1.9550059,0,0.0,30.0,0,0.0,0,8872109.0,262903560280.282,0,1,1,0
SWE,2001,7.51256723790645,7.51256723790645,26.214258464745697,10.787044709279382,1.36080642694121,80.5691828117714,2.40595834145436,23.12928877966933,,0,0.0,30.0,0,0.0,0,8895960.0,242497797484.776,0,0,0,0
SWE,2002,6.87493521047709,6.87493521047709,26.31190643793062,10.806312085894096,2.27772867861897,77.0853186972402,2.15848213589266,23.196668945900697,2.0265584,0,0.0,30.0,0,0.0,0,8924958.0,267371907446.776,0,1,1,0
SWE,2003,1.79831756030611,1.79831756030611,26.53462370315763,10.82122670786425,1.88102769675844,75.3282174864238,1.92565534892383,23.35634825555809,1.9819325,0,0.0,30.0,0,0.0,0,8958229.0,334072443515.576,0,1,1,0
SWE,2004,4.38300602347958,4.38300602347958,26.675327804019386,10.858239713039538,4.17958419343711,78.7358819187356,0.373659828721824,23.49219629394607,1.844262,0,0.0,30.0,0,0.0,0,8993531.0,384545442175.019,0,1,1,0
SWE,2005,5.30592267942897,5.30592267942897,26.693732605467268,10.881788697574374,2.79313782840156,84.167923018031,0.453170852576138,23.55857447252784,1.82866,0,0.0,30.0,0,0.0,0,9029572.0,391688455928.597,0,1,1,0
SWE,2006,5.21921287841886,5.21921287841886,26.769522487306386,10.92186425319439,4.67607488877992,88.3302608918239,1.36021468627693,23.636114946643875,1.8190325,0,0.0,30.0,0,0.0,0,9080505.0,422528394459.353,0,1,1,0
SWE,2007,9.41612400200535,9.41612400200535,26.917768752986067,10.946188336436965,3.22486814096095,89.5469236610223,2.21216883436733,23.775415352021408,1.9768861,0,0.0,30.0,0,0.0,0,9148092.0,490047789548.441,0,1,1,0
SWE,2008,8.05196630424181,8.05196630424181,26.966683137959528,10.929124000089452,-0.923113250067971,92.8083687095596,3.43704910602875,23.870655039734743,1.9772535,0,0.0,30.0,0,0.0,0,9219637.0,514614100832.941,0,1,1,0
SWE,2009,2.06323507354771,2.06323507354771,26.797028349281373,10.87711676610948,-4.25561384207619,81.958313967393,-0.494460544378051,23.77393017653617,2.0610008,0,0.0,30.0,0,0.0,0,9298515.0,434311714442.499,0,1,1,0
SWE,2010,0.126859666003955,0.126859666003955,26.92326960385926,10.92450638365636,5.75076477579255,85.0914849272733,1.15798802715626,23.81920637455054,1.9458769,0,0.0,30.0,0,0.0,0,9378126.0,492750897239.447,0,1,1,1
SWE,2011,1.22329216394859,1.22329216394859,27.06984663085844,10.948103543115325,3.16388567406926,86.3907448060188,2.9611507382214,23.921905585731896,1.9837783,0,0.0,30.0,0,0.0,0,9449213.0,570538581144.45,0,1,1,1
SWE,2012,0.777373680569339,0.777373680569339,27.03271068431336,10.936553323298794,-0.414397702454409,85.2980605424359,0.888377506923735,23.908658687568305,1.9998087,0,0.0,30.0,0,0.0,0,9519374.0,549739674655.127,0,1,1,1
SWE,2013,0.2546975094246,0.2546975094246,27.09338144249356,10.939392276350098,1.13766671801426,81.6402521329964,-0.044292970148682,23.94568642237776,1.9430235,0,0.0,30.0,0,0.0,0,9600379.0,584125353119.18,0,1,1,1
SWE,2014,-1.0454392642501,-1.0454392642501,27.08236860384354,10.952168239545166,2.29577238758284,83.8229810483527,-0.179638494114635,23.970540207263465,1.916558,0,0.0,30.0,0,0.0,0,9696110.0,577727767303.596,0,1,0,0
SWE,2015,1.94926707461038,1.94926707461038,26.941073515073107,10.98454059665667,4.38824673608589,84.1730765958171,-0.0467847449832812,23.862768942541784,1.8309837,0,0.0,30.0,0,0.0,0,9799186.0,501602351911.6,0,1,1,1
SWE,2016,3.01534061830454,3.01534061830454,26.96365534612685,10.993063927893743,2.13117914731151,83.4519478574149,0.984269244577992,23.870423119630587,1.8116503,0,0.0,30.0,0,0.0,0,9923085.0,513058312950.939,0,1,1,1
SWE,2017,4.54156677126576,4.54156677126576,27.00585469417384,10.99824263881614,1.88282184966646,86.0693088740521,1.79449904665599,23.930700229180943,1.8765903,0,0.0,30.0,0,0.0,0,10057698.0,535172356784.769,0,1,1,1
SWE,2018,-0.129928906336359,-0.129928906336359,27.03254635556237,11.004173875564218,1.7702553546772,90.4087142361701,1.95353530127028,24.00082541670646,1.9184315,0,0.0,30.0,0,0.0,0,10175214.0,549649344043.182,0,1,0,0
SWE,2019,2.9559286166832,2.9559286166832,26.99782844940834,11.019784612140429,2.60823012869524,92.7511390290561,1.78415097403835,24.000361162664923,1.8924006,0,0.0,30.0,0,0.0,0,10278887.0,530894124494.418,0,1,1,1
SWE,2020,3.36375559523307,3.36375559523307,27.02270332571728,10.993030178024249,-1.93379704032216,84.4745958141618,0.497367318853572,23.97378555606459,1.980777,0,0.0,30.0,0,0.0,0,10353442.0,544265668451.678,0,1,1,1
SWE,2021,9.17868162234424,9.17868162234424,27.17166987804495,11.037963205185518,5.2258643028773,91.1102374413042,2.16319736447143,24.109674570113743,1.9668155,0,0.0,30.0,0,0.0,0,10415811.0,631693331300.776,0,1,1,1
SWE,2022,9.35228228785513,9.35228228785513,27.077759761619262,11.043633585968012,1.25543620445816,107.111751826512,8.36929098869189,24.13249126679161,1.9149251,0,0.0,30.0,0,0.0,0,10486941.0,575071237640.921,0,1,1,1
SWE,2023,3.22512369002956,3.22512369002956,27.08455262397501,11.036863709398858,-0.204061304891439,107.619709443974,8.5486248974891,24.183084828987315,1.6930218,0,0.0,30.0,0,0.0,0,10536632.0,578990915246.07,0,1,1,1
SWE,2024,5.0794723229992,5.0794723229992,27.12820895425259,11.04385590474783,1.01779633304398,105.967492313344,2.83581658224034,24.2276041817899,1.7746948,0,0.0,30.0,0,0.0,0,10569709.0,604827393488.582,0,1,1,1
SWZ,1996,1.35491846029588,1.35491846029588,21.194981645641946,8.665035883533015,3.84205383650107,,6.42521330315218,21.91944704606531,-0.2734013,0,0.0,30.0,0,0.0,0,989841.0,1602741833.70552,0,0,0,0
SWZ,1997,-0.892048929076706,-0.892048929076706,21.263677876237576,8.678768256522527,3.10280518683581,,7.12532722513057,21.914851535333742,,0,0.0,30.0,0,0.0,0,1006635.0,1716714070.12471,0,0,0,0
SWZ,1998,9.68479827643606,9.68479827643606,21.17873234766212,8.691626086374928,2.60403956171793,,8.10996563573863,21.901254591500223,-0.282528799999999,0,0.0,30.0,0,0.0,0,1019653.0,1576908856.34674,0,0,0,0
SWZ,1999,6.34868014150224,6.34868014150224,21.16015757850168,8.709852472551605,2.95087537020716,,6.08886063431493,21.91497187230944,,0,0.0,30.0,0,0.0,0,1030782.0,1547888495.98428,0,0,0,0
SWZ,2000,5.34174285106622,5.34174285106622,21.252223020726305,8.717039421402692,1.76017328388222,,12.2085358545844,21.938067111372668,-0.2793718,0,0.0,30.0,0,0.0,0,1041414.0,1697161557.89452,0,0,0,0
SWZ,2001,1.95160425482532,1.95160425482532,21.130642773599323,8.721839192975391,1.41221393287066,,5.94210982281648,21.92462281563699,,0,0.0,30.0,0,0.0,0,1051064.0,1502870485.88122,0,0,0,0
SWZ,2002,6.66778898222294,6.66778898222294,21.055403715688776,8.753973500989149,4.0886479398829,,12.0197154699232,21.96210713301005,-0.2791206,0,0.0,30.0,0,0.0,0,1059441.0,1393945030.65105,0,0,0,0
SWZ,2003,-2.8000452332194,-2.8000452332194,21.488562703203943,8.791531864651919,4.53865525672528,,7.28999999999999,22.11075124428846,-0.8082803,0,0.0,30.0,0,0.0,0,1066700.0,2149632433.27703,0,0,0,0
SWZ,2004,2.56728759984033,2.56728759984033,21.72033689432558,8.82102737454518,3.61711931922247,,3.44533507316614,22.25110554819633,-1.1297751,0,0.0,30.0,0,0.0,0,1073159.0,2710331785.24986,0,0,0,0
SWZ,2005,-1.48002383468155,-1.48002383468155,21.85400526796592,8.873775037122,5.99228289096037,,4.77400404553712,22.340661263687444,-1.08424759999999,0,0.0,30.0,0,0.0,0,1079022.0,3097946371.06311,0,0,0,0
SWZ,2006,3.764215946629,3.764215946629,21.89118896011182,8.933891016505244,6.72880946564094,,5.30463946338728,22.42707270186377,-0.5609934,0,0.0,30.0,0,0.0,0,1084436.0,3215307900.74767,0,0,0,0
SWZ,2007,1.10564693422697,1.10564693422697,21.944426938647315,8.970397846535233,4.31772144872362,,8.07608827861589,22.55644512260538,-0.5904897,0,0.0,30.0,0,0.0,0,1090705.0,3391122887.17476,0,0,0,0
SWZ,2008,3.26736558419805,3.26736558419805,21.897579475682004,8.977951667049883,1.44055358727118,,12.6574601863915,22.65022309434758,-0.3147488,0,0.0,30.0,0,0.0,0,1098091.0,3235921170.5095,0,0,0,0
SWZ,2009,1.86388312281576,1.86388312281576,21.98320683944205,8.985770491444535,1.43311134247756,,7.44823423445754,22.598865915251725,-0.3984928,0,0.0,30.0,0,0.0,0,1105153.0,3525213502.43118,0,0,0,0
SWZ,2010,3.11096766561026,3.11096766561026,22.19590172466787,9.017440040738393,3.82443487429767,,4.50923691774369,22.70672255096712,-0.255726499999999,0,0.0,30.0,0,0.0,0,1111650.0,4360714358.88708,0,0,0,0
SWZ,2011,2.08998856482498,2.08998856482498,22.27569140548133,9.030123627628994,1.83973625916165,,6.10742714590251,22.8189643073784,-0.3542781,0,0.0,30.0,0,0.0,0,1117833.0,4722912047.32265,0,0,0,0
SWZ,2012,0.557730516305156,0.557730516305156,22.280949942080547,9.064834112588754,4.09048190124592,,8.93964682788212,22.83211073544272,-0.1872129,0,0.0,30.0,0,0.0,0,1123863.0,4747813067.26006,0,0,0,0
SWZ,2013,1.83246466722921,1.83246466722921,22.219175793921,9.099526960496704,4.09458522119226,85.2034551274939,5.62130623468948,22.85385254230686,-0.207609699999999,0,0.0,30.0,0,0.0,0,1129990.0,4463396204.01995,0,1,0,0
SWZ,2014,0.601685882709023,0.601685882709023,22.178401713273526,9.114324289439836,2.05738179246586,91.6200186943398,5.68134885776447,22.874444882334192,-0.2740835,0,0.0,30.0,0,0.0,0,1136299.0,4285065665.03168,0,1,0,0
SWZ,2015,0.805945191942897,0.805945191942897,22.08634733063128,9.125506997474975,1.70425806017289,88.2620944023684,4.95124493704919,22.800640471504902,-0.2900182,0,0.0,30.0,0,0.0,0,1142813.0,3908217914.21824,0,1,0,0
SWZ,2016,0.721382841978235,0.721382841978235,22.037609237009857,9.148731777452506,2.94916821059911,89.3584874439935,7.8472745908568,22.80687254644072,-0.248355699999999,0,0.0,30.0,0,0.0,0,1149507.0,3722306116.72872,0,1,0,0
SWZ,2017,-1.2917821060433,-1.2917821060433,22.219006502097137,9.175806028617744,3.52095345987983,86.8801420302976,6.22137528933118,22.882898902892823,-0.2875028,0,0.0,30.0,0,0.0,0,1158195.0,4462640651.49219,0,1,0,0
SWZ,2018,0.670381040235302,0.670381040235302,22.258788294539503,9.16723458522179,0.0653956557843571,85.4927768173538,4.81506167461513,22.941655083583537,-0.4508541,0,0.0,30.0,0,0.0,0,1168929.0,4643751059.28203,0,1,0,0
SWZ,2019,2.7717218211659,2.7717218211659,22.25301508674199,9.220249742766796,6.43186888691574,86.6407948477595,2.59801620311077,22.953529685454534,-0.4962233,0,0.0,30.0,0,0.0,0,1179874.0,4617018958.69086,0,1,0,0
SWZ,2020,0.938105324268348,0.938105324268348,22.14267524449053,9.179450657464203,-2.95183453409287,84.0140188426878,,22.911099978037928,-0.6235547,0,0.0,30.0,0,0.0,0,1192729.0,4134677809.50096,0,0,0,0
SWZ,2021,2.34790226144325,2.34790226144325,22.293353437487514,9.209383406181647,4.23621913615419,89.9313874866569,,23.05244764655283,-0.723303399999999,0,0.0,30.0,0,0.0,0,1206593.0,4807069277.20114,0,0,0,0
SWZ,2022,0.281255609924273,0.281255609924273,22.28070710738797,9.20307460712719,0.386070835562705,92.5715871298334,,23.092405316984635,-0.6320655,0,0.0,30.0,0,0.0,0,1218917.0,4746660273.50829,0,0,0,0
SWZ,2023,0.608772714416035,0.608772714416035,22.253918357686327,9.228328027033676,3.53257662836211,99.7246110815617,,23.124752990359656,-0.717774199999999,0,0.0,30.0,0,0.0,0,1230506.0,4621191261.84214,0,0,0,0
SWZ,2024,1.55448906259813,1.55448906259813,22.30407499770693,9.248234683901735,3.03162462475916,107.480621053879,,23.163482791944794,-0.7811414,0,0.0,30.0,0,0.0,0,1242822.0,4858885840.77236,0,0,0,0
SYR,1996,0.645415766215005,0.645415766215005,23.34717768475248,9.001145813617565,9.82556940470964,69.9141790558683,8.2498900991551,22.687164472092565,-1.0785486,0,0.0,30.0,0,0.0,0,15018104.0,13789560878.2435,0,1,1,0
SYR,1997,0.551525076820522,0.551525076820522,23.397775349739096,9.02391311631346,5.0238045081104,66.2229786914424,1.88611136179086,22.672502332950884,,0,0.0,30.0,0,0.0,0,15417542.0,14505233463.035,0,0,0,0
SYR,1998,0.539443654452434,0.539443654452434,23.44461693126544,9.063768133160696,6.78530452433867,61.424844770787,-0.797165633303916,22.67569339124807,-1.3532658,0,0.0,30.0,0,0.0,0,15820413.0,15200846153.8462,0,1,1,0
SYR,1999,1.65681022400414,1.65681022400414,23.48794057411552,9.002146081313382,-3.55344987109004,64.3084049166638,-3.70370370370365,22.68949960104472,,0,0.0,30.0,0,0.0,0,16228061.0,15873875968.9922,0,0,0,0
SYR,2000,1.42577783869948,1.42577783869948,23.66438518643405,8.98393918486416,0.675642589410501,65.2850582895397,-3.84615384615379,22.70199332507877,-1.1141214,0,0.0,30.0,0,0.0,0,16637888.0,18937031609.7969,0,1,1,0
SYR,2001,0.547846971645817,0.547846971645817,23.72292038959762,8.996625245449849,3.79340343988601,67.899683665793,2.99999999999995,22.69186707787899,,0,0.0,30.0,0,0.0,0,17051338.0,20078599626.0129,0,0,0,0
SYR,2002,0.553230741540677,0.553230741540677,23.75759298265945,9.048114749126077,7.85855098148016,71.2388878454941,-0.130505282417402,22.74616691590744,-1.25801119999999,0,0.0,30.0,0,0.0,0,17468332.0,20786986579.9105,0,1,1,0
SYR,2003,0.732998623113997,0.732998623113997,23.80646601470909,9.030192279995058,0.590781711933914,61.5469905405418,5.79682944905841,22.89299409972127,-1.46452119999999,0,0.0,30.0,0,0.0,0,17889296.0,21828144686.0394,0,1,1,0
SYR,2004,1.09618918826235,1.09618918826235,23.945612050962023,9.0722280950675,6.9025333036284,78.1150532903158,4.43314136719839,23.03308403236776,-1.2334155,0,0.0,30.0,0,0.0,0,18336875.0,25086910447.9968,0,1,1,0
SYR,2005,1.73256551809714,1.73256551809714,24.085685573924195,9.106835949513576,6.21550444795768,80.1330802847908,7.24034939348535,23.12089715397384,-1.2776173,0,0.0,30.0,0,0.0,0,18814091.0,28858937499.1801,0,1,1,0
SYR,2006,1.95248771023816,1.95248771023816,24.24229997011524,9.113253587909618,5.04600280095076,74.2051735962788,10.0241105377571,23.21175412856432,-1.02229559999999,0,0.0,30.0,0,0.0,0,19637022.0,33751812958.6391,0,1,1,0
SYR,2007,3.06919301979067,3.06919301979067,24.423711420271047,9.10687663219394,5.6747382107833,76.3793296606986,3.90770950443607,23.358879814648564,-0.959600799999999,0,0.0,30.0,0,0.0,0,20884125.0,40465331020.308,0,1,1,0
SYR,2008,2.78858746768108,2.78858746768108,24.685181510895298,9.11527441492766,4.47662154277957,74.2279603412154,15.7453252219709,23.47619957614577,-0.7743568,0,0.0,30.0,0,0.0,0,21636564.0,52557913397.4638,0,1,1,0
SYR,2009,4.74859831098406,4.74859831098406,24.71431665448609,9.157105191131985,5.91229460524147,59.9438413962102,2.92089711805367,23.39533800731728,-0.714746099999999,0,0.0,30.0,0,0.0,0,21976969.0,54111721043.8087,0,1,1,0
SYR,2010,2.39318605915641,2.39318605915641,24.840526365720457,9.184978917110998,5.19150915015936,64.0101621944449,4.3974138315007,23.478891424008697,-0.6941611,0,0.0,30.0,0,0.0,0,22482421.0,61390833272.6687,0,1,1,1
SYR,2011,1.19065647696386,1.19065647696386,24.93597746490253,9.195636173342349,2.8502205980333,50.6960903036998,4.7531638888563,23.59370131820284,-0.6889793,0,0.0,30.0,0,0.0,0,22878098.0,67539433544.3077,0,1,1,1
SYR,2012,,,24.48888218746132,8.895126605840053,-26.338904668983,35.3686903315942,36.7022953364139,23.607014238986533,-0.9278318,0,0.0,30.0,0,0.0,0,22759763.0,43190318032.5627,0,0,0,0
SYR,2013,,,23.784844586903944,8.639163382955767,-26.3002577493205,44.705254783599,40.0318378290723,23.6424649158636,-1.1353579,0,0.0,30.0,0,0.0,0,21666917.0,21361254634.9336,0,0,0,0
SYR,2014,,,23.79141464962628,8.59681275053796,-10.3103412087823,54.2644225207985,10.9271141804297,23.66180868733844,-1.0163507,0,0.0,30.0,0,0.0,0,20273659.0,21502061466.067,0,0,0,0
SYR,2015,,,23.5246158004401,8.596898436450077,-4.17969204561759,51.0862130409438,38.4611429599733,23.57223231675199,-1.2458592,0,0.0,30.0,0,0.0,0,19424618.0,16466861435.0236,0,0,0,0
SYR,2016,,,23.256792325951768,8.542650044314811,-6.40568496867387,67.1119407366416,47.7051615298923,23.586601229550084,-1.4709651,0,0.0,30.0,0,0.0,0,19193834.0,12597854088.3602,0,0,0,0
SYR,2017,,,23.51870662079838,8.533785128563375,-0.723346297115341,61.0508545098696,18.0752696281771,23.64406614321884,-1.4708561,0,0.0,30.0,0,0.0,0,19224668.0,16369842725.4718,0,0,0,0
SYR,2018,,,23.791215475953702,8.529416974481869,1.39323324059961,50.6591076441391,0.940983843906769,23.702432718286577,-1.4702578,0,0.0,30.0,0,0.0,0,19577845.0,21497779247.9835,0,0,0,0
SYR,2019,,,23.84046531325742,8.502694360334258,1.22072818348491,41.9994681765976,13.4175653228571,23.71282795136973,-1.58916449999999,0,0.0,30.0,0,0.0,0,20353534.0,22583046644.6891,0,0,0,0
SYR,2020,,,23.24911476787934,8.478579325169923,0.954914586675713,43.1916195452227,,23.67493869969852,-1.4732889,0,0.0,30.0,0,0.0,0,21049429.0,12501503673.2425,0,0,0,0
SYR,2021,,,23.42414945453444,8.469163851597719,1.7896919997567,59.002012246256,,23.81527151332526,-1.5265647,0,0.0,30.0,0,0.0,0,21628839.0,14892885528.1402,0,0,0,0
SYR,2022,,,23.890327585291978,8.42933194131403,-0.20247264200475,35.4372421451582,,23.863346148659108,-1.61489209999999,0,0.0,30.0,0,0.0,0,22462173.0,23737634644.3994,0,0,0,0
SYR,2023,,,,,,,,23.905424475202672,-1.6144064,0,0.0,30.0,0,0.0,0,23594623.0,,0,0,0,0
SYR,2024,,,,,,,,23.955468414529264,-1.6726478,0,0.0,30.0,0,0.0,0,24672760.0,,0,0,0,0
TCD,1996,2.45536342628588,2.45536342628588,21.19784980775816,7.349818385026244,2.21447303497622,46.6100331929446,11.3308789057282,22.307993123604096,-0.7897088,0,0.0,2.0,0,0.0,0,7410108.0,1607345355.78298,0,1,1,0
TCD,1997,2.86749782361545,2.86749782361545,21.158088806026004,7.370292733186229,5.65339232904813,49.313101141288,5.5722571112533,22.29374684682705,,0,4.584967478670572,0.0,1,97.0,1,7670366.0,1544689576.92712,0,0,0,0
TCD,1998,1.24350917038373,1.24350917038373,21.27990263851277,7.403095918824988,6.95157991370925,48.0589828951249,4.2588511022514,22.30054338336793,-0.798836299999999,0,3.555348061489413,0.0,1,34.0,1,7938840.0,1744794531.21401,0,1,1,0
TCD,1999,1.5980577412484,1.5980577412484,21.15158354602311,7.361111934216371,-0.68285022143975,50.5078677642823,-8.02505962727454,22.29462973860113,,0,5.978885764901122,0.0,1,394.0,1,8222705.0,1534673583.2487,0,0,0,0
TCD,2000,8.29469631381898,8.29469631381898,21.05149474160781,7.317687575690464,-0.879681024156014,51.5711720135652,3.82260088086306,22.303426358266115,-0.7956793,1,6.897704943128636,0.0,1,989.0,2,8512093.0,1388506771.58756,0,1,1,0
TCD,2001,26.8795142899677,26.8795142899677,21.260252288801063,7.39422683408571,11.6581346550771,64.3219080406854,12.4312865279941,22.30284908100676,,0,5.424950017481403,0.0,1,226.0,1,8804124.0,1710843377.00119,0,0,0,0
TCD,2002,46.275241273497,30.0341103550906,21.41491475007193,7.440893877350922,8.4912098197177,126.350807849912,5.19181895195446,22.3571346799199,-1.2017311,0,5.68697535633982,0.0,1,294.0,1,9116192.0,1997005708.81576,0,1,1,0
TCD,2003,25.9829201533053,25.9829201533053,21.7322506283187,7.538274531359226,14.7216670123589,83.3789149599315,-1.75256941248655,22.49999854023504,-1.60856199999999,0,3.6375861597263857,0.0,1,37.0,1,9487833.0,2742815071.5744,0,1,1,0
TCD,2004,10.5541199124918,10.5541199124918,22.210051401527988,7.783628122083505,33.6293718498522,101.768590921564,-5.35540028884816,22.634810171316783,-1.2722611,0,8.224163512637862,1.0,0,3729.0,0,9920036.0,4422855660.82592,0,1,1,0
TCD,2005,-1.1476866334562,-1.1476866334562,22.88150612747248,7.903158997239897,17.3325337352162,77.577493649797,7.89036567462993,22.71794461921731,-1.3765091,0,4.61512051684126,0.0,1,100.0,1,10328092.0,8655892392.92919,0,1,0,0
TCD,2006,-2.86740171976294,-2.86740171976294,22.99638366291086,7.861739540979967,-0.54282957080251,77.0815766029615,8.03628897951331,22.808067895258407,-1.44843869999999,1,7.131698510466912,0.0,1,1250.0,2,10706424.0,9709626596.13031,0,1,0,0
TCD,2007,-2.96036446114529,-2.96036446114529,23.10884789701389,7.868435601492209,4.20017418353298,75.1059962731949,-8.9747396200927,22.94376540795377,-1.4351661,0,4.248495242049359,0.0,1,69.0,1,11081660.0,10865385131.5172,0,1,0,0
TCD,2008,3.48233332294757,3.48233332294757,23.31744489024733,7.863790147783611,3.08119033854541,69.0677746090641,10.2969758221254,23.04848484469089,-1.48225309999999,0,6.899723107284872,0.0,1,991.0,1,11476296.0,13385593990.3378,0,1,1,0
TCD,2009,3.04360891943899,3.04360891943899,23.234296111822704,7.813877519952167,-1.40828262637592,64.8597511917067,9.95242290748864,22.97436451025282,-1.3361595,0,6.184148890937483,0.0,1,484.0,1,11893754.0,12317614053.6841,0,1,1,0
TCD,2010,2.22641001271938,2.22641001271938,23.36649350600423,7.90743280765098,13.6738272725339,63.7311691270791,-2.07786574641866,23.053344661987268,-1.2969073,0,3.7612001156935615,0.0,1,42.0,1,12312575.0,14058506663.7252,0,1,1,1
TCD,2011,1.68950609671276,1.68950609671276,23.537796906316764,7.916103938360012,4.49542967058827,57.5437561870898,2.0292405367826,23.160652293348114,-1.2335999,0,0.0,1.0,0,0.0,0,12754997.0,16685349673.9957,0,1,1,1
TCD,2012,3.24047414068829,3.24047414068829,23.60763229741228,7.967721934260775,9.06180392253447,54.3851887421013,7.51662364663833,23.169788168627697,-1.31857119999999,0,0.0,2.0,0,0.0,0,13210998.0,17892228569.8861,0,1,1,1
TCD,2013,2.91179134022524,2.91179134022524,23.60612706609439,7.960013987523235,2.83821524730293,51.5308164549816,0.222671564624551,23.20378326854074,-1.2533334,0,0.0,3.0,0,0.0,0,13691079.0,17865316886.3315,0,1,1,1
TCD,2014,-3.72317778039931,-3.72317778039931,23.621624332645947,7.94473254307659,2.06283074361411,40.8116269859319,1.6819731392567,23.23028766716885,-1.2514726,0,0.0,4.0,0,0.0,0,14188678.0,18144336903.7175,0,1,0,0
TCD,2015,3.84380092336452,3.84380092336452,23.40151637243424,7.945406390934781,3.30415979779805,48.5114982079885,4.37712665065654,23.143903930252343,-1.232359,0,7.998335395952982,0.0,1,2975.0,1,14647621.0,14559599499.5011,0,1,1,1
TCD,2016,1.87837153237555,1.87837153237555,23.29023544738188,7.871920635454868,-4.12250332637034,43.9580149331537,-0.792440525236102,23.14968277848461,-1.18726929999999,0,0.0,1.0,0,0.0,0,15114655.0,13026289835.7789,0,1,1,1
TCD,2017,2.72215531343515,2.72215531343515,23.31471041462397,7.822549746583636,-1.61746922820204,43.2900613852468,-1.5370996298084,23.208870224239323,-1.10043,0,4.060443010546419,0.0,1,57.0,1,15622759.0,13349041408.7152,0,1,1,1
TCD,2018,3.00704966736056,3.00704966736056,23.452881832200543,7.844777760845867,5.74111580758154,46.7384317860183,4.27462198610545,23.27233921675528,-1.178056,0,5.017279836814924,0.0,1,150.0,1,16156531.0,15327000248.8701,0,1,1,1
TCD,2019,3.80153819394825,3.80153819394825,23.42499729965869,7.865008105623319,5.38282202874814,46.6777247152768,-0.971939175419401,23.29365834756853,-1.26227,0,4.976733742420574,0.0,1,144.0,1,16685223.0,14905517742.8454,0,1,1,1
TCD,2020,3.73465690769548,3.73465690769548,23.426832523517632,7.829244167914896,-0.393646582380399,40.6428170621932,4.46414437232861,23.256242211717822,-1.2291822,0,5.2832037287379885,0.0,1,196.0,1,17224679.0,14932897821.2387,0,1,1,1
TCD,2021,4.17913326043699,4.17913326043699,23.548917587464658,7.797731910434287,0.293442648033434,43.9465041015895,-0.77284437035914,23.38893829467585,-1.24045919999999,0,6.18826412308259,0.0,1,486.0,1,17828273.0,16871937697.5854,0,1,1,1
TCD,2022,3.44402627536712,3.44402627536712,23.60406460237171,7.803632061033936,4.12969897668356,47.9883784319429,5.78802687843616,23.429880825253964,-1.1754288,0,3.58351893845611,0.0,1,35.0,1,18455316.0,17828508289.6049,0,1,1,1
TCD,2023,4.97649325238016,4.97649325238016,23.63305550632692,7.797099517130136,3.99861309461539,46.8626488759728,10.8363568399843,23.46775558411548,-1.2154601,0,4.127134385045092,0.0,1,61.0,1,19319064.0,18352937976.2179,0,1,1,1
TCD,2024,5.12132130084841,5.12132130084841,23.71432253148436,7.795948130172703,4.95210484607125,44.5559353847423,8.89950732263754,23.50115674783951,-1.1005006,0,5.407171771460119,1.0,0,222.0,0,20299123.0,19906706689.7582,0,1,1,1
TGO,1996,0.108911179677093,0.108911179677093,21.450575775390245,7.731115540147392,8.83621162979911,59.4098688003353,4.68749999999996,22.299211306283485,-0.9700687,0,0.0,30.0,0,0.0,0,4291136.0,2069506014.46659,0,1,1,0
TGO,1997,0.579188299254937,0.579188299254937,21.47318014898012,7.831617446881682,14.3773775724317,53.2069014922318,8.25082508250802,22.291288899655605,,0,0.0,30.0,0,0.0,0,4438794.0,2116818622.95834,0,0,0,0
TGO,1998,0.495891967675325,0.495891967675325,21.53047808890622,7.783246292149217,-2.29987657013699,55.737924512227,0.975338381088674,22.305102300270704,-1.3597903,0,0.0,30.0,0,0.0,0,4551635.0,2241650112.33333,0,1,1,0
TGO,1999,0.677685876867208,0.677685876867208,21.523731357136764,7.782997912824527,2.48175143834959,50.108899621779,-0.0532136248823534,22.26533622757212,,0,0.0,30.0,0,0.0,0,4665754.0,2226577203.91399,0,0,0,0
TGO,2000,2.50698256954936,2.50698256954936,21.46845918574508,7.750162809250707,-0.783479610048047,48.8080041114183,1.86260595463067,22.27469241015151,-1.3577285,0,0.0,30.0,0,0.0,0,4783722.0,2106848752.27753,0,1,1,0
TGO,2001,3.46872208576776,3.46872208576776,21.462102510271507,7.7335018217767955,0.823438752111855,51.3941520650307,3.91959133653146,22.276798090347373,,0,0.0,30.0,0,0.0,0,4904144.0,2093498674.49678,0,0,0,0
TGO,2002,2.39840389095673,2.39840389095673,21.602975167109896,7.746285370437365,3.82662257675142,51.609565282441,3.05981857535884,22.33289737431093,-1.6490728,0,0.0,30.0,0,0.0,0,5027130.0,2410199032.43102,0,1,1,0
TGO,2003,1.53192291487705,1.53192291487705,21.817864766516383,7.786379774947635,6.72017142336034,55.389978417259,-0.930000884072214,22.47180809953683,-1.65576179999999,0,0.0,30.0,0,0.0,0,5154112.0,2987984050.99318,0,1,1,0
TGO,2004,2.50559738999836,2.50559738999836,21.88377613513357,7.752163693781783,-0.978665332738743,57.8710938708872,0.393078681031669,22.606625304899985,-1.5516729,0,0.0,30.0,0,0.0,0,5281320.0,3191561508.69088,0,1,1,0
TGO,2005,2.97971035930976,2.97971035930976,21.893240315127493,7.67972103158752,-4.66629938413338,61.4542800128481,6.78292893028314,22.69328457842249,-1.7107333,0,0.0,30.0,0,0.0,0,5413154.0,3221910408.46516,0,1,1,0
TGO,2006,2.75216144371014,2.75216144371014,21.923503992669243,7.677374464433222,2.65013209943473,61.6128604620733,2.22897779414027,22.791029212710864,-1.5805805,0,0.0,30.0,0,0.0,0,5569664.0,3320907721.74508,0,1,1,0
TGO,2007,1.65977178667302,1.65977178667302,22.04767491484855,7.633959195780913,-1.1751368996605,61.7740721086659,0.945673271705214,22.92434728132245,-1.5533698,0,0.0,30.0,0,0.0,0,5748443.0,3759962853.26476,0,1,1,0
TGO,2008,1.11146694137374,1.11146694137374,22.24471308126877,7.641392566449009,4.03561315398862,62.3076674472105,8.69482814363902,23.02914530062566,-1.50080219999999,0,0.0,30.0,0,0.0,0,5936138.0,4578847112.70688,0,1,1,0
TGO,2009,0.980635149082811,0.980635149082811,22.275474614861665,7.662205119321592,5.45381096920332,62.210419994299,3.71360592035809,22.954663129276323,-1.4472257,0,0.0,30.0,0,0.0,0,6130946.0,4721888275.26937,0,1,1,0
TGO,2010,2.63493273204289,2.63493273204289,22.28064951149109,7.687813323931498,5.85433399076879,66.7974885937104,1.44594517430864,23.037915410063075,-1.3557662,0,0.0,30.0,0,0.0,0,6325788.0,4746386893.22553,0,1,1,1
TGO,2011,13.4388023170829,13.4388023170829,22.41381157923011,7.717156346747474,5.82325622135289,77.732312664143,3.5635147290396,23.14399229824245,-1.3539094,0,0.0,30.0,0,0.0,0,6500582.0,5422439152.10906,0,1,1,1
TGO,2012,2.24458540176674,2.24458540176674,22.412169364257075,7.754992895002768,6.30271426865185,75.7132085684163,2.57718174055848,23.156247233486926,-1.2258191,0,0.0,30.0,0,0.0,0,6653718.0,5413541649.14901,0,1,1,1
TGO,2013,3.04894540679557,3.04894540679557,22.518640368924743,7.790025024880972,5.82425069283059,82.1477877564195,1.82539475909162,23.19882231270437,-1.25800769999999,0,0.0,30.0,0,0.0,0,6798848.0,6021729629.82454,0,1,1,1
TGO,2014,0.844950465027458,0.844950465027458,22.57851870446364,7.824618859119059,5.63323739145223,70.9156517502517,0.19087507624975,23.226933106306685,-1.0881788,0,0.0,30.0,0,0.0,0,6937644.0,6393314707.85456,0,1,1,1
TGO,2015,4.48026975109969,4.48026975109969,22.47341443043358,7.858745986164907,5.4680413807304,69.1281378813376,2.58500390801595,23.137480314406936,-1.08847729999999,0,0.0,30.0,0,0.0,0,7071502.0,5755457836.01866,0,1,1,1
TGO,2016,-0.76275824996834,-0.76275824996834,22.526816776764967,7.881900058730393,4.21490387414525,66.4450409805081,1.28544847051417,23.13630332943221,-0.9579705,0,0.0,30.0,0,0.0,0,7200884.0,6071167584.1951,0,1,0,0
TGO,2017,1.38645400988561,1.38645400988561,22.57759693172176,7.904191319039186,4.00791259566937,58.2088602526732,-0.981889868943119,23.19179751358717,-0.9832841,0,0.0,30.0,0,0.0,0,7324386.0,6387424239.8801,0,1,1,1
TGO,2018,-2.57457902571647,-2.57457902571647,22.673340981277907,7.9329233694412915,4.79518333086139,57.5737388499452,0.927755426457183,23.25652092024297,-0.940523999999999,0,0.0,30.0,0,0.0,0,7458206.0,7029215766.46367,0,1,0,0
TGO,2019,4.94352054229764,4.94352054229764,22.66816725726223,7.959494878012121,4.91949260488683,56.3398500747576,0.674652770077525,23.29613138795175,-0.832004499999999,0,0.0,30.0,0,0.0,0,7619925.0,6992942458.99419,0,1,1,1
TGO,2020,-0.79089727996859,-0.79089727996859,22.73630466253903,7.959030633871632,2.15900131150536,55.0659513954403,1.69928463299399,23.25645459951137,-0.882900199999999,0,0.0,30.0,0,0.0,0,7788054.0,7486031561.86885,0,1,0,0
TGO,2021,-1.59478801736582,-1.59478801736582,22.868222158372408,7.990271146108684,5.13562929064506,56.3775580757321,4.1862150652352,23.381931934948536,-0.877012599999999,0,0.0,30.0,0,0.0,0,7936176.0,8541668141.26198,0,1,0,0
TGO,2022,-2.00429827129667,-2.00429827129667,22.88041502748752,8.034763489290796,6.29443692019429,61.575092396894,7.96757361617945,23.421419886976448,-0.9684392,0,3.555348061489413,0.0,1,34.0,1,8068616.0,8646453099.4124,0,1,0,0
TGO,2023,0.820060116117922,0.820060116117922,22.997790963286302,8.075838591540744,6.19762969378132,59.9291777017427,5.48928568141131,23.451891763927144,-0.917685499999999,0,3.4011973816621555,0.0,1,29.0,1,8223850.0,9723300576.72675,0,1,1,1
TGO,2024,0.786914262545951,0.786914262545951,23.088209608093624,8.117088668996463,6.52651376797853,,2.86262074089801,23.4692983421434,-0.8014589,0,3.8501476017100575,0.0,1,46.0,1,8406558.0,10643440332.2445,0,0,0,0
THA,1996,1.27616818910847,1.27616818910847,25.93294452551001,9.43009274639414,5.65194446499471,84.2741479979753,5.80510554737349,22.222335914301272,0.4056814,0,0.0,30.0,0,0.0,0,59920064.0,183035237429.281,0,1,1,0
THA,1997,2.59338342691776,2.59338342691776,25.7351034517369,9.388833562718876,-2.75357515314082,95.0517906464755,5.62579747129106,22.20913213488462,,0,0.0,30.0,0,0.0,0,60724584.0,150180456565.728,0,0,0,0
THA,1998,6.43480671140772,6.43480671140772,25.456614586590817,9.296365489971087,-7.63403528600102,100.240473732828,7.99472875027457,22.167582541466142,0.0924345999999999,0,5.5093883366279774,30.0,0,246.0,0,61522630.0,113675596787.738,0,1,1,0
THA,1999,4.81780662046842,4.81780662046842,25.564844893788504,9.328533086399052,4.57230775115542,100.706288704433,0.284726459223048,22.22141707729576,,0,0.0,30.0,0,0.0,0,62299043.0,126669211778.94,0,0,0,0
THA,2000,2.66312868727133,2.66312868727133,25.562655799787443,9.36080892033124,4.45524704335014,121.297955351472,1.59196917460972,22.268946361605064,0.2796884,0,4.74493212836325,30.0,0,114.0,0,63007815.0,126392224253.794,0,1,1,0
THA,2001,4.21223509530842,4.21223509530842,25.513225167564546,9.38451306032544,3.44424900968372,120.267966273533,1.62690887314091,22.25152532040203,,0,5.0369526024136295,30.0,0,153.0,0,63651141.0,120296476180.402,0,0,0,0
THA,2002,2.48815301889834,2.48815301889834,25.623348674630307,9.434566712598665,6.14903605210036,114.969743021067,0.697308976625449,22.29244268535853,0.1054802,0,5.220355825078324,30.0,0,184.0,0,64266437.0,134300904400.022,0,1,1,0
THA,2003,3.43593984811892,3.43593984811892,25.74899080868033,9.494672952847369,7.18924330340971,116.692819704865,1.80434994635718,22.4107758886414,0.1883012,0,3.295836866004329,0.0,1,26.0,1,64868166.0,152280615245.887,0,1,1,0
THA,2004,3.38947495269123,3.38947495269123,25.875954273596424,9.546707012366024,6.28934214285795,127.411873720393,2.75914926231082,22.535088297953667,0.1673729,0,5.10594547390058,0.0,1,164.0,1,65452047.0,172895685154.658,0,1,1,0
THA,2005,4.33958708070528,4.33958708070528,25.96669613538138,9.57912943659461,4.18763842884337,137.853866832247,4.54036919634536,22.620876524739938,0.2466566,0,5.484796933490655,0.0,1,240.0,1,66017420.0,189318408468.595,0,1,1,0
THA,2006,4.0212567065949,4.0212567065949,26.12485386903324,9.619312357801398,4.96781089246107,134.086946191268,4.63747436011764,22.710219474439462,0.1709682,0,5.3612921657094255,0.0,1,212.0,1,66567687.0,221758296021.621,0,1,1,0
THA,2007,3.28356939351343,3.28356939351343,26.29520167594936,9.664237818013968,5.43515169050809,129.873226989717,2.24154095286802,22.84829014430444,0.1510563,0,5.288267030694535,0.0,1,197.0,1,67102394.0,262942621455.053,0,1,1,0
THA,2008,2.93824905393328,2.93824905393328,26.397904329657496,9.673666034075625,1.72569884866334,140.437011540931,5.46848949649846,22.96613726700596,0.1042204,0,5.099866427824199,0.0,1,163.0,1,67619830.0,291382982430.951,0,1,1,0
THA,2009,2.27590224065624,2.27590224065624,26.36414624696099,9.659350466890045,-0.690618232300579,119.269418854589,-0.845716092316721,22.943604669021504,0.2394144,0,4.934473933130692,0.0,1,138.0,1,68121080.0,281710630187.319,0,1,1,0
THA,2010,4.32320928209171,4.32320928209171,26.55545549968051,9.725089510422997,7.51339053261624,127.250522638251,3.24758842443725,23.069300186870542,0.1380751,0,5.288267030694535,0.0,1,197.0,1,68579447.0,341104766329.17,0,1,1,1
THA,2011,0.667087644548593,0.667087644548593,26.63897920772037,9.727237657099206,0.840132083053334,139.675407224576,3.81191694558332,23.199316541305546,0.1220647,0,5.153291594497779,0.0,1,172.0,1,69007208.0,370818739623.622,0,1,1,1
THA,2012,3.24456444314608,3.24456444314608,26.708607490537545,9.790966944920749,7.24279620249642,137.67493851024,3.00948610403357,23.240383529544943,0.1802694,0,4.882801922586371,0.0,1,131.0,1,69436098.0,397558325278.579,0,1,1,1
THA,2013,3.79126450872817,3.79126450872817,26.76431464853924,9.811613854536573,2.68749556320556,132.462274174269,2.18617704418967,23.27268562102791,0.1498463,0,5.247024072160486,0.0,1,189.0,1,69845114.0,420333654592.547,0,1,1,1
THA,2014,1.22145318013998,1.22145318013998,26.7329116982169,9.816109101296462,0.984468863619426,130.905495444398,1.89455652481545,23.31070435157292,0.1288639,0,4.23410650459726,0.0,1,68.0,1,70216367.0,407339040197.651,0,1,1,1
THA,2015,2.22468548959784,2.22468548959784,26.71796574021094,9.842358724075016,3.13404724911635,124.839662152526,-0.898143410569433,23.277996296582227,0.0674039,0,4.060443010546419,0.0,1,57.0,1,70540795.0,401296238228.084,0,1,1,1
THA,2016,0.843364340718618,0.843364340718618,26.74760008210866,9.871620798345392,3.43515771692182,120.57522728913,0.186235191075453,23.30766140108684,0.0943555,0,3.9318256327243257,0.0,1,50.0,1,70859841.0,413366349747.508,0,1,1,1
THA,2017,1.81550260101987,1.81550260101987,26.846540826304608,9.90831889008261,4.1776810321001,120.891427433638,0.664415139830893,23.37886855921341,0.1567658,0,3.784189633918261,0.0,1,43.0,1,71160187.0,456356813536.764,0,1,1,1
THA,2018,2.71279835138662,2.71279835138662,26.95129192693961,9.946650999330258,4.22287028746071,120.841864730984,1.06683487370758,23.45180038579532,0.1754361,0,3.610917912644224,0.0,1,36.0,1,71376079.0,506754208404.485,0,1,1,1
THA,2019,1.01734877580041,1.01734877580041,27.02217223691732,9.965530013536796,2.11455779628278,109.689514715166,0.705524801910317,23.473660804391272,0.1402125,0,4.02535169073515,0.0,1,55.0,1,71522271.0,543976691793.886,0,1,1,1
THA,2020,-0.858310188764945,-0.858310188764945,26.93842363981049,9.900998678172018,-6.09306312966953,97.6624419371158,-0.846087518861799,23.457778863838094,0.1171649,0,3.8501476017100575,0.0,1,46.0,1,71641484.0,500274927778.532,0,1,0,0
THA,2021,3.04112326260094,3.04112326260094,26.9499008884,9.915266707144408,1.55858232076893,117.131472183199,1.23104516549814,23.598709611031783,0.2086191,0,3.6635616461296463,0.0,1,38.0,1,71727332.0,506049783824.94,0,1,1,1
THA,2022,2.39157096115532,2.39157096115532,26.92922027483722,9.94119173216804,2.63784213566305,132.813458288082,6.07589952842433,23.62679526984437,0.2274924,0,3.4011973816621555,0.0,1,29.0,1,71735329.0,495691837308.033,0,1,1,1
THA,2023,1.9975474592024,1.9975474592024,26.97133457084025,9.96388959321559,2.24883437970568,128.792359690165,1.22908986612448,23.65264880712677,0.3053878,0,3.4339872044851463,0.0,1,30.0,1,71702435.0,517013369475.121,0,1,1,1
THA,2024,2.70165281834265,2.70165281834265,26.99498277642497,9.993429451026335,2.94859986593323,135.724935837766,0.398333333333422,23.69136634528144,0.2536395,0,3.555348061489413,0.0,1,34.0,1,71668011.0,529385520941.539,0,1,1,1
TJK,1996,1.72470817120623,1.72470817120623,20.76599464178944,7.0696990045814205,-16.6999984353389,156.670590142672,,22.40243721356337,-1.3060162,1,7.934155233536322,0.0,1,2790.0,2,6066523.0,1043654822.33503,0,0,0,0
TJK,1997,1.95329872636048,1.95329872636048,20.641532903964965,7.074354807634959,1.68067413588066,181.590119644925,,22.38696194748408,,0,4.477336814478207,0.0,1,87.0,1,6139829.0,921518032.909326,0,0,0,0
TJK,1998,2.26786922364186,2.26786922364186,21.0010487602386,7.120182033179036,5.31286765940042,106.89554276797,,22.370668306618075,-1.3151438,0,6.398594934535208,0.0,1,600.0,1,6176397.0,1320199581.52261,0,0,0,0
TJK,1999,0.616862155895911,0.616862155895911,20.80633070277764,7.151346340011507,3.69955071665851,133.60594795539,,22.40256713138912,,0,4.90527477843843,1.0,0,134.0,0,6208370.0,1086612290.27171,0,0,0,0
TJK,2000,2.73586929115128,2.73586929115128,20.57307279795803,7.219080590066387,8.32432449473859,175.351206134214,,22.43284441085168,-1.3119868,0,6.249975242259483,0.0,1,517.0,1,6284735.0,860541842.263697,0,0,0,0
TJK,2001,0.878575236633123,0.878575236633123,20.800941947631888,7.291246605370741,9.58083617842951,146.657305562056,38.59188944886,22.426266865607584,,0,0.0,1.0,0,0.0,0,6407377.0,1080772551.29433,0,0,0,0
TJK,2002,2.95358416825764,2.95358416825764,20.92302302279306,7.374590710223368,10.8000037591665,138.6839688324,12.2499847845885,22.4748352735369,-1.4305919,0,0.0,2.0,0,0.0,0,6531669.0,1221106220.2868,0,1,1,0
TJK,2003,2.03493399294115,2.03493399294115,21.16494603135729,7.45970771976445,10.9999990780572,137.669592976856,16.3034912049491,22.609639373906848,-1.4397076,0,0.0,3.0,0,0.0,0,6658575.0,1555318261.4172,0,1,1,0
TJK,2004,13.1022122444311,13.1022122444311,21.453793995832388,7.538115450157223,10.2999989410117,128.338170674363,7.14196508692253,22.74495314141929,-1.1951378,0,0.0,4.0,0,0.0,0,6790547.0,2076176869.41089,0,1,1,0
TJK,2005,2.35601238535648,2.35601238535648,21.56153103424124,7.583400288503304,6.69999851655409,126.994699303416,7.09193244083773,22.83433365006945,-1.2739975,0,0.0,5.0,0,0.0,0,6924720.0,2312352020.6689,0,1,1,0
TJK,2006,11.9647283955266,11.9647283955266,21.763618110630173,7.632056352175034,7.00000321108996,141.153912074728,10.0108651886461,22.928944690816564,-1.3043531,0,0.0,6.0,0,0.0,0,7057566.0,2830213848.6203,0,1,1,0
TJK,2007,9.67777994325544,9.67777994325544,22.03686168546661,7.687950410288674,7.80000011872161,145.528099715723,13.1491247062982,23.075138436039648,-1.22678629999999,0,0.0,7.0,0,0.0,0,7194477.0,3719524540.86193,0,1,1,0
TJK,2008,9.42813566158299,9.42813566158299,22.3644542694658,7.744177484853695,7.89999827154939,114.480149093579,20.4705219109964,23.18900005323681,-1.2325335,0,0.0,8.0,0,0.0,0,7338403.0,5161299725.27673,0,1,1,0
TJK,2009,2.993500899093,2.993500899093,22.328589771456805,7.761957947376299,3.90000114826496,85.9781370434108,6.44823481066697,23.132406665247,-1.2017414,0,0.0,9.0,0,0.0,0,7490230.0,4979472364.4534,0,1,1,0
TJK,2010,1.6649590356128,1.6649590356128,22.453543636843644,7.803546764658563,6.49999908585235,73.493044509473,6.44531440780658,23.239822644106013,-1.0335009,0,4.59511985013459,0.0,1,98.0,1,7652141.0,5642221099.17704,0,1,1,1
TJK,2011,2.23653413214552,2.23653413214552,22.598562862055,7.852625984280779,7.40000059956711,79.7842446734572,12.4315490430406,23.367531153697115,-1.06847239999999,0,3.367295829986474,0.0,1,28.0,1,7824785.0,6522756255.012,0,1,1,1
TJK,2012,3.16697499395782,3.16697499395782,22.755751624426328,7.901042407061341,7.49999946321525,83.1759445401528,5.83116601031462,23.395006019309417,-0.9961009,0,0.0,1.0,0,0.0,0,8014084.0,7633036903.07634,0,1,1,1
TJK,2013,3.351407966942,3.351407966942,22.8572442509654,7.947461305124618,7.39999974700379,71.7437428882341,5.00964645344951,23.425323662508063,-1.005023,0,0.0,2.0,0,0.0,0,8216724.0,8448411318.25417,0,1,1,1
TJK,2014,3.58397838530001,3.58397838530001,22.93292450725438,7.987214880016397,6.70000069016253,54.6071596053705,6.10442765129667,23.45260856784118,-0.7049542,0,0.0,3.0,0,0.0,0,8425552.0,9112605459.32845,0,1,1,1
TJK,2015,5.48892076080458,5.48892076080458,22.836073424724283,8.020087943187546,6.01930331771186,49.9378160689555,5.7145594964971,23.388239425057,-0.7357851,0,0.0,4.0,0,0.0,0,8643840.0,8271431485.07484,0,1,1,1
TJK,2016,3.45540459636672,3.45540459636672,22.66809198395377,8.0614763879686,6.89999999999999,55.7246446907573,6.00458082322139,23.407242614640644,-0.780361299999999,0,0.0,5.0,0,0.0,0,8865631.0,6992416096.89018,0,1,1,1
TJK,2017,2.46572647891723,2.46572647891723,22.74301082991192,8.10552247501898,7.10000041864309,53.7861046057767,,23.47327751610904,-0.6988972,0,0.0,6.0,0,0.0,0,9085946.0,7536402852.85802,0,0,0,0
TJK,2018,2.84433010113639,2.84433010113639,22.772892293476698,8.154699166464365,7.5999988895536,55.8461114113303,,23.53461165527084,-0.6890098,0,3.970291913552122,0.0,1,52.0,1,9307333.0,7764999999.45362,0,0,0,0
TJK,2019,2.5637213527723,2.5637213527723,22.839619370957983,8.202450598175261,7.40000016310556,56.0450159145896,,23.549032652599404,-0.775782899999999,0,3.912023005428146,0.0,1,49.0,1,9529966.0,8300813599.3084,0,0,0,0
TJK,2020,1.30975252279444,1.30975252279444,22.81931416331216,8.222754735024923,4.40000111553493,55.7491040194954,,23.518206237861616,-0.763975499999999,0,0.0,1.0,0,0.0,0,9749310.0,8133963550.65742,0,0,0,0
TJK,2021,0.94025522151091,0.94025522151091,22.91355590909786,8.290521542707326,9.39999955037523,71.825937435383,,23.66250368670284,-0.8282832,0,4.727387818712341,0.0,1,112.0,1,9966908.0,8937805347.13963,0,0,0,0
TJK,2022,1.62432287476597,1.62432287476597,23.0947728176121,8.34610973403503,8.00000033846364,65.4355115893577,,23.70299094917386,-0.7979088,0,5.707110264748875,0.0,1,300.0,1,10182222.0,10713525200.3998,0,0,0,0
TJK,2023,1.14813698883392,1.14813698883392,23.228315684526592,8.405663493844605,8.29999921651935,65.6347010367354,,23.7371353855688,-0.7683569,0,0.0,1.0,0,0.0,0,10389799.0,12244169292.7998,0,0,0,0
TJK,2024,2.01948198566107,2.01948198566107,23.392236531444173,8.467148163314203,8.39999980983981,59.0899316296485,,23.781529572174765,-0.6009336,0,0.0,2.0,0,0.0,0,10590927.0,14425113699.7925,0,0,0,0
TKM,1996,4.54270296774194,4.54270296774194,21.589845170131813,8.448563845281779,6.69999198681985,152.516129032258,,22.45616564409887,-1.3060162,0,0.0,30.0,0,0.0,0,4263819.0,2378759975.44506,0,0,0,0
TKM,1997,4.40181902520252,4.40181902520252,21.61949696355084,8.310570145093267,-11.4000001301061,103.690369036904,,22.4395358568171,,0,0.0,30.0,0,0.0,0,4336730.0,2450350625.10407,0,0,0,0
TKM,1998,2.39092220078599,2.39092220078599,21.68096302015698,8.362293898781312,7.1000003383482,96.3201143265452,,22.42724864660528,-1.3151438,0,0.0,30.0,0,0.0,0,4410507.0,2605689134.49042,0,0,0,0
TKM,1999,5.1008663674894,5.1008663674894,21.61958407997336,8.49666874940896,16.4999995329385,90.4761904761905,,22.453120965512976,,0,0.0,30.0,0,0.0,0,4492170.0,2450564100.18292,0,0,0,0
TKM,2000,4.50998914417002,4.50998914417002,21.789583320699474,8.529968799528511,5.46906425232281,103.580317825005,,22.47716403351766,-1.3119868,0,0.0,30.0,0,0.0,0,4582677.0,2904663310.9825,0,0,0,0
TKM,2001,4.80936153099431,4.80936153099431,21.985914843534424,8.552456945113791,4.34384545203714,81.9858549438358,,22.473473939543595,,0,0.0,30.0,0,0.0,0,4675409.0,3534772732.39746,0,0,0,0
TKM,2002,6.18552665782493,6.18552665782493,22.218869456629665,8.535107949934023,0.257179997445405,63.7046861184792,,22.524747749491805,-1.72748899999999,0,0.0,30.0,0,0.0,0,4769465.0,4462029108.72349,0,0,0,0
TKM,2003,3.78088241730494,3.78088241730494,22.51125831710544,8.547674089069224,3.2688286670479,63.201750694386,,22.66406823733018,-1.73673369999999,0,0.0,30.0,0,0.0,0,4863865.0,5977440582.80171,0,0,0,0
TKM,2004,5.17229951232728,5.17229951232728,22.645812470581493,8.577280331182104,5.00040735874585,59.3199674884855,,22.802575356188736,-1.4875047,0,0.0,30.0,0,0.0,0,4958093.0,6838351088.46688,0,0,0,0
TKM,2005,5.16047701696434,5.16047701696434,22.81561151057809,8.680985228331194,13.0340347988606,53.9723419741336,,22.89340053653425,-1.7370739,0,0.0,30.0,0,0.0,0,5052257.0,8103901996.37024,0,0,0,0
TKM,2006,7.11222302125938,7.11222302125938,23.05314253927398,8.766505402371546,10.9733082952862,52.4473010022922,,22.989137484735664,-1.4764131,0,0.0,30.0,0,0.0,0,5147105.0,10276674364.8961,0,0,0,0
TKM,2007,6.75922962962963,6.75922962962963,23.262042196647144,8.852740588458103,11.0592995865825,56.2777777777778,,23.13712668052989,-1.47421959999999,0,0.0,30.0,0,0.0,0,5244046.0,12664165103.1895,0,0,0,0
TKM,2008,6.62635738831615,6.62635738831615,23.681894360297026,8.97081679443043,14.7000000144534,94.7240751970891,,23.25280952832935,-1.45666039999999,0,0.0,30.0,0,0.0,0,5345029.0,19271523178.8079,0,0,0,0
TKM,2009,22.5235632084151,22.5235632084151,23.72966036435705,9.010287948209523,6.10000001746145,104.95217927132,,23.18414843085464,-1.4506865,0,0.0,30.0,0,0.0,0,5451592.0,20214385964.9123,0,0,0,0
TKM,2010,16.0841101892421,16.0841101892421,23.8404702395092,9.077825247553877,9.20000007329543,97.2464440197632,,23.283743224468942,-1.71166399999999,0,0.0,30.0,0,0.0,0,5564356.0,22583157894.7368,0,0,0,0
TKM,2011,11.6000011402509,11.6000011402509,24.09857544765644,9.193963343036195,14.7183120474814,118.095536458021,,23.41217446854223,-1.71233099999999,0,0.0,30.0,0,0.0,0,5683417.0,29233333333.3333,0,0,0,0
TKM,2012,8.90000000898042,8.90000000898042,24.28329465590172,9.277003547067986,11.0508311776258,119.176960326488,,23.43440196205957,-1.3204803,0,0.0,30.0,0,0.0,0,5808546.0,35164210526.3158,0,0,0,0
TKM,2013,7.30000002103605,7.30000002103605,24.391879925138213,9.351525138478827,10.1628450365084,109.48116584462,,23.45924556558827,-1.3407027,0,0.0,30.0,0,0.0,0,5939341.0,39197543859.6491,0,0,0,0
TKM,2014,8.8000010883235,8.8000010883235,24.4965831840402,9.427379299273625,10.3497353947965,102.760907500564,,23.480405615029,-0.608652699999999,0,0.0,30.0,0,0.0,0,6075283.0,43524210526.3158,0,0,0,0
TKM,2015,8.49997845154391,8.49997845154391,24.30120574947525,9.46704741300344,6.45254918531575,73.2280034158293,,23.40108449767753,-0.6117733,0,0.0,30.0,0,0.0,0,6215770.0,35799714285.7143,0,0,0,0
TKM,2016,6.73339600135868,6.73339600135868,24.22924198613639,9.504530096533532,6.22909997062793,58.2932324852085,,23.418821805562946,-0.7981201,0,0.0,30.0,0,0.0,0,6360041.0,33313947368.4211,0,0,0,0
TKM,2017,6.25428099410887,6.25428099410887,24.230391412302705,9.544195228224584,6.45138358820188,47.3983995269018,,23.486141694252435,-0.8883327,0,0.0,30.0,0,0.0,0,6507061.0,33352261306.5327,0,0,0,0
TKM,2018,6.17076671493352,6.17076671493352,23.98275808776184,9.581846577644184,6.20602363832646,41.6378669600992,,23.54610514931072,-0.9218369,0,0.0,30.0,0,0.0,0,6655524.0,26036313868.6131,0,0,0,0
TKM,2019,6.24118562289562,6.24118562289562,24.114412882755065,9.6211845469804,6.33169567608873,37.6560517756178,,23.555958469032905,-0.8217713,0,0.0,30.0,0,0.0,0,6803944.0,29700000000.0,0,0,0,0
TKM,2020,5.25123989729465,5.25123989729465,24.032001644153752,9.657005932212671,5.87065623130427,29.9541700399769,,23.51892834223535,-0.986675099999999,0,0.0,30.0,0,0.0,0,6949912.0,27350527267.6636,0,0,0,0
TKM,2021,4.8884551850333,4.8884551850333,23.99413363163566,9.696455388308982,6.15115785574542,33.4124528498008,,23.665644725560576,-0.985300899999999,0,0.0,30.0,0,0.0,0,7092043.0,26334182093.7903,0,0,0,0
TKM,2022,2.49053286789766,2.49053286789766,24.349841953990754,9.73764573209406,6.23491365071671,37.8107225896924,,23.71020713685151,-0.485807899999999,0,0.0,30.0,0,0.0,0,7230193.0,37583913148.2791,0,0,0,0
TKM,2023,3.53230296866931,3.53230296866931,24.38734558575237,9.78052064967955,6.31879850268643,34.1794035540188,,23.745256748127684,-0.485174499999999,0,0.0,30.0,0,0.0,0,7364438.0,39020211239.6728,0,0,0,0
TKM,2024,3.71704110413,3.71704110413,24.51310872735593,9.823943345532014,6.28235647996578,28.7345237411748,,23.78947702112354,-1.0591384,0,0.0,30.0,0,0.0,0,7494498.0,44249447717.2312,0,0,0,0
TLS,1996,,,19.54221790481627,8.019030509214806,7.9821850008766,,,,,0,0.0,30.0,0,0.0,0,892282.0,306956900.0,0,0,0,0
TLS,1997,,,19.58374623761873,8.030725284405456,3.99999400523568,,,,,0,0.0,30.0,0,0.0,0,917184.0,319972700.0,0,0,0,0
TLS,1998,,,19.601578761302047,7.983262973681444,-1.99999615720213,,,,,0,0.0,30.0,0,0.0,0,942530.0,325729800.0,0,0,0,0
TLS,1999,,,19.23319903184842,7.666994204370592,-35.4524312251332,,,,,0,0.0,30.0,0,0.0,0,834697.0,225357600.0,0,0,0,0
TLS,2000,,,19.720666117712906,8.238479659889519,58.0780959334582,175.648464819583,,,,0,0.0,30.0,0,0.0,0,745088.0,366924300.0,0,0,0,0
TLS,2001,,,19.9837800147785,8.303587933152963,16.3476940466477,166.743415284881,,,,0,0.0,30.0,0,0.0,0,812249.0,477359300.0,0,0,0,0
TLS,2002,,,19.967084070437885,8.155071576197855,-6.70069541098115,180.403744337855,,,-0.2791206,0,0.0,30.0,0,0.0,0,879159.0,469455500.0,0,0,0,0
TLS,2003,0.921419193534936,0.921419193534936,20.01081167023992,8.090998646972242,-2.18226413236545,122.311964931018,7.16515891441839,,-0.8082803,0,0.0,30.0,0,0.0,0,916878.0,490439100.0,0,0,0,0
TLS,2004,,,19.9040382929143,8.081776737585121,0.400003981151968,107.330819562041,3.23751394003321,,-0.482983,0,0.0,30.0,0,0.0,0,929074.0,440772000.0,0,0,0,0
TLS,2005,0.196422854275009,0.196422854275009,19.95165536744092,8.090691700024927,2.98457963807486,74.6712513087646,1.11167400387198,,-1.1596227,0,0.0,30.0,0,0.0,0,948311.0,462268000.0,0,0,0,0
TLS,2006,1.86827378816856,1.86827378816856,19.93315038270393,8.01926810265099,-4.11609268942114,98.8757193818142,3.93616259929866,,-1.2069448,0,0.0,30.0,0,0.0,0,976597.0,453792400.0,0,0,0,0
TLS,2007,1.60190408547442,1.60190408547442,20.11224301131281,8.088429712174458,10.2653884542201,128.760892225689,10.3009020174895,,-1.2030344,0,0.0,30.0,0,0.0,0,1004889.0,542795400.0,0,0,0,0
TLS,2008,6.1212839058885,6.1212839058885,20.290208952731703,8.169303026578303,11.3948048266465,135.250760342415,9.06423621948942,,-1.16143969999999,0,0.0,30.0,0,0.0,0,1032429.0,648523600.0,0,0,0,0
TLS,2009,6.5968162145372,6.5968162145372,20.40435147475367,8.240743351561045,10.1469544183475,157.686448551719,0.669681185965433,,-1.1899933,0,0.0,30.0,0,0.0,0,1058782.0,726937800.0,0,0,0,0
TLS,2010,3.43944743183908,3.43944743183908,20.59759977421612,8.30579277039065,9.33149490201264,134.4005216863,6.76597680236481,,-1.3207151,0,0.0,30.0,0,0.0,0,1084679.0,881909300.0,0,0,0,0
TLS,2011,4.70566334584962,4.70566334584962,20.764920700534915,8.340408227719632,5.95855605611087,140.766349625231,13.499840238577,,-1.26983509999999,0,0.0,30.0,0,0.0,0,1110207.0,1042534600.0,0,0,0,0
TLS,2012,3.47958036025867,3.47958036025867,20.872164175920663,8.365885259530824,4.86062186827468,128.500493298465,11.8003096701544,,-1.25753309999999,0,0.0,30.0,0,0.0,0,1134885.0,1160555000.0,0,0,0,0
TLS,2013,4.00200681164531,4.00200681164531,21.05668155001219,8.375693771358618,3.10436683211147,79.6341248298199,11.0849085109954,,-1.3311928,0,0.0,30.0,0,0.0,0,1158695.0,1395727400.0,0,0,0,0
TLS,2014,2.3422913323763,2.3422913323763,21.093128084905043,8.399615970074459,4.47249846569638,82.7357773406823,0.726275016139465,,-0.988991899999999,0,0.0,30.0,0,0.0,0,1181903.0,1447535200.0,0,0,0,0
TLS,2015,2.70363930330864,2.70363930330864,21.18717744747065,8.404651412511331,2.48004040218397,60.0769209292639,0.552796026277853,,-0.989996999999999,0,0.0,30.0,0,0.0,0,1205131.0,1590282400.0,0,0,0,0
TLS,2016,0.33397246121617,0.33397246121617,21.21824533134565,8.415254029556701,3.00993062553351,60.310621759226,-1.33853876185163,,-0.9896476,0,0.0,30.0,0,0.0,0,1228312.0,1640464600.0,0,0,0,0
TLS,2017,0.42375096203898,0.42375096203898,21.18377352208968,8.364048327278722,-3.18241522489195,58.6347507796182,0.557215537430361,,-0.989534199999999,0,0.0,30.0,0,0.0,0,1251703.0,1584878400.0,0,0,0,0
TLS,2018,3.08007812980224,3.08007812980224,21.165376936197625,8.340179361743273,-0.466502170658785,64.8191831225499,2.63647201015892,,-0.978233199999999,0,0.0,30.0,0,0.0,0,1275959.0,1555988600.0,0,0,0,0
TLS,2019,-7.79447350305257,-5.087275859003976,21.43255719612677,8.537613205133736,24.2128840085001,70.6142440551536,0.958812739703141,,-0.7176481,0,0.0,30.0,0,0.0,0,1300945.0,2032550400.0,0,0,0,0
TLS,2020,-16.2053007941191,-5.087275859003976,21.494585916638464,8.794049128348428,31.7257416721413,84.7503111042388,0.495499215459571,,-0.7196526,0,0.0,30.0,0,0.0,0,1326053.0,2162619200.0,0,0,0,0
TLS,2021,-6.5936436488535,-5.087275859003976,22.01112682867885,8.828354331913346,5.36980119392668,99.8600009384765,3.69792094666786,,-0.731625699999999,0,0.0,30.0,0,0.0,0,1350139.0,3625024300.0,0,0,0,0
TLS,2022,1.67248574731989,1.67248574731989,21.889100510715007,8.584569898655559,-20.5224802314812,97.621108820704,7.00530945399787,,-0.7602183,0,0.0,30.0,0,0.0,0,1369295.0,3208599900.0,0,0,0,0
TLS,2023,5.87499260731956,5.87499260731956,21.45552180131886,8.373571733572703,-18.1359049134472,89.3046490972644,8.42035103310377,,-0.8550468,0,0.0,30.0,0,0.0,0,1384286.0,2079767200.0,0,0,0,0
TLS,2024,12.0853687045097,12.0853687045097,21.346853118546782,8.266410562242568,-9.10069289810397,95.4485030105899,2.06284153005468,,-0.898562299999999,0,0.0,30.0,0,0.0,0,1400638.0,1865608515.41321,0,0,0,0
TTO,1996,6.17059803286047,6.17059803286047,22.47412871444706,9.605007568769471,7.13447746480871,,3.40457442819624,22.28672088194404,-0.002761,0,0.0,30.0,0,0.0,0,1300928.0,5759570336.11287,0,0,0,0
TTO,1997,17.4169995759328,17.4169995759328,22.47033673550116,9.673775216185138,7.52285462627518,,3.62607875843081,22.3072381172534,,0,0.0,30.0,0,0.0,0,1305836.0,5737771523.10148,0,0,0,0
TTO,1998,12.0748728881748,12.0748728881748,22.52228003580744,9.748533533545688,8.1245639965458,,5.61270907691201,22.32693410427232,0.2635522,0,0.0,30.0,0,0.0,0,1310225.0,6043686653.62189,0,0,0,0
TTO,1999,9.44781394340287,9.44781394340287,22.641508536364725,9.822308631728436,8.02481764350063,,3.43913590881996,22.348994500463967,,0,0.0,30.0,0,0.0,0,1314708.0,6808982520.75759,0,0,0,0
TTO,2000,8.33298414855164,8.33298414855164,22.82181639730696,9.885199059953887,6.90135959072803,,3.55541319666877,22.38993049550059,0.5944225,0,0.0,30.0,0,0.0,0,1319774.0,8154342116.10311,0,0,0,0
TTO,2001,9.46078540845564,9.46078540845564,22.90083735078528,9.92165910192669,4.16852398185424,,5.536653263223,22.39877183729368,,0,0.0,30.0,0,0.0,0,1325567.0,8824849191.03571,0,0,0,0
TTO,2002,11.1874626530467,11.1874626530467,22.921412014878616,9.99318441196045,7.93670968715332,,4.1500586166472,22.42445660081222,0.4776699,0,0.0,30.0,0,0.0,0,1332011.0,9008298228.60273,0,0,0,0
TTO,2003,7.14964286416839,7.14964286416839,23.148551614301105,10.123057654524803,14.4409895389734,,3.8111062439687,22.518328316480577,0.4264333,0,0.0,30.0,0,0.0,0,1338709.0,11305459802.0683,0,0,0,0
TTO,2004,7.51564800520554,7.51564800520554,23.30954696791981,10.194585318365174,7.95005151069972,,3.72154938995965,22.63134602012783,0.2994308,0,0.0,30.0,0,0.0,0,1345380.0,13280291989.5755,0,0,0,0
TTO,2005,5.87959659171048,5.87959659171048,23.49475326663636,10.29338001429476,6.20893787954175,,6.87453459583516,22.718081526430407,0.0593739,0,0.0,30.0,0,0.0,0,1294494.0,15982389018.4041,0,0,0,0
TTO,2006,4.80528416565147,4.80528416565147,23.633949955731303,10.414775591784256,13.2080586051735,,8.32960351465347,22.803070485864605,0.0759527,0,0.0,30.0,0,0.0,0,1297944.0,18369361094.3886,0,0,0,0
TTO,2007,3.83520271627024,3.83520271627024,23.797884151797927,10.457190055760217,4.75420970092722,,7.89438834757299,22.91503590380008,0.1300036,0,0.0,30.0,0,0.0,0,1303188.0,21641620049.9352,0,0,0,0
TTO,2008,10.0489432656806,10.0489432656806,24.05087363230962,10.486410557485916,3.39173707807387,,12.0303445477177,23.00282510927766,0.1078319,0,0.0,30.0,0,0.0,0,1308587.0,27871587349.5413,0,0,0,0
TTO,2009,3.69859111717232,3.69859111717232,23.67672533626953,10.440339581114117,-4.3917292474614,,6.97808725251547,22.95167078438041,0.2485024,0,0.0,30.0,0,0.0,0,1310106.0,19172165225.5015,0,0,0,0
TTO,2010,2.47947454143897,2.47947454143897,23.82146085833809,10.467241206651764,3.32322471027371,,10.5492003179988,23.03785194425771,0.24572,0,0.0,30.0,0,0.0,0,1317714.0,22157920592.3669,0,0,0,0
TTO,2011,0.161394418487235,0.161394418487235,23.959313672744564,10.456503380720148,-0.294354409043763,,5.1071328926456,23.1163241621594,0.2902226,0,0.0,30.0,0,0.0,0,1328019.0,25433007437.1605,0,0,0,0
TTO,2012,-7.01485652796411,-5.087275859003976,24.02454527036601,10.516066821165094,6.71074625448722,,9.26028137068292,23.139508850202148,0.3322107,0,0.0,30.0,0,0.0,0,1335194.0,27147349937.4689,0,0,0,0
TTO,2013,-3.95638927717075,-3.95638927717075,24.07529177876322,10.545185338316209,3.36819291689019,,5.19981740465611,23.15602878659044,0.2928125,0,0.0,30.0,0,0.0,0,1340557.0,28560537057.1548,0,0,0,0
TTO,2014,2.24404378789224,2.24404378789224,24.10678046297042,10.5776725073794,3.67086851032413,,5.68441814595659,23.17634524854764,0.3320818,0,0.0,30.0,0,0.0,0,1345343.0,29474180005.1333,0,0,0,0
TTO,2015,0.658801127950337,0.658801127950337,24.01320168887585,10.57039250253669,-0.406283288730492,,4.66121598098264,23.11079158107017,0.3121512,0,0.0,30.0,0,0.0,0,1349667.0,26841141793.2143,0,0,0,0
TTO,2016,-0.0998893521188151,-0.0998893521188151,23.885542619655485,10.48891004156158,-7.53636305379372,,3.07066742464024,23.12134282605508,0.3139235,0,0.0,30.0,0,0.0,0,1353895.0,23624322192.6274,0,0,0,0
TTO,2017,-1.97594519661626,-1.97594519661626,23.89424263829036,10.43693505886719,-4.87274946918724,,1.88038440183532,23.180681647335845,0.3282247,0,0.0,30.0,0,0.0,0,1356633.0,23830750900.6899,0,0,0,0
TTO,2018,-2.93172548825317,-2.93172548825317,23.896435177708003,10.425550337863111,-0.945449700943314,,1.01856930188822,23.23075009470487,0.3688655,0,0.0,30.0,0,0.0,0,1359193.0,23883058083.2171,0,0,0,0
TTO,2019,0.783604895019003,0.783604895019003,23.879318821833163,10.4266973573433,0.467734528855885,,1.00054293027237,23.24568276944608,0.2861217,0,0.0,30.0,0,0.0,0,1363985.0,23477745791.6977,0,0,0,0
TTO,2020,5.0552618910961,5.0552618910961,23.76246533216317,10.332698083120295,-8.78879817831519,,0.598986330824643,23.205679396404552,0.3455076,0,0.0,30.0,0,0.0,0,1366725.0,20888515184.2239,0,0,0,0
TTO,2021,-3.85907284846354,-3.85907284846354,23.91056691534641,10.324895567088213,-0.716740625909793,,2.05922746915458,23.330547313094943,0.332159,0,0.0,30.0,0,0.0,0,1367558.0,24222963262.7213,0,0,0,0
TTO,2022,4.1369722626234,4.1369722626234,24.067581153679303,10.334753967610268,0.86126082651883,,5.82838638517959,23.393666208568263,0.1507374,0,0.0,30.0,0,0.0,0,1365805.0,28341164301.126,0,0,0,0
TTO,2023,-5.98486458707791,-5.087275859003976,23.9436203050174,10.348064507446145,1.46645947294053,,4.62930242419968,23.45060436806541,0.1511968,0,0.0,30.0,0,0.0,0,1367510.0,25036993423.3664,0,0,0,0
TTO,2024,-1.76782828873977,-1.76782828873977,23.967167663877607,10.372245308782375,2.50920813979569,,0.526884625776839,23.49579350880225,0.1112932,0,0.0,30.0,0,0.0,0,1368333.0,25633544529.4849,0,0,0,0
TUN,1996,1.21680620022798,1.21680620022798,23.698140178711306,8.964668987725723,7.14608096782061,85.7203547620671,3.72514472690715,23.017291259960924,0.5351329,0,0.0,30.0,0,0.0,0,9294432.0,19587161806.7655,0,1,1,0
TUN,1997,1.65189067777703,1.65189067777703,23.755629433393946,9.004095432828722,5.44094350107467,80.5007104439621,3.65202620723071,22.98021016450536,,0,0.0,30.0,0,0.0,0,9421270.0,20746210353.845,0,0,0,0
TUN,1998,2.98459369650589,2.98459369650589,23.805308531287565,9.03812575943189,4.78376247825665,79.9794582620079,3.12536579655862,22.996308052819565,0.5309308,0,0.0,30.0,0,0.0,0,9541667.0,21802893587.126,0,1,1,0
TUN,1999,1.51382652723785,1.51382652723785,23.856287528050128,9.085002510553153,6.05463447898158,77.9051139411665,2.6901248581158,23.00224215935496,,0,0.0,30.0,0,0.0,0,9655963.0,22943202174.9668,0,0,0,0
TUN,2000,3.49602747137556,3.49602747137556,23.790086765135143,9.119804434279189,4.7099729138049,82.639110670191,2.96230794738605,22.976819909071903,0.5323842,0,0.0,30.0,0,0.0,0,9764935.0,21473528160.7782,0,1,1,0
TUN,2001,2.04621697501891,2.04621697501891,23.817296206074435,9.146395080301373,3.79627166202512,89.5522011944661,1.98333333333337,22.98239138006695,,0,0.0,30.0,0,0.0,0,9869677.0,22065832448.8623,0,0,0,0
TUN,2002,3.41507220577273,3.41507220577273,23.864898418178548,9.1492685566472,1.32255714828946,85.3421759692656,2.72103284850455,23.04909225563376,0.4587511,0,0.0,30.0,0,0.0,0,9971515.0,23141616604.5242,0,1,1,0
TUN,2003,1.96504647635127,1.96504647635127,24.03577415368587,9.185230175604058,4.70239953285241,82.390340709916,2.71259247474352,23.215824188366632,0.2272092,0,0.0,30.0,0,0.0,0,10071632.0,27453902261.4629,0,1,1,0
TUN,2004,1.89888949723214,1.89888949723214,24.163167299658653,9.236378960504233,6.23579072222647,86.9253446966283,3.63228004956625,23.3531727436218,0.2763063,0,0.0,30.0,0,0.0,0,10166163.0,31183885241.4396,0,1,1,0
TUN,2005,2.20844919497596,2.20844919497596,24.19747160318133,9.261903819958992,3.4865455430439,90.2512478803945,2.01778641357144,23.41864127414779,0.267202,0,0.0,30.0,0,0.0,0,10255472.0,32272186694.8043,0,1,1,0
TUN,2006,9.42473369729129,9.42473369729129,24.260643816505137,9.304187863518774,5.24409983246916,93.9409304094309,3.22525337438917,23.495720949097,0.5228632,0,0.0,30.0,0,0.0,0,10346410.0,34376664600.5898,0,1,1,0
TUN,2007,3.89395159860218,3.89395159860218,24.3846547106418,9.35996006676022,6.70952097453554,104.059400976647,2.96694432477349,23.632614976928284,0.5739597,0,0.0,30.0,0,0.0,0,10441702.0,38915353866.757,0,1,1,0
TUN,2008,5.79738619600755,5.79738619600755,24.52679988049952,9.391844614624206,4.23778147502819,114.343660218696,4.34502807623045,23.729855661185724,0.5209222,0,0.0,30.0,0,0.0,0,10542635.0,44859439902.2191,0,1,1,0
TUN,2009,3.50988118042442,3.50988118042442,24.495008797245383,9.411628851870445,3.04345012371552,93.0168787876722,3.66490330642919,23.6420889943482,0.5437486,0,0.0,30.0,0,0.0,0,10650681.0,43455740497.3061,0,1,1,0
TUN,2010,2.88814231758981,2.88814231758981,24.556377486470385,9.430140021610107,2.97113275066512,100.151009836799,3.33897963601069,23.684147563268045,0.351978,0,0.0,30.0,0,0.0,0,10765980.0,46206091937.9628,0,1,1,1
TUN,2011,0.899077534980039,0.899077534980039,24.59703284089883,9.398371732253418,-2.04663389535644,100.106379304237,3.24002842009531,23.78006070185235,0.1431788,0,0.0,30.0,0,0.0,0,10886035.0,48123325825.0739,0,1,1,1
TUN,2012,3.28518933963283,3.28518933963283,24.58001715651772,9.428382598556798,4.21667711535632,101.550723929668,4.6118443220664,23.761868691459256,0.1317565,0,0.0,30.0,0,0.0,0,11009647.0,47311401812.6733,0,1,1,1
TUN,2013,2.1744128074392,2.1744128074392,24.60864598077029,9.440498866109197,2.42993096446429,98.9549566862038,5.31623531326689,23.7953972532729,-0.0619573,0,3.4011973816621555,0.0,1,29.0,1,11141361.0,48685446413.953,0,1,1,1
TUN,2014,2.03842746868013,2.03842746868013,24.64071037766905,9.459073919760677,3.09032803070775,96.1071038558701,4.62555099534031,23.81864919780962,-0.0117935,0,3.9318256327243257,0.0,1,50.0,1,11274288.0,50271812920.612,0,1,1,1
TUN,2015,2.11999260597179,2.11999260597179,24.547102099464137,9.45741852934098,0.967834205635981,87.2485306596052,4.437371273215,23.713622384710927,-0.0139338999999999,0,4.0943445622221,0.0,1,59.0,1,11402264.0,45779494041.9295,0,1,1,1
TUN,2016,1.40344558640993,1.40344558640993,24.51560563785031,9.45750350844601,1.117231963992,87.0926643641466,3.62939937384381,23.72379238997399,-0.0573078,0,4.276666119016055,0.0,1,71.0,1,11528674.0,44360072680.4476,0,1,1,1
TUN,2017,1.9233125677007,1.9233125677007,24.4648214803428,9.46926808297716,2.25261437620587,95.8091979825804,5.30884839565844,23.779941636861853,0.0523774,0,0.0,1.0,0,0.0,0,11650498.0,42163530590.9462,0,1,1,1
TUN,2018,2.32248034984414,2.32248034984414,24.477148652419547,9.485179973511636,2.60696965356362,103.871824260635,7.30759176031652,23.84556356934794,0.1031302,0,0.0,2.0,0,0.0,0,11765514.0,42686504459.801,0,1,1,1
TUN,2019,1.94487649950903,1.94487649950903,24.4586863187419,9.49129253102633,1.55009304966742,102.332614725789,6.72007532863799,23.846310533230536,0.0551904,0,0.0,3.0,0,0.0,0,11875081.0,41905642418.825,0,1,1,1
TUN,2020,1.46634304906862,1.46634304906862,24.47257650401828,9.388954930488296,-8.97512622934723,84.3333297071767,5.63415115897625,23.811365966384823,-0.0327607,0,0.0,4.0,0,0.0,0,11974057.0,42491780918.361,0,1,1,1
TUN,2021,1.16289301361367,1.16289301361367,24.57497040381186,9.429020087397795,4.73603648206102,93.6334140664079,5.706350208307,23.94259066423728,-0.0145066999999999,0,0.0,5.0,0,0.0,0,12048622.0,47073234359.1819,0,1,1,1
TUN,2022,1.43159199894021,1.43159199894021,24.528369781544715,9.450319286297582,2.75228761004381,116.095794384146,8.30646124447623,23.963277484154315,-0.1524479,0,0.0,6.0,0,0.0,0,12119334.0,44929920092.7955,0,1,1,1
TUN,2023,1.46351333844229,1.46351333844229,24.598735397605683,9.44548850042258,0.184015548469745,112.128858013354,9.32899597507865,24.02414058549239,-0.1684668,0,0.0,7.0,0,0.0,0,12200431.0,48205328303.3398,0,1,1,1
TUN,2024,1.47747574805229,1.47747574805229,24.66313982751167,9.45523882849852,1.61444564976986,106.298549204247,7.20661657168794,24.068300351172315,-0.2393469,0,0.0,8.0,0,0.0,0,12277109.0,51412122479.8468,0,1,1,1
TUR,1996,0.288376703171623,0.288376703171623,26.24619353925073,9.534372703524758,7.15779847930847,39.6477180344549,80.4121511388042,22.75774373956129,0.1434167,1,8.287780027088433,0.0,1,3974.0,2,61951134.0,250366965174.129,0,1,1,0
TUR,1997,0.305135116508485,0.305135116508485,26.298523616897523,9.590918067088992,7.3578623747848,42.7610666826994,85.6693616499779,22.73011976590809,,1,8.269500767180615,0.0,1,3902.0,2,62852966.0,263817553748.395,0,0,0,0
TUR,1998,0.340536066432393,0.340536066432393,26.3437948562436,9.59589787033831,1.90857064345151,40.3769887377902,84.6413434846314,22.73463412147436,-0.2913524,1,7.637716432664798,0.0,1,2074.0,2,63734383.0,276035372654.608,0,1,1,0
TUR,1999,0.305056291376802,0.305056291376802,26.271072397456194,9.551529297917666,-3.05277055759434,37.6665043273244,64.8674876350757,22.747080917680623,,1,7.218176838403408,0.0,1,1363.0,2,64591923.0,256673939247.773,0,0,0,0
TUR,2000,0.357417831801301,0.357417831801301,26.339121836687664,9.606220667188657,6.98528697817062,42.3746746988077,54.9153705812683,22.74126819709216,-0.2793402,0,5.337538079701318,0.0,1,207.0,1,65425961.0,274748463178.502,0,1,1,0
TUR,2001,1.65780492583561,1.65780492583561,26.03249881207474,9.537636978710298,-5.45940838563062,49.9447830679013,54.4001887619074,22.748463339920026,,0,5.231108616854587,0.0,1,186.0,1,66245128.0,202195080239.036,0,0,0,0
TUR,2002,0.449376588359619,0.449376588359619,26.20714121927466,9.587947328270454,6.43550883793114,48.1026101234402,44.964120947985,22.806808265341846,-0.0763253,0,4.663439094112067,0.0,1,105.0,1,67048795.0,240778008473.845,0,1,1,0
TUR,2003,0.539644361182156,0.539644361182156,26.47708499987884,9.632709649211218,5.79909321038525,46.3681553387846,21.6024384490573,22.959195179109845,-0.122087199999999,0,5.389071729816501,0.0,1,218.0,1,67831730.0,315392899922.379,0,1,1,0
TUR,2004,0.679008638958041,0.679008638958041,26.73980532475769,9.71618664187481,9.92540551918624,48.9934575435266,8.59826168115262,23.0951485163524,0.0811852,0,5.6240175061873385,0.0,1,276.0,1,68592617.0,410156784495.948,0,1,1,0
TUR,2005,1.97338571270823,1.97338571270823,26.95436561735817,9.792701042786028,9.11157745861635,46.3088308846211,8.17916036802008,23.169274504884225,0.04984,0,6.0112671744041615,0.0,1,407.0,1,69329557.0,508314210212.544,0,1,1,0
TUR,2006,3.60660172381881,3.60660172381881,27.0506097989862,9.8507199590806,7.06762607623939,48.9456766641314,9.59724212288446,23.25576755294892,0.0791776999999999,0,5.857933154483459,0.0,1,349.0,1,70045349.0,559668118237.002,0,1,1,0
TUR,2007,3.21746696332257,3.21746696332257,27.25301816852353,9.89893136484232,5.10818513903604,48.027468179713,8.75618090972632,23.398269839069616,0.1916776,0,6.499787040655854,0.0,1,664.0,1,70158112.0,685228481017.03,0,1,1,0
TUR,2008,2.56004537243285,2.56004537243285,27.376665424691545,9.895434440409275,0.920118221365883,50.7612500066681,10.4441283764885,23.507708692380174,0.1301583,0,6.525029657843462,0.0,1,681.0,1,71051678.0,775415944332.866,0,1,1,0
TUR,2009,1.31290302296241,1.31290302296241,27.20621178382093,9.831572156946637,-4.88269401706633,47.0391385732199,6.25097663090626,23.424962737751216,0.2313188,0,5.393627546352362,0.0,1,219.0,1,72039206.0,653894449921.288,0,1,1,0
TUR,2010,1.16274364749147,1.16274364749147,27.38581811455046,9.898346685076625,8.54219848467686,46.9433366709891,8.56644420552976,23.4875806972362,0.2639953,0,5.877735781779639,0.0,1,356.0,1,73142150.0,782545664268.333,0,1,1,1
TUR,2011,1.91686136260632,1.91686136260632,27.46164639484769,9.987848424689124,10.9799625273598,53.651583897618,6.471879671151,23.5978862710897,0.3221463,0,6.822197390620491,0.0,1,917.0,1,74223629.0,844192507380.795,0,1,1,1
TUR,2012,1.55241965245755,1.55241965245755,27.5092236083407,10.022057604138087,4.80762696633448,53.3277612968607,8.89156996512163,23.595098237778693,0.3847742,0,10.845407044044098,0.0,1,51297.0,1,75175827.0,885327622479.052,0,1,1,1
TUR,2013,1.40962960980578,1.40962960980578,27.59245453811457,10.090685206405215,8.48825689298511,53.0683530043043,7.49309030547693,23.62522503920464,0.3007252,0,3.49650756146648,0.0,1,32.0,1,76147624.0,962167643588.925,0,1,1,1
TUR,2014,1.41530142282668,1.41530142282668,27.571635622499528,10.122175278358434,4.60079447270559,54.30677404128,8.85457271364316,23.64611930888416,0.4793163,0,0.0,1.0,0,0.0,0,77181884.0,942343431928.654,0,1,1,1
TUR,2015,2.225752648523,2.225752648523,27.486527052997275,10.165267135749986,5.80557386628684,51.8749252596832,7.67085364845885,23.547505643166662,0.3331512,0,6.838405200847344,0.0,1,932.0,1,78218479.0,865460050683.656,0,1,1,1
TUR,2016,1.58873607703875,1.58873607703875,27.492698856159187,10.184509131122596,3.32366508200445,48.870183807987,7.7751341532833,23.5596664035434,0.2092276,1,7.86940171257709,0.0,1,2615.0,2,79277962.0,870818016909.84,0,1,1,1
TUR,2017,1.29532700760314,1.29532700760314,27.48469336645985,10.246888881361274,7.82585730002594,56.1356585158689,11.1443110840764,23.62175150137568,0.2874577,0,7.317876198626496,0.0,1,1506.0,1,80312698.0,863874522365.276,0,1,1,1
TUR,2018,1.57923380202967,1.57923380202967,27.39321685184981,10.267446530969965,3.46815306092219,62.8251323851165,16.3324638988929,23.690823304887083,0.0477841,0,6.846943139585379,0.0,1,940.0,1,81407204.0,788356985773.667,0,1,1,1
TUR,2019,1.22536076199392,1.22536076199392,27.377229092084324,10.266081815477191,1.30162365464503,62.5784589326239,15.1768215720022,23.69902782582804,0.2099076,0,6.447305862541213,0.0,1,630.0,1,82579440.0,775853144222.613,0,1,1,1
TUR,2020,1.02531493703228,1.02531493703228,27.32126826194437,10.27424795605043,1.80306247087255,60.389853117297,12.2789574462574,23.66590849033197,0.070917,0,6.068425588244111,0.0,1,431.0,1,83384680.0,733628247119.077,0,1,1,1
TUR,2021,1.50891969619413,1.50891969619413,27.45659471203732,10.37678411163395,11.811094450607,69.6088976086437,19.5964926913324,23.804341201213543,0.0250833,0,6.202535517187923,0.0,1,493.0,1,84147318.0,839938668172.134,0,1,1,1
TUR,2022,1.48839623728753,1.48839623728753,27.55424533269804,10.419921752943475,5.44122511322401,79.8982722314341,72.3088359891207,23.838605556411245,-0.0247938999999999,0,6.634633357861686,0.0,1,760.0,1,84979913.0,926097476913.818,0,1,1,1
TUR,2023,0.933806495534912,0.933806495534912,27.76313901661913,10.465077680791785,5.04512369812289,65.6832084738667,53.8594087593315,23.87991758830171,-0.114084999999999,0,5.958424693029782,0.0,1,386.0,1,85325965.0,1141242864657.45,0,1,1,1
TUR,2024,0.860701598247461,0.860701598247461,27.93786132036793,10.49555643665154,3.3276230893799,54.5988061195916,58.5064507300342,23.92129778959526,-0.0707153,0,5.480638923341991,0.0,1,239.0,1,85518661.0,1359123768774.12,0,1,1,1
TZA,1996,1.59077685028243,1.59077685028243,22.96753600469652,7.456197194175913,4.54436680394173,35.7265066969485,20.9772596430629,22.029503558336646,-1.1113727,0,0.0,30.0,0,0.0,0,30945762.0,9433528150.36609,0,1,1,0
TZA,1997,1.41496919733439,1.41496919733439,23.135440306122344,7.470681986020744,3.52527818941036,28.8587832233337,16.0906549283201,22.01893802132636,,0,0.0,30.0,0,0.0,0,31578089.0,11158197941.9152,0,0,0,0
TZA,1998,1.41550329957581,1.41550329957581,23.22246897456231,7.480836707249192,3.70851159859504,26.1436420608095,12.7997540479609,22.01223765237032,-0.815372,0,0.0,30.0,0,0.0,0,32420458.0,12172790056.3733,0,1,1,0
TZA,1999,4.06712098236526,4.06712098236526,23.26520904745083,7.501618752413418,4.86386375362282,25.0220548113162,7.89043336058877,22.02749222903457,,0,0.0,30.0,0,0.0,0,33300330.0,12704334195.8151,0,0,0,0
TZA,2000,3.46551698028756,3.46551698028756,23.316411386996503,7.51748641822101,4.52078463603256,23.9891151549808,5.92396109637479,22.04903157741546,-0.813918599999999,0,0.0,30.0,0,0.0,0,34260139.0,13371767081.7428,0,1,1,0
TZA,2001,4.04947475303632,4.04947475303632,23.330684325612665,7.549475135819386,6.07080828734129,28.0301432282533,5.14746800222618,22.042737010449365,,0,0.0,30.0,0,0.0,0,35198299.0,13563990022.3641,0,0,0,0
TZA,2002,2.79955328638088,2.79955328638088,23.371541397507187,7.5921867312436815,7.09319498355502,27.4992172734904,5.31783366118203,22.089580741376523,-0.6803632,0,0.0,30.0,0,0.0,0,36121304.0,14129651895.6911,0,1,1,0
TZA,2003,2.09316343526651,2.09316343526651,23.44531674966178,7.630382327767327,6.67278983053497,30.4488358249326,5.30356621509782,22.22629130139472,-0.776861199999999,0,0.0,30.0,0,0.0,0,37089555.0,15211487708.7684,0,1,1,0
TZA,2004,2.65421873789577,2.65421873789577,23.537060228497747,7.675658040381156,7.50381465859829,33.609786736665,4.73580143949058,22.359842835775623,-0.7137614,0,0.0,30.0,0,0.0,0,38109668.0,16673062473.3981,0,1,1,0
TZA,2005,5.08562696835774,5.08562696835774,23.63536558136055,7.720059334035682,7.47631925974784,36.9592732894013,5.03457009267163,22.44740911445512,-0.5367346,0,0.0,30.0,0,0.0,0,39182076.0,18395383647.4975,0,1,1,0
TZA,2006,2.16456512450246,2.16456512450246,23.64749457897564,7.755383581419138,6.53222138847813,42.7681664691467,7.25097262082546,22.538948370692385,-0.424964299999999,0,0.0,30.0,0,0.0,0,40294902.0,18619859795.2852,0,1,1,0
TZA,2007,2.66011088834969,2.66011088834969,23.80794421078155,7.793015905098679,6.76853520293716,48.0583947796554,7.02551436974771,22.67502197852581,-0.4095029,0,0.0,30.0,0,0.0,0,41435512.0,21860434823.4808,0,1,1,0
TZA,2008,4.94943766923668,4.94943766923668,24.053605087102643,7.821346080259212,5.68641685905224,49.0265445510865,10.2783937621135,22.78131200948449,-0.5164704,0,0.0,30.0,0,0.0,0,42570728.0,27947821397.9272,0,1,1,0
TZA,2009,3.24017488387777,3.24017488387777,24.10428001972686,7.848079297907635,5.26910524873463,43.5326006456317,12.1422278742988,22.72143230558677,-0.460574999999999,0,0.0,30.0,0,0.0,0,43633982.0,29400573553.6075,0,1,1,0
TZA,2010,5.66396796617806,5.66396796617806,24.189404562332538,7.884125907130824,6.33652342666889,47.6404394295683,6.20015595647403,22.81618328017841,-0.4529236,0,0.0,30.0,0,0.0,0,44758488.0,32012892919.37,0,1,1,1
TZA,2011,3.54720849735785,3.54720849735785,24.26876960474476,7.930101080177747,7.67215543486064,56.1661241821809,12.6909694699162,22.930072772515825,-0.492137499999999,0,0.0,30.0,0,0.0,0,46029367.0,34657140096.4836,0,1,1,1
TZA,2012,4.53878496380622,4.53878496380622,24.40336673107941,7.945373106129924,4.50015356010131,54.3689490815138,16.0010938506338,22.948368529670827,-0.601317299999999,0,0.0,30.0,0,0.0,0,47374260.0,39650394362.9287,0,1,1,1
TZA,2013,4.57242839319348,4.57242839319348,24.544244410647003,7.98100301712055,6.78158560065316,48.6316275295495,7.87072364573959,22.978342323342183,-0.572305,0,0.0,30.0,0,0.0,0,48824128.0,45648857242.315,0,1,1,1
TZA,2014,2.8329281892962,2.8329281892962,24.63502333634456,8.01551529656961,6.73246186832483,45.3560223433065,6.13161432988012,23.004818364556822,-0.4823648,0,0.0,30.0,0,0.0,0,50351512.0,49986726460.6805,0,1,1,1
TZA,2015,3.17633492826527,3.17633492826527,24.58218168956365,8.04284239253075,6.16062877406682,40.7576808778314,5.58816952959298,22.93146710389803,-0.3870031,0,0.0,30.0,0,0.0,0,52020962.0,47413919817.124,0,1,1,1
TZA,2016,1.73591210997565,1.73591210997565,24.63076682091876,8.075348340539707,6.86711619644551,35.4204704002636,5.17476629301493,22.94310843379369,-0.3515643,0,0.0,30.0,0,0.0,0,53824013.0,49774409374.4538,0,1,1,1
TZA,2017,1.76011643802415,1.76011643802415,24.69873084754796,8.107204365732636,6.72726996832438,33.1125919853124,5.31871605228931,23.01088006579084,-0.357548,0,0.0,30.0,0,0.0,0,55652890.0,53274884532.7886,0,1,1,1
TZA,2018,1.70440979499363,1.70440979499363,24.76638224111719,8.129378018961544,5.50267599384966,32.6426099043737,3.49445848856181,23.07340629080492,-0.4659659,0,0.0,30.0,0,0.0,0,57437145.0,57003712892.0858,0,1,1,1
TZA,2019,1.99459353959393,1.99459353959393,24.83457783341954,8.156117885314691,5.79999999996723,33.0185892502311,3.46428057999021,23.0891310539646,-0.5098718,0,0.0,30.0,0,0.0,0,59174891.0,61026731925.9213,0,1,1,1
TZA,2020,1.42845965174632,1.42845965174632,24.91396151861416,8.146077779181049,1.99196460647855,27.9630151969884,3.29029062798325,23.05305906127038,-0.4883765,0,0.0,30.0,0,0.0,0,60972798.0,66068737786.0639,0,1,1,1
TZA,2021,1.68494347865961,1.68494347865961,24.981083605294707,8.158540008570421,4.32138429480482,29.9151840074048,3.69091958802199,23.190946197660548,-0.486840899999999,0,0.0,30.0,0,0.0,0,62830412.0,70655628147.8986,0,1,1,1
TZA,2022,1.89781100350604,1.89781100350604,25.050692688489423,8.173852086005686,4.56600576430955,35.0034517101994,4.35027204269101,23.23490943893825,-0.427250199999999,0,0.0,30.0,0,0.0,0,64711821.0,75749121846.9703,0,1,1,1
TZA,2023,2.08641570922927,2.08641570922927,25.09310520311804,8.194448467827057,5.06952353203394,38.212034806339,3.79923291384916,23.27029625433213,-0.405130699999999,0,0.0,30.0,0,0.0,0,66617606.0,79030935638.1317,0,1,1,1
TZA,2024,2.16767805172059,2.16767805172059,25.09569296146519,8.219666267574178,5.5263138305945,41.3081068648568,3.05694676312373,23.31037416674735,-0.2924507,0,0.0,30.0,0,0.0,0,68560157.0,79235713444.9777,0,1,1,1
UGA,1996,2.00179157800548,2.00179157800548,22.522428720965944,7.221065431934806,9.07211457909349,35.3854868820104,7.19164660433344,22.116203260618366,-0.81117,1,7.145984467714388,0.0,1,1268.0,2,21231550.0,6044585326.938,0,1,1,0
UGA,1997,2.79136538541262,2.79136538541262,22.558935856300057,7.2418182364427235,5.10000186476283,34.1585669652784,8.16902144106963,22.105251198223403,,0,6.790097235513905,0.0,1,888.0,1,21856046.0,6269333313.17108,0,0,0,0
UGA,1998,3.18915524586374,3.18915524586374,22.608032206151147,7.259965796475682,4.90526548451564,30.043921931244,0.0688041719983172,22.102147827170363,-0.5448568,0,6.728628613084702,0.0,1,835.0,1,22515806.0,6584815846.52754,0,1,1,0
UGA,1999,2.33722633189323,2.33722633189323,22.51478582049116,7.305025542074238,8.05394837724197,36.0247101570245,5.77736898687895,22.11463470237303,,0,5.87493073085203,0.0,1,355.0,1,23257281.0,5998563257.94659,0,0,0,0
UGA,2000,2.59476174980504,2.59476174980504,22.54672531554336,7.304519301219235,3.141907338187,32.7490333383822,3.39202158512998,22.1334633846506,-0.5434034,0,5.963579343618446,0.0,1,388.0,1,24000150.0,6193246837.09687,0,1,1,0
UGA,2001,2.59388837097761,2.59388837097761,22.488082908920173,7.324466404619068,5.18366112490236,35.3299767819725,1.86512524084773,22.128885263057622,,0,5.247024072160486,0.0,1,189.0,1,24745676.0,5840503868.51573,0,0,0,0
UGA,2002,2.98852729237692,2.98852729237692,22.544351652779017,7.376872789543713,8.73268576440127,36.2777941561831,-0.287508511765196,22.177524759598445,-0.4743997,1,6.99117688712121,0.0,1,1086.0,2,25532870.0,6178563591.12051,0,1,1,0
UGA,2003,3.06033199910157,3.06033199910157,22.611378014361858,7.408014227641606,6.47325867166543,36.5857264641268,8.68047651566884,22.31559953402203,-0.653539299999999,0,6.466144724237619,0.0,1,642.0,1,26352124.0,6606884275.23087,0,1,1,0
UGA,2004,3.72085072270846,3.72085072270846,22.795114569539983,7.44387524187564,6.80723334361883,35.4600862456436,3.72128743978228,22.44947859628341,-0.5475574,1,7.384610383176974,0.0,1,1610.0,2,27154515.0,7939487547.77384,0,1,1,0
UGA,2005,4.11082611076276,4.11082611076276,22.946723494275616,7.475927433483024,6.33256511623156,38.9942854839061,8.44872642299532,22.536885865125644,-0.610698,0,6.54534966033442,0.0,1,695.0,1,27963289.0,9239221763.05793,0,1,1,0
UGA,2006,6.45705802026041,6.45705802026041,23.02361319637817,7.5490717327661345,10.7847443857453,43.6332857896204,7.31067613561864,22.6286806490728,-0.5128808,0,6.001414877961151,0.0,1,403.0,1,28794003.0,9977647682.96954,0,1,1,0
UGA,2007,6.65659725038112,6.65659725038112,23.200019717618,7.600433594463729,8.41242596551071,46.7774166522822,6.1385108328505,22.765673180280537,-0.450149099999999,0,4.5217885770490405,0.0,1,91.0,1,29653430.0,11902564494.8833,0,1,1,0
UGA,2008,5.04737190164171,5.04737190164171,23.39329595701425,7.65449085221515,8.70875190154499,56.2582682050634,12.0508555482886,22.87316111137504,-0.534874899999999,0,0.0,0.0,1,0.0,1,30539553.0,14440404132.2047,0,1,1,0
UGA,2009,3.3491615513943,3.3491615513943,23.947240861436264,7.6908798829262786,6.80151734860395,47.0638780748379,13.0172561889185,22.808212730189123,-0.485208,0,0.0,0.0,1,0.0,1,31451151.0,25127805566.6584,0,1,1,0
UGA,2010,2.03900471067451,2.03900471067451,24.00693420434048,7.716285262251918,5.63761163749757,38.2692490371291,3.97655288478168,22.8988678721292,-0.4480976,0,0.0,0.0,1,0.0,1,32390802.0,26673441430.7857,0,1,1,1
UGA,2011,3.2086060344385,3.2086060344385,24.05087857969881,7.776730196770911,9.3916554927176,39.7552255606122,16.5643496174515,23.011748252223462,-0.477396999999999,0,0.0,0.0,1,0.0,1,33354543.0,27871725241.4723,0,1,1,1
UGA,2012,4.41438584859015,4.41438584859015,24.03036921569012,7.7853444995747,3.83745560605229,43.5021371397314,12.6790377224659,23.02920566735592,-0.5124134,0,0.0,1.0,0,0.0,0,34337438.0,27305915910.7877,0,1,1,1
UGA,2013,3.79031709675384,3.79031709675384,24.087653529176183,7.791889727398883,3.58690582623025,43.1091548734687,4.90520875694557,23.06069235258927,-0.4771163,0,0.0,0.0,1,0.0,1,35337042.0,28915786516.6123,0,1,1,1
UGA,2014,3.24589612959273,3.24589612959273,24.207958337000186,7.812177380116625,5.10630732539796,36.0144010819085,3.07570668958641,23.08743406055525,-0.3073649,0,0.0,0.0,1,0.0,1,36395539.0,32612397257.4458,0,1,1,1
UGA,2015,2.27760507458345,2.27760507458345,24.201028617602866,7.83202215780869,5.18785986002466,37.6892983324358,5.58968606251725,23.011092716402988,-0.3049149,0,0.0,0.0,1,0.0,1,37531446.0,32387183730.1002,0,1,1,1
UGA,2016,2.1425304891559,2.1425304891559,24.097571136078905,7.845505183214237,4.78100029254482,31.2093620232119,5.70637504616212,23.0224344717714,-0.378526,0,0.0,0.0,1,0.0,1,38799152.0,29203988696.2626,0,1,1,1
UGA,2017,2.61088918011351,2.61088918011351,24.1489761025747,7.841432994971494,3.13140551723596,36.8370529334101,5.20971705914209,23.08793305649349,-0.364528099999999,0,6.184148890937483,0.0,1,484.0,1,40177388.0,30744473841.424,0,1,1,1
UGA,2018,3.20512810607337,3.20512810607337,24.21755960492114,7.868590896240138,6.30392378262997,36.6384055999567,2.61601190952274,23.15108322146965,-0.4963721,0,0.0,1.0,0,0.0,0,41565831.0,32927025619.6795,0,1,1,1
UGA,2019,3.68569218154174,3.68569218154174,24.28865081686793,7.897077151687776,6.43874503276439,39.3610539647435,2.867588034469,23.16734707920244,-0.5169667,0,0.0,2.0,0,0.0,0,42999637.0,35353061003.4359,0,1,1,1
UGA,2020,3.16881317773755,3.16881317773755,24.350279680955623,7.892828913856631,2.95130642218098,37.0006923916369,3.31332289544502,23.13147160235558,-0.5765401,0,3.258096538021482,0.0,1,25.0,1,44457152.0,37600368241.6657,0,1,1,1
UGA,2021,4.06673785760736,4.06673785760736,24.42530306535182,7.895406345198568,3.53658034070898,41.7136307424781,2.20457204757414,23.26859779895591,-0.5687509,0,0.0,1.0,0,0.0,0,45910930.0,40529788748.6737,0,1,1,1
UGA,2022,6.48067616265599,6.48067616265599,24.542413027737528,7.910189246204158,4.58802192181773,34.5053019270937,7.1957888597581,23.313758011579576,-0.5149724,0,3.258096538021482,0.0,1,25.0,1,47312719.0,45565333210.9108,0,1,1,1
UGA,2023,6.13816501913594,6.13816501913594,24.61035979703417,7.934175215013012,5.33697295511469,33.3416963302219,5.35094804280395,23.349546940424567,-0.4315787,0,0.0,1.0,0,0.0,0,48656601.0,48768955863.3175,0,1,1,1
UGA,2024,6.04170465908871,6.04170465908871,24.710617201021705,7.965431015493433,6.05558075875589,42.6527889088562,3.32338033691819,23.38923753199253,-0.3501362,0,0.0,2.0,0,0.0,0,50015092.0,53911907079.0485,0,1,1,1
UKR,1996,1.16924072792846,1.16924072792846,24.52007619804408,9.20728580920196,-10.0,93.8566450766079,80.3255014551742,22.87400391139297,-1.1664349,0,0.0,30.0,0,0.0,0,51226109.0,44558831005.0621,0,1,1,0
UKR,1997,1.2422352423285,1.2422352423285,24.63831489110201,9.185437842335238,-2.99999999842365,84.2414161623735,15.940599414943,22.843406400088192,,0,0.0,30.0,0,0.0,0,50786885.0,50151531591.7317,0,0,0,0
UKR,1998,1.77400963613502,1.77400963613502,24.45813447292882,9.174304270061322,-1.90000000214164,86.0497284415116,10.5771611482514,22.84838020612184,-1.1883009,0,0.0,30.0,0,0.0,0,50379731.0,41882523345.1804,0,1,1,0
UKR,1999,1.57058250563469,1.57058250563469,24.17581009743172,9.180339339152606,-0.200000000106499,101.951706965548,22.6836718061345,22.856938268622205,,0,0.0,30.0,0,0.0,0,49976446.0,31580639553.8298,0,0,0,0
UKR,2000,1.83783307310592,1.83783307310592,24.20065494954419,9.246099572153977,5.90000000024899,115.735714934593,28.2030972388552,22.84882894929033,-1.0286022,0,0.0,30.0,0,0.0,0,49556660.0,32375083934.8241,0,1,1,0
UKR,2001,2.01477599147626,2.01477599147626,24.394734117031287,9.339558729262835,8.80000000367222,99.9261276192731,11.9588085390459,22.848810075646444,,0,0.0,30.0,0,0.0,0,49106855.0,39309580983.2282,0,0,0,0
UKR,2002,1.57657070830023,1.57657070830023,24.50645869270187,9.400364608690948,5.33964720719075,95.994669810112,0.75742084639286,22.91333225197473,-1.01731329999999,0,0.0,30.0,0,0.0,0,48677281.0,43956163612.0433,0,1,1,0
UKR,2003,2.73791628490563,2.73791628490563,24.67470868479733,9.498738179439478,9.51660986436364,102.590182257396,5.17967781908315,23.071054268520022,-0.9148617,0,0.0,30.0,0,0.0,0,48315136.0,52010355753.0461,0,1,1,0
UKR,2004,2.55131815944331,2.55131815944331,24.931238952670025,9.617208921882364,11.7953525281136,109.981708544962,9.04806786050888,23.2114838418845,-0.7853926,0,0.0,30.0,0,0.0,0,47979507.0,67220154164.3166,0,1,1,0
UKR,2005,8.7495509827803,8.7495509827803,25.214582489246176,9.655703735589055,3.07123039245209,94.6475701087848,13.5695764909248,23.28849599083514,-0.879506399999999,0,0.0,30.0,0,0.0,0,47585556.0,89238865118.5263,0,1,1,0
UKR,2006,5.00872538573992,5.00872538573992,25.4407351827052,9.735158116605882,7.57142076322967,89.181052639031,9.05252491133248,23.373781976525585,-0.875903299999999,0,0.0,30.0,0,0.0,0,47278694.0,111884752475.248,0,1,1,0
UKR,2007,6.8531805098082,6.8531805098082,25.72542438060305,9.818692644919247,8.21584445165715,88.0465606718626,12.8387796190181,23.51892901644554,-0.795347199999999,0,0.0,30.0,0,0.0,0,47062798.0,148733861386.139,0,1,1,0
UKR,2008,5.68814936936009,5.68814936936009,25.9602948118102,9.84606955767338,2.24349159628288,94.1718921417534,25.226461707384,23.626381137445343,-0.825253,0,0.0,30.0,0,0.0,0,46819175.0,188110390659.515,0,1,1,0
UKR,2009,3.9234187670663,3.9234187670663,25.523609254080807,9.6861269911082,-15.1364679101502,87.4761626200316,15.8811924594476,23.53459184407863,-0.8187084,0,0.0,30.0,0,0.0,0,46623731.0,121552153444.124,0,1,1,0
UKR,2010,4.56840018285092,4.56840018285092,25.67350810626513,9.729835997732442,4.09200436668087,95.72973045329,9.37293105078978,23.600254651113765,-0.8109626,0,0.0,30.0,0,0.0,0,46456003.0,141209170427.233,0,1,1,1
UKR,2011,4.256089748054,4.256089748054,25.85513795964109,9.786052039494578,5.44528081048476,104.805073904259,7.95572466274652,23.71193354870839,-0.8250636,0,0.0,30.0,0,0.0,0,46307853.0,169333835201.554,0,1,1,1
UKR,2012,4.47720109403357,4.47720109403357,25.93051864432823,9.789688209612205,0.152314967200653,102.622788356626,0.568727971803862,23.70976019015464,-0.695914199999999,0,0.0,30.0,0,0.0,0,46210056.0,182591753827.949,0,1,1,1
UKR,2013,2.36694390135139,2.36694390135139,25.972911792438733,9.791946409248506,0.045439094492707,94.0016694501782,-0.238948626045407,23.744816192934792,-0.740147799999999,0,0.0,30.0,0,0.0,0,46126770.0,190498811460.028,0,1,1,1
UKR,2014,0.634438528402592,0.634438528402592,25.61739631707568,9.739721522201853,-10.0788949840953,100.691782483624,12.0718562874251,23.76504290379589,-0.5207145,1,8.496990484098719,0.0,1,4899.0,2,45972380.0,133503871861.723,0,1,1,1
UKR,2015,-0.217508398305494,-0.217508398305494,25.234465590946936,9.64236366594278,-9.7729872128676,107.806616298156,48.6998646434424,23.660884914853828,-0.5539736,1,7.546974117516527,0.0,1,1894.0,2,45784896.0,91030967789.0717,0,1,0,0
UKR,2016,4.42178946686191,4.42178946686191,25.259684580200453,9.671354497688808,2.44098194492067,105.521204913122,13.9127101997797,23.67086363179017,-0.5158451,0,6.548219102762372,0.0,1,697.0,1,45616832.0,93355869403.9223,0,1,1,1
UKR,2017,3.28306130596563,3.28306130596563,25.442572463006723,9.699555789274273,2.35997228099491,104.034982911399,14.4383227488749,23.73351374084766,-0.4837223,0,6.104793232414985,0.0,1,447.0,1,45436041.0,112090505081.739,0,1,1,1
UKR,2018,3.80086991777664,3.80086991777664,25.59763142728152,9.739731645061156,3.48836234022659,99.1998150718675,10.9518559353178,23.79722392622204,-0.363193899999999,0,5.497168225293202,0.0,1,243.0,1,45208907.0,130891088293.55,0,1,1,1
UKR,2019,3.76649676088543,3.76649676088543,25.75945871908967,9.777728997984813,3.19950386354134,90.5112342910763,7.88671745611133,23.80163712470529,-0.372940899999999,0,5.7430031878094825,0.0,1,311.0,1,44957458.0,153883047509.577,0,1,1,1
UKR,2020,0.194103193490519,0.194103193490519,25.777073781490603,9.746397335144414,-3.75281793983162,79.1564523761815,2.73249209419427,23.769780487100547,-0.3827228,0,5.2832037287379885,0.0,1,196.0,1,44680014.0,156617722013.342,0,1,1,1
UKR,2021,3.98166133947207,3.98166133947207,26.020411815542065,9.789557545846655,3.44562065945944,82.69796136345,9.36313917695223,23.90697702584037,-0.404859099999999,0,5.342334251964811,0.0,1,208.0,1,44298640.0,199765859570.935,0,1,1,1
UKR,2022,0.136428578229067,0.136428578229067,25.81079748318028,9.53149018131649,-28.7585842155085,87.3965139907244,20.1836366617478,23.9411009965511,-0.6371971,1,11.50822443241158,0.0,1,99530.0,2,41048766.0,161989520721.19,0,1,1,1
UKR,2023,2.52287921090664,2.52287921090664,25.92298597553984,9.675140361229008,5.53473354963334,77.5096141935657,12.8490222828559,23.99103021450562,-0.5803376,1,11.241838266090284,0.0,1,76254.0,2,37732836.0,181221517868.744,0,1,1,1
UKR,2024,2.10549664352154,2.10549664352154,25.9746689148566,9.703293718184032,3.24811808426423,79.6884673892276,6.50198464669254,24.039297178422338,-0.5988431,1,11.53391366370857,0.0,1,102120.0,2,37860221.0,190833835445.1,0,1,1,1
URY,1996,0.666814258997262,0.666814258997262,23.744444493255905,9.766159629926884,5.57795776385868,39.5284364552889,28.3420486004309,22.024251182570502,0.7382326,0,0.0,30.0,0,0.0,0,3206324.0,20515458113.5857,0,1,1,0
URY,1997,0.472262125571725,0.472262125571725,23.900058006480656,9.84288446624629,8.54768320111596,37.706397080707,19.8188093183779,22.04479973616813,,0,0.0,30.0,0,0.0,0,3223345.0,23969739233.8966,0,0,0,0
URY,1998,0.646422164194213,0.646422164194213,23.95745922574472,9.882150659148357,4.51889009679091,35.6400154006956,10.8110703055616,22.052539393518447,0.4660373,0,0.0,30.0,0,0.0,0,3239280.0,25385886977.5228,0,1,1,0
URY,1999,0.981072955803878,0.981072955803878,23.900650493056386,9.862285814181773,-1.52094591992036,33.3864489469027,5.65868803927908,22.03717267229121,,0,0.0,30.0,0,0.0,0,3254015.0,23983945190.6202,0,0,0,0
URY,2000,1.15156587871402,1.15156587871402,23.851046505557203,9.839058396734954,-1.92993063549235,36.7137381507902,4.76382472733251,22.06924963818316,0.4115084,0,0.0,30.0,0,0.0,0,3266206.0,22823270892.1094,0,1,1,0
URY,2001,1.48526947201505,1.48526947201505,23.762955747379173,9.797398657797514,-3.84412995940374,36.3095126435057,4.3593406521727,22.055023509601547,,0,0.0,30.0,0,0.0,0,3274251.0,20898761742.2386,0,0,0,0
URY,2002,1.32180928215272,1.32180928215272,23.33381461220697,9.715516984194588,-7.73200721540044,40.02906730756,13.9724725913515,21.99827749236772,0.5051999,0,0.0,30.0,0,0.0,0,3278867.0,13606515722.5864,0,1,1,0
URY,2003,3.34326299269857,3.34326299269857,23.21196846885682,9.722830565757953,0.805283915893824,51.7591995826472,19.3797301743995,22.11435029521472,0.4907809,0,0.0,30.0,0,0.0,0,3281186.0,12045638351.8507,0,1,1,0
URY,2004,2.57711736584849,2.57711736584849,23.339663353388985,9.771062575760611,5.00416035564457,61.4766880860242,9.15760507540997,22.24455460495741,0.2761452,0,0.0,30.0,0,0.0,0,3283148.0,13686329890.1191,0,1,1,0
URY,2005,4.76089085880271,4.76089085880271,23.577599145756626,9.842213695276309,7.4601321302473,58.8776963255774,4.6992773903564,22.3468835773202,0.5531436,0,0.0,30.0,0,0.0,0,3285771.0,17362857683.8545,0,1,1,0
URY,2006,7.64053554410063,7.64053554410063,23.70598484100065,9.881245744738957,4.09857735445401,61.9715745165876,6.39764974385131,22.44591990487532,0.5439623,0,0.0,30.0,0,0.0,0,3289506.0,19741420739.8901,0,1,1,0
URY,2007,5.70951115694377,5.70951115694377,23.892857842842464,9.94289504181177,6.54151084504817,59.2104478374095,8.11464561179313,22.57729333566381,0.5605234,0,0.0,30.0,0,0.0,0,3295153.0,23797773024.3992,0,1,1,0
URY,2008,6.88302281006264,6.88302281006264,24.16110376428661,10.010069201511998,7.17614466455107,65.2080950071821,7.87707374730888,22.68537530683523,0.629273,0,0.0,30.0,0,0.0,0,3302177.0,31119602538.8322,0,1,1,0
URY,2009,4.89964589428753,4.89964589428753,24.2108952885342,10.04923473492808,4.24349419462426,53.3944192683736,7.06221874388574,22.628947103798147,0.6581432,0,0.0,30.0,0,0.0,0,3310091.0,32708319077.5179,0,1,1,0
URY,2010,5.22300143125049,5.22300143125049,24.45975288035791,10.121812537195185,7.8034096507169,51.6990372012256,6.69870886978132,22.750076116929904,0.6600282,0,0.0,30.0,0,0.0,0,3318580.0,41950361211.9581,0,1,1,1
URY,2011,5.34359480768242,5.34359480768242,24.642113621837908,10.169664219352663,5.16213302463606,53.2470340109018,8.0928320630299,22.86856439114653,0.5985767,0,0.0,30.0,0,0.0,0,3326825.0,50342406067.0777,0,1,1,1
URY,2012,11.7901578728278,11.7901578728278,24.71654188853191,10.20185993827263,3.53817872056869,55.0611541633768,8.09776580573602,22.881677370436208,0.4912679,0,0.0,30.0,0,0.0,0,3335401.0,54232266358.7811,0,1,1,1
URY,2013,1.60901257578737,1.60901257578737,24.83965922627626,10.24421759357037,4.63753862902416,49.7178464746233,8.57513504005397,22.905796646994258,0.4841046,0,0.0,30.0,0,0.0,0,3345337.0,61337621933.7857,0,1,1,1
URY,2014,6.6430584199945,6.6430584199945,24.84224100941242,10.272810203004925,3.23879122952364,49.0876240632174,8.87735333229828,22.91797622349498,0.6667986,0,0.0,30.0,0,0.0,0,3356334.0,61496186973.902,0,1,1,1
URY,2015,4.6342339444993,4.6342339444993,24.77818201643032,10.273035923088177,0.370741257681345,45.3282408087534,8.66626987079328,22.856596189097537,0.6355429,0,0.0,30.0,0,0.0,0,3368017.0,57680327998.6689,0,1,1,1
URY,2016,-0.897082488190792,-0.897082488190792,24.774716597876747,10.286453309789476,1.68979822971775,48.4705353074514,9.6394134763508,22.857758972854214,0.5902569,0,0.0,30.0,0,0.0,0,3379283.0,57480787465.2716,0,1,0,0
URY,2017,4.13270730118374,4.13270730118374,24.89774602267507,10.301001872283852,1.74037649141989,46.3779636198842,6.2180938256186,22.93616771905532,0.4897994,0,0.0,30.0,0,0.0,0,3388438.0,65006039809.739,0,1,1,1
URY,2018,2.64222389301977,2.64222389301977,24.90294029600309,10.3008508496117,0.164777608846705,47.7913453459107,7.60653360377047,22.95352565862853,0.5413347,0,0.0,30.0,0,0.0,0,3394534.0,65344577415.7535,0,1,1,1
URY,2019,2.35703298196688,2.35703298196688,24.85397969455534,10.309304694787317,0.928351027546341,49.7448660724665,7.88198870879619,22.94989904379233,0.6879853,0,0.0,30.0,0,0.0,0,3397206.0,62222324964.633,0,1,1,1
URY,2020,1.81750761000671,1.81750761000671,24.70405630581901,10.232365848036638,-7.35732706897301,47.7318331202564,9.75640636078194,22.890921162824007,0.7691696,0,0.0,30.0,0,0.0,0,3398968.0,53559354501.4278,0,1,1,1
URY,2021,8.50404500730576,8.50404500730576,24.82985284173868,10.28983351175695,5.84427325018082,58.3150555063308,7.74791402314762,23.02925040263471,0.8270962,0,0.0,30.0,0,0.0,0,3396695.0,60739061281.1628,0,1,1,1
URY,2022,12.367138051104,12.367138051104,24.989329687351542,10.336570129320778,4.60623000920732,60.2026828336525,9.10437983075437,23.106766849453383,0.8993588,0,0.0,30.0,0,0.0,0,3390913.0,71240669088.0587,0,1,1,1
URY,2023,-6.62564746176161,-5.087275859003976,25.095352305197324,10.34499427739148,0.761749241321681,52.3273108387018,5.86910359896119,23.15946630566373,0.8539851,0,0.0,30.0,0,0.0,0,3388081.0,79208725899.5531,0,1,0,0
URY,2024,-4.78198682520397,-4.78198682520397,25.13391465994245,10.37815155765276,3.32575905957381,51.4582237554765,4.84914366613156,23.19129555069123,0.6904799,0,0.0,30.0,0,0.0,0,3386588.0,82322859144.2816,0,1,0,0
USA,1996,1.20969310261879,1.20969310261879,29.719561388329307,10.788120546863045,3.77277269047364,22.6870719902412,2.93120419993441,21.84640803340565,1.7415488,0,0.0,30.0,0,0.0,0,269394000.0,8073122000000.0,0,1,1,0
USA,1997,1.4240659805968,1.4240659805968,29.780169674033125,10.81959174849179,4.44712793442667,23.4283278026178,2.33768993730735,21.835112196841266,,0,0.0,30.0,0,0.0,0,272657000.0,8577552000000.0,0,0,0,0
USA,1998,2.32984953795271,2.32984953795271,29.835201114807923,10.851790072315872,4.48313335499124,22.8258939797637,1.55227909874364,21.822555396668587,1.7051915,0,0.0,30.0,0,0.0,0,275854000.0,9062817000000.0,0,1,1,0
USA,1999,3.244143080406,3.244143080406,29.8960260373448,10.887079803630224,4.78842504836746,23.3135697296238,2.18802719697358,21.84659478490629,,0,0.0,30.0,0,0.0,0,279040000.0,9631172000000.0,0,0,0,0
USA,2000,3.40578123865959,3.40578123865959,29.95839169524885,10.91591856560611,4.07758575997799,25.1029855568536,3.37685727149929,21.87530140424113,1.8902073,0,0.0,30.0,0,0.0,0,282162411.0,10250952000000.0,0,1,1,0
USA,2001,1.63009976725416,1.63009976725416,29.99016885088127,10.915531171234994,0.955538337599847,22.9671830154975,2.82617111885407,21.86571778075978,,1,7.367708572374371,0.0,1,1583.0,2,284968955.0,10581929000000.0,0,0,0,0
USA,2002,1.01613965201918,1.01613965201918,30.02245080453968,10.923114711967411,1.70044733078285,22.2863842136065,1.58603162650601,21.90482815139661,1.9329717,0,0.0,0.0,1,0.0,1,287625193.0,10929108000000.0,0,1,1,0
USA,2003,1.0221840098809,1.0221840098809,30.06957400610163,10.942092317415508,2.79560596378604,22.6272972866813,2.27009497336115,22.038408113394684,1.6606418,1,0.0,0.0,1,0.0,2,290107933.0,11456450000000.0,0,1,1,0
USA,2004,1.74869094348654,1.74869094348654,30.133865583440247,10.970593384850323,3.84777169267127,24.4480566571904,2.67723669309172,22.174965874020472,1.631481,0,0.0,0.0,1,0.0,1,292805298.0,12217196000000.0,0,1,1,0
USA,2005,1.09166231632209,1.09166231632209,30.198981090776343,10.995618729458329,3.48354993710312,25.6385573436769,3.3927468454955,22.26360444855553,1.6184563,0,0.0,0.0,1,0.0,1,295516599.0,13039197000000.0,0,1,1,0
USA,2006,2.16033590475335,2.16033590475335,30.256818273920207,11.01344095337114,2.78453963674239,26.9752858058903,3.22594410070404,22.35512068214949,1.5496392,0,0.0,0.0,1,0.0,1,298379912.0,13815583000000.0,0,1,1,0
USA,2007,2.39469075656401,2.39469075656401,30.303390804632,11.0237708540335,2.0038583039496,28.0120155631098,2.85267248150138,22.492056671413188,1.5470008,0,0.0,0.0,1,0.0,1,301231207.0,14474228000000.0,0,1,1,0
USA,2008,2.30937838146355,2.30937838146355,30.323609869164816,11.015447429020634,0.113587247501258,29.8677875257061,3.839100296651,22.59653545552744,1.5125018,0,0.0,0.0,1,0.0,1,304093966.0,14769862000000.0,0,1,1,0
USA,2009,1.11260018343609,1.11260018343609,30.3036559994998,10.980578182262706,-2.5765002366652,24.759527635837,-0.355546266299747,22.51456887831368,1.426754,0,0.0,0.0,1,0.0,1,306771529.0,14478067000000.0,0,1,1,0
USA,2010,1.75453192115262,1.75453192115262,30.342330732692933,10.99871200319943,2.69519258673525,28.2198829408336,1.6400434423899,22.618139480641755,1.4295364,0,0.0,0.0,1,0.0,1,309378227.0,15048971000000.0,0,1,1,1
USA,2011,1.68911235141732,1.68911235141732,30.378274850549293,11.006311021386187,1.56440685205419,30.842478575914,3.156841568622,22.73426575598932,1.4578633,0,0.0,0.0,1,0.0,1,311839461.0,15599732000000.0,0,1,1,1
USA,2012,1.54020833064168,1.54020833064168,30.419358302558337,11.020960255204994,2.28911339009767,30.681839575193,2.06933726526067,22.74577775226509,1.5288502,0,0.0,0.0,1,0.0,1,314339099.0,16253970000000.0,0,1,1,1
USA,2013,1.70686814034716,1.70686814034716,30.45719106636309,11.034351811944424,2.11783009443471,29.9413062848227,1.46483265562717,22.769144095198588,1.5525204,0,0.0,0.0,1,0.0,1,316726282.0,16880683000000.0,0,1,1,1
USA,2014,1.43033863092168,1.43033863092168,30.499382297468657,11.05131654802287,2.52381981757846,29.906569337428,1.62222297740817,22.78613216281164,1.6003318,0,0.0,0.0,1,0.0,1,319257560.0,17608138000000.0,0,1,1,1
USA,2015,2.79548220201356,2.79548220201356,30.5376499529343,11.072367526967415,2.94555045227337,27.6882139340768,0.118627135552451,22.68464944013287,1.5727519,0,0.0,0.0,1,0.0,1,321815121.0,18295019000000.0,0,1,1,1
USA,2016,2.52268117379751,2.52268117379751,30.565139281411003,11.082542247419385,1.81945147909089,26.4525977865465,1.26158320570536,22.68755415849807,1.5920786,0,0.0,0.0,1,0.0,1,324353340.0,18804913000000.0,0,1,1,1
USA,2017,1.94177554246862,1.94177554246862,30.60716794060142,11.099892271030289,2.45762230126449,27.1253382222874,2.13011000365961,22.75515786084103,1.5989168,0,0.0,0.0,1,0.0,1,326608609.0,19612102000000.0,0,1,1,1
USA,2018,1.03945408799819,1.03945408799819,30.65905193035599,11.123261496109643,2.96650506701943,27.4453591302618,2.44258329692817,22.815500498999665,1.6426557,0,6.765038976780541,1.0,0,866.0,0,328529577.0,20656516000000.0,0,1,1,1
USA,2019,1.46696501417689,1.46696501417689,30.700931952001845,11.143620497029689,2.58382533052225,26.2584806245428,1.81221007526021,22.822077797296604,1.5492277,0,0.0,0.0,1,0.0,1,330226227.0,21539982000000.0,0,1,1,1
USA,2020,0.641236014628299,0.641236014628299,30.693256276863792,11.118501643879616,-2.081375977796,23.1399437509149,1.23358439630629,22.77766961545535,1.4026997,0,0.0,1.0,0,0.0,0,331578104.0,21375281000000.0,0,1,1,1
USA,2021,2.01451214498067,2.01451214498067,30.79757764656711,11.176630460370824,6.15202247867526,25.2327260228331,4.69785886363742,22.9198904966218,1.4427774,0,0.0,2.0,0,0.0,0,332100166.0,23725645000000.0,0,1,1,1
USA,2022,1.60006208497274,1.60006208497274,30.89121598936517,11.195865978937524,2.52421385073222,26.9078981557739,8.00279982052121,22.95168702464348,1.4713232,0,0.0,3.0,0,0.0,0,333996304.0,26054614000000.0,0,1,1,1
USA,2023,1.30141768246586,1.30141768246586,30.95647133141017,11.216561437442396,2.93436322440155,24.9292981752847,4.11633838374488,22.997221695213128,1.3585237,0,0.0,4.0,0,0.0,0,336755052.0,27811517000000.0,0,1,1,1
USA,2024,1.01391858895004,1.01391858895004,31.00854081395232,11.234509361664903,2.79318715363841,25.0160172978284,2.94952520485207,23.03289299176976,1.3599787,0,0.0,0.0,1,0.0,1,340003797.0,29298013000000.0,0,1,1,1
UZB,1996,0.645212527339969,0.645212527339969,23.35866593099023,8.027684447490198,1.700000003062,,,22.408858180136704,-1.1224394,0,0.0,30.0,0,0.0,0,23351981.0,13948892215.5689,0,0,0,0
UZB,1997,1.13126132489788,1.13126132489788,23.414143006935667,8.06109965919704,5.19999999656406,57.1985913618542,,22.39222562774512,,0,0.0,30.0,0,0.0,0,23758960.0,14744603773.5849,0,0,0,0
UZB,1998,0.931351445248341,0.931351445248341,23.43058051500708,8.087500430396215,4.30000000106274,45.4179547762326,,22.376285019018063,-1.1336066,0,0.0,30.0,0,0.0,0,24134929.0,14988971210.8383,0,0,0,0
UZB,1999,0.7096656112296,0.7096656112296,23.56108420757476,8.11556836130336,4.30000000179402,36.6188588125863,,22.40578977265328,,0,4.219507705176107,0.0,1,67.0,1,24476008.0,17078465982.0282,0,0,0,0
UZB,2000,0.542857629929967,0.542857629929967,23.3450690211751,8.140573147818545,3.83500000014025,44.0540299791129,,22.435569748940395,-1.1563903,0,6.156978985585555,0.0,1,471.0,1,24787054.0,13760513969.314,0,0,0,0
UZB,2001,0.726225245162731,0.726225245162731,23.15700386257497,8.169208850205198,4.16383824998903,56.776277587152,,22.43084081086264,,0,0.0,1.0,0,0.0,0,25090283.0,11401421329.1974,0,0,0,0
UZB,2002,0.674044441759953,0.674044441759953,22.994132013149045,8.195906862719498,3.97348819235708,58.954524710746,,22.48110689459656,-1.60802619999999,0,0.0,2.0,0,0.0,0,25399980.0,9687788512.80184,0,0,0,0
UZB,2003,0.815041487200325,0.815041487200325,23.039206686975888,8.22518127697268,4.23262738154382,70.4592746850874,,22.616982538003857,-1.61429279999999,0,0.0,3.0,0,0.0,0,25711259.0,10134453435.4603,0,0,0,0
UZB,2004,1.46799380148438,1.46799380148438,23.2106713243609,8.284731654855577,7.4490006055965,76.5956691950086,,22.75247925311876,-1.3575754,0,3.6375861597263857,0.0,1,37.0,1,26029350.0,12030023547.8807,0,0,0,0
UZB,2005,1.49216056466347,1.49216056466347,23.38405039991497,8.33941477334308,6.95000719569107,69.5252584247083,,22.84096859848144,-1.38932069999999,0,0.0,1.0,0,0.0,0,26356975.0,14307509838.8053,0,0,0,0
UZB,2006,1.19530557570436,1.19530557570436,23.57575305566866,8.398388635398195,7.45141847621767,67.4712921717973,,22.93495491271402,-1.3757921,0,0.0,2.0,0,0.0,0,26699043.0,17330833852.919,0,0,0,0
UZB,2007,2.99176207276698,2.99176207276698,23.8283633233979,8.474876141339275,9.47300530544537,74.4141929762327,,23.08026459506673,-1.1645575,0,0.0,3.0,0,0.0,0,27076008.0,22311393927.8817,0,0,0,0
UZB,2008,1.85438789059302,1.85438789059302,24.109330591915484,8.545973405935026,9.02916101784781,79.7479920348578,,23.19385510335804,-1.0113214,0,0.0,4.0,0,0.0,0,27494774.0,29549438883.8338,0,0,0,0
UZB,2009,1.81985173937585,1.81985173937585,24.24044385085977,8.607366589032429,8.05093332733964,68.673142199791,,23.13292240929266,-0.9400214,0,0.0,5.0,0,0.0,0,27939328.0,33689223673.2577,0,0,0,0
UZB,2010,2.99355724160322,2.99355724160322,24.74044541518869,8.664747369580644,7.5971679610016,44.1432918113775,,23.234288296816818,-1.1490114,0,0.0,6.0,0,0.0,0,28385506.0,55544226552.8467,0,0,0,0
UZB,2011,2.39605562355834,2.39605562355834,24.933979374839662,8.727590492928057,8.12793681625645,44.3313973754476,13.7797446476602,23.36126418774586,-1.1231157,0,0.0,7.0,0,0.0,0,28823196.0,67404618404.5392,0,1,1,1
UZB,2012,0.988125260232837,0.988125260232837,25.04499623168727,8.78347242125608,7.35682138899483,39.6570271654711,13.2088026688373,23.386900851992905,-1.1456714,0,0.0,8.0,0,0.0,0,29261903.0,75318846931.3239,0,1,1,1
UZB,2013,0.836508133232868,0.836508133232868,25.138173157471822,8.844038337709108,7.9217749261021,37.5113183619111,11.8414333622049,23.41663794561376,-1.1087144,0,0.0,9.0,0,0.0,0,29724065.0,82674178351.6216,0,1,1,1
UZB,2014,0.885698410750819,0.885698410750819,25.23745786262381,8.90169925783041,7.71373911707978,32.1925400076306,9.28309356162695,23.44145407313457,-0.6758124,0,0.0,10.0,0,0.0,0,30222994.0,91303765114.0144,0,1,1,1
UZB,2015,1.06718996650784,1.06718996650784,25.30378024178071,8.960883140017119,7.94477659311639,27.1724545801626,8.75188196737508,23.37131429899362,-0.617244599999999,0,0.0,11.0,0,0.0,0,30749346.0,97564568986.8161,0,1,1,1
UZB,2016,1.69905310280349,1.69905310280349,25.306919844405485,9.008581736528289,6.71108022628,25.6926479568511,8.130886695236,23.38896297545148,-0.5969381,0,0.0,12.0,0,0.0,0,31284568.0,97871364319.3985,0,1,1,1
UZB,2017,2.4880865313219,2.4880865313219,25.00376355126198,9.037569036655176,4.70027401956061,41.0443062055515,13.8757425441635,23.460724906480863,-0.5185929,0,0.0,13.0,0,0.0,0,31819178.0,72276404057.649,0,1,1,1
UZB,2018,1.01875982438812,1.01875982438812,24.839344695583343,9.07595709650209,5.72368380757618,61.395110017578,17.5241796514055,23.52505725658357,-0.5399603,0,0.0,14.0,0,0.0,0,32373490.0,61318332402.7908,0,1,1,1
UZB,2019,3.30121289679898,3.30121289679898,24.97419614841501,9.123584759557843,6.79331098484522,62.3003782302878,14.5257359560687,23.538005731403704,-0.5008385,0,0.0,15.0,0,0.0,0,32964701.0,70170662562.6111,0,1,1,1
UZB,2020,2.46444977604592,2.46444977604592,24.973575533779723,9.120987841909704,1.62162281640448,53.1070769988551,12.8677297362606,23.50694494288206,-0.656687999999999,0,0.0,16.0,0,0.0,0,33586372.0,70127127133.2164,0,1,1,1
UZB,2021,2.80927561208071,2.80927561208071,25.11981219601648,9.180458373715094,8.20448512353877,54.7477822134912,10.8492397508122,23.65114543172803,-0.3035457,0,0.0,17.0,0,0.0,0,34243696.0,81170051810.5825,0,1,1,1
UZB,2022,2.81838908878173,2.81838908878173,25.269602327211324,9.219437644722278,6.08592335737373,60.0483582576289,11.4466436998836,23.69057377677733,-0.3830537,0,0.0,18.0,0,0.0,0,34938955.0,94286355836.1594,0,1,1,1
UZB,2023,2.0054127330605,2.0054127330605,25.40100353512604,9.260472071327111,6.31603004201926,63.102194304905,9.95659071258018,23.72385604572256,-0.298574399999999,0,0.0,19.0,0,0.0,0,35652307.0,107526539716.318,0,1,1,1
UZB,2024,2.45125129042312,2.45125129042312,25.521994749256297,9.305393312257658,6.67618796188361,57.5295432552977,9.62825465956682,23.76717748024381,-0.1435922,0,0.0,20.0,0,0.0,0,36361859.0,121356065241.228,0,1,1,1
VEN,1996,3.09455717335353,3.09455717335353,24.9794912826788,,-0.25316455696202,0.0,,22.290039630497475,-0.7295317,0,0.0,30.0,0,0.0,0,22662113.0,70543211119.099,0,0,0,0
VEN,1997,7.22526529614492,7.22526529614492,25.175723891098787,,6.34517766497463,0.0,,22.31042340652441,,0,0.0,30.0,0,0.0,0,23131685.0,85837678559.8324,0,0,0,0
VEN,1998,5.50052336097173,5.50052336097173,25.23781920784876,,0.477326968973756,0.0,,22.32944332286562,-0.921342,0,0.0,30.0,0,0.0,0,23601337.0,91336763255.0597,0,0,0,0
VEN,1999,2.99266605554676,2.99266605554676,25.307956159473104,,-5.93824228028504,0.0,,22.35291764030232,,0,0.0,30.0,0,0.0,0,24066593.0,97972842461.5131,0,0,0,0
VEN,2000,4.01463241741596,4.01463241741596,25.48669083501465,,3.53535353535352,0.0,,22.39389191442305,-1.0116408,0,0.0,30.0,0,0.0,0,24526708.0,117146466002.661,0,0,0,0
VEN,2001,3.01356175819466,3.01356175819466,25.53472665214488,,3.41463414634147,0.0,,22.403101712686222,,0,0.0,30.0,0,0.0,0,24979922.0,122911036746.729,0,0,0,0
VEN,2002,0.819216932585212,0.819216932585212,25.25472045706488,,-8.72641509433961,0.0,,22.43659533946276,-1.34575929999999,0,0.0,30.0,0,0.0,0,25435671.0,92893587733.6549,0,0,0,0
VEN,2003,1.88111477594963,1.88111477594963,25.14955607997296,,-7.75193798449614,0.0,,22.529653442696564,-1.1702922,0,0.0,30.0,0,0.0,0,25892703.0,83620628582.1082,0,0,0,0
VEN,2004,1.32412757366554,1.32412757366554,25.445786969031094,,18.2072829131653,0.0,,22.636834447530784,-1.1337191,0,0.0,30.0,0,0.0,0,26340838.0,112451400424.964,0,0,0,0
VEN,2005,1.68369269808689,1.68369269808689,25.70353463164443,,10.1895734597156,0.0,,22.720149814834524,-0.990469899999999,0,0.0,30.0,0,0.0,0,26785804.0,145513489651.872,0,0,0,0
VEN,2006,0.107915126446007,0.107915126446007,25.935358001700248,,9.89247311827957,0.0,,22.799841279721253,-0.998366699999999,0,0.0,30.0,0,0.0,0,27224686.0,183477522123.894,0,0,0,0
VEN,2007,1.89178854425804,1.89178854425804,26.162926558150343,,8.80626223091976,0.0,,22.90580372997862,-0.900133099999999,0,0.0,30.0,0,0.0,0,27649363.0,230364012575.687,0,0,0,0
VEN,2008,0.659274461280102,0.659274461280102,26.478860534940388,,5.21582733812949,0.0,,22.98305290057852,-0.9298126,0,0.0,30.0,0,0.0,0,28053696.0,315953388510.678,0,0,0,0
VEN,2009,-0.344767329112459,-0.344767329112459,26.521714735538986,,-3.07692307692308,0.0,27.080941446613,22.92779070507974,-0.835729899999999,0,0.0,30.0,0,0.0,0,28438298.0,329787628928.472,0,0,0,0
VEN,2010,0.402601927997842,0.402601927997842,26.69756478075432,,-1.5873015873016,0.0,28.1874647092039,23.009959122231432,-1.0472523,0,0.0,30.0,0,0.0,0,28813101.0,393192354510.653,0,0,0,0
VEN,2011,1.85002511047875,1.85002511047875,26.480532807754308,,4.12186379928315,0.0,26.0902123160959,23.102372390307032,-1.0964067,0,0.0,30.0,0,0.0,0,29185212.0,316482190800.364,0,0,0,0
VEN,2012,1.3408754748511,1.3408754748511,26.641747267965226,,5.67986230636832,50.7514450867052,21.0689956331876,23.12291816453872,-0.9258987,0,0.0,30.0,0,0.0,0,29553826.0,371846610182.327,0,0,0,0
VEN,2013,0.829747443727892,0.829747443727892,26.278209484475138,,1.30293159609121,62.5819672131148,40.6394275161589,23.1551327078084,-0.953210399999999,0,0.0,30.0,0,0.0,0,29912198.0,258512396297.714,0,0,0,0
VEN,2014,0.528303191797945,0.528303191797945,26.09315360705888,,-3.85852090032154,64.0956340956341,62.1686499794829,23.18180297689194,-1.0075778,0,0.0,30.0,0,0.0,0,30254079.0,214838755021.964,0,0,0,0
VEN,2015,2.36008093597098,2.36008093597098,25.55357711266804,,-6.18729096989966,60.377358490566,121.738085297503,23.12884334911536,-1.01995029999999,0,0.0,30.0,0,0.0,0,30573972.0,125249941853.534,0,0,0,0
VEN,2016,1.40507091871539,1.40507091871539,25.450193687012924,,-17.1122994652406,41.3927576601671,254.948534781816,23.14080334085988,-1.0747796,0,0.0,30.0,0,0.0,0,30765720.0,112948035494.959,0,0,0,0
VEN,2017,-0.257997767399151,-0.257997767399151,25.47592866493267,,-15.6989247311828,42.6149425287356,,23.200170575693107,-1.19227819999999,0,0.0,30.0,0,0.0,0,30565323.0,115892475742.789,0,0,0,0
VEN,2018,0.609881197528909,0.609881197528909,25.34811193562349,,-19.6428571428571,54.6332963725646,,23.25269401348176,-1.59595359999999,0,0.0,30.0,0,0.0,0,29807592.0,101987075928.918,0,0,0,0
VEN,2019,0.77245293562574,0.77245293562574,25.01391919227297,,-27.6190476190476,58.1288399985284,,23.27162459456428,-1.59746559999999,0,0.0,30.0,0,0.0,0,28938098.0,73014157107.594,0,0,0,0
VEN,2020,3.51090433021444,3.51090433021444,24.48069060023313,,-29.8245614035088,26.0905679013051,,23.2341596039294,-1.562144,0,0.0,30.0,0,0.0,0,28444077.0,42837965906.8675,0,0,0,0
VEN,2021,2.14254073533861,2.14254073533861,24.75954026859385,,0.625000000000014,29.2263872682484,,23.35708372136166,-1.5198422,0,0.0,30.0,0,0.0,0,28237826.0,56615026262.6535,0,0,0,0
VEN,2022,2.63893293757608,2.63893293757608,25.212051083472065,,8.07453416149069,27.8980542310307,,23.4192874599484,-1.5015522,0,0.0,30.0,0,0.0,0,28213017.0,89013251020.9831,0,0,0,0
VEN,2023,0.012698102463344,0.012698102463344,25.351932810429744,,4.02298850574712,28.0944323171165,,23.47578223410678,-1.43242089999999,0,0.0,30.0,0,0.0,0,28300854.0,102377501185.925,0,0,0,0
VEN,2024,1.35409801107577,1.35409801107577,25.51546409002144,,5.52486187845305,26.2373885733766,,23.520665886137365,-1.46624969999999,0,0.0,30.0,0,0.0,0,28405543.0,120566112397.063,0,0,0,0
VNM,1996,9.71308063712156,9.71308063712156,23.92834575743269,8.184242860934743,9.34001749939179,92.7057468018939,5.67499999999992,22.29605582698639,-0.5650656,0,0.0,30.0,0,0.0,0,73156447.0,24657470574.7501,0,1,1,0
VNM,1997,8.2700967582097,8.2700967582097,24.01329700994709,8.248084885600129,8.1520841433542,94.3444840684516,3.20952606261375,22.273976363619457,,0,0.0,30.0,0,0.0,0,74226889.0,26843700441.5482,0,0,0,0
VNM,1998,6.14121440264586,6.14121440264586,24.02683576449846,8.289780053288402,5.76445545848843,97.0012485118429,7.26619804400963,22.220122230091828,-0.454216399999999,0,0.0,30.0,0,0.0,0,75299660.0,27209602050.0452,0,1,1,0
VNM,1999,4.92266345680124,4.92266345680124,24.07959342497163,8.32337872471834,4.77358688344989,102.787406603958,4.11710235771736,22.27892307360074,,0,0.0,30.0,0,0.0,0,76287452.0,28683659006.7752,0,0,0,0
VNM,2000,4.16392407955693,4.16392407955693,24.16280272320508,8.377752599530842,6.78731640463151,111.417094419512,-1.71033727851111,22.32680635830461,-0.6960312,0,0.0,30.0,0,0.0,0,77154011.0,31172518403.3162,0,1,1,0
VNM,2001,3.97733545270572,3.97733545270572,24.210188176555093,8.427327227408735,6.19289331233377,111.955937998525,-0.43154451172818,22.30559334517596,,0,0.0,30.0,0,0.0,0,77969361.0,32685198808.5549,0,0,0,0
VNM,2002,3.99268705133996,3.99268705133996,24.280443808866128,8.478373672100497,6.32082099160833,116.696868652499,3.83082838168468,22.346424050987405,-0.714355299999999,0,0.0,30.0,0,0.0,0,78772224.0,35064105500.8344,0,1,1,0
VNM,2003,3.66601229989583,3.66601229989583,24.400895074828032,8.535090064444974,6.89906349055258,124.327954439125,3.23464817293925,22.4611112659689,-0.6782287,0,0.0,30.0,0,0.0,0,79563777.0,39552513231.9169,0,1,1,0
VNM,2004,3.54408107288199,3.54408107288199,24.53939129335432,8.598053477696583,7.53641060890386,133.016497868747,7.75494748709606,22.58350019767216,-0.649871499999999,0,0.0,30.0,0,0.0,0,80338971.0,45427854693.2554,0,1,1,0
VNM,2005,3.39040363930871,3.39040363930871,24.77736559460804,8.66152953256431,7.54724772895918,130.714846045026,8.28457243128667,22.66637348739028,-0.4528703,0,0.0,30.0,0,0.0,0,81088313.0,57633255738.1992,0,1,1,0
VNM,2006,3.61600090432522,3.61600090432522,24.918536067668565,8.715756296365093,6.97795481056711,138.313621869598,7.41801715108469,22.75555300478133,-0.4177643,0,0.0,30.0,0,0.0,0,82167897.0,66371664817.0436,0,1,1,0
VNM,2007,8.65471771434805,8.65471771434805,25.07243897656177,8.766946550711666,7.12950448605439,154.605383996554,8.34444889773847,22.89176615927721,-0.4295851,0,0.0,30.0,0,0.0,0,83633375.0,77414425532.2452,0,1,1,0
VNM,2008,9.6630390545572,9.6630390545572,25.319701024666603,8.803744967471749,5.66177120891362,154.317479627758,23.1154483474477,23.00868833585185,-0.3687546,0,0.0,30.0,0,0.0,0,85175788.0,99130304099.1274,0,1,1,0
VNM,2009,7.16881988884276,7.16881988884276,25.38684321928126,8.84135259757194,5.39789754014181,134.706317721758,6.71698269988631,22.98758405458672,-0.3193011,0,0.0,30.0,0,0.0,0,86460018.0,106014659565.214,0,1,1,0
VNM,2010,5.4347392933443,5.4347392933443,25.7150660132976,8.892162405040983,6.42324482239482,113.977687539714,9.20746648778413,23.112451870137527,-0.3572817,0,0.0,30.0,0,0.0,0,87455152.0,147201173196.979,0,1,1,1
VNM,2011,4.30487434902161,4.30487434902161,25.874213931429573,8.942803215517136,6.41316889681683,125.260577940829,18.6777322770706,23.241223283697813,-0.340800899999999,0,0.0,30.0,0,0.0,0,88468314.0,172595049183.925,0,1,1,1
VNM,2012,4.27832287681174,4.27832287681174,25.99928984866932,8.984677185203456,5.5045447041189,123.224116745985,9.09470339557193,23.28473890493034,-0.3349164,0,0.0,30.0,0,0.0,0,89510356.0,195590661129.249,0,1,1,1
VNM,2013,4.16454517277325,4.16454517277325,26.08788023223209,9.02692205946555,5.55351081026072,130.846354866743,6.59267475899192,23.31680510559544,-0.321299699999999,0,0.0,30.0,0,0.0,0,90573104.0,213708811665.34,0,1,1,1
VNM,2014,3.94086189051961,3.94086189051961,26.176240053663825,9.07702413407208,6.42224312118567,135.410521454361,4.08455446637625,23.35154974962169,0.0813257999999999,0,0.0,30.0,0,0.0,0,91679578.0,233451469642.519,0,1,1,1
VNM,2015,4.93190773329022,4.93190773329022,26.20080967704661,9.132165181814536,6.98715430598611,144.914228195237,0.631200905175685,23.32185201783049,0.0996825,0,0.0,30.0,0,0.0,0,92823254.0,239258328381.741,0,1,1,1
VNM,2016,4.90089302916746,4.90089302916746,26.27271539753052,9.184323676046647,6.69000892660424,145.409507973118,2.66824816969082,23.34999324407364,0.0543506,0,0.0,30.0,0,0.0,0,94000117.0,257096001177.982,0,1,1,1
VNM,2017,5.01148721749681,5.01148721749681,26.36287809947327,9.23898115240388,6.94019037359206,160.98008365887,3.52025688811618,23.42057924492275,0.070354,0,0.0,30.0,0,0.0,0,95176977.0,281353605986.903,0,1,1,1
VNM,2018,4.99828319622328,4.99828319622328,26.46018155414275,9.29989710384579,7.46500685572751,164.663936775893,3.53962805942641,23.495939191379904,0.018463,0,0.0,30.0,0,0.0,0,96237319.0,310106478394.659,0,1,1,1
VNM,2019,4.821074861051,4.821074861051,26.53549985659328,9.361224056530803,7.35926270105006,164.704215031408,2.79582367452244,23.51821252291219,0.0409358,0,0.0,30.0,0,0.0,0,97173776.0,334365270496.667,0,1,1,1
VNM,2020,4.55836196782424,4.55836196782424,26.571482621557625,9.380200993506389,2.86541320912272,163.245862814935,3.22093436652515,23.50068511707211,0.0679668,0,0.0,30.0,0,0.0,0,98079191.0,346615738537.796,0,1,1,1
VNM,2021,4.27314566190187,4.27314566190187,26.62719546850876,9.396728813900122,2.55372852648131,186.675832836814,1.83471554810462,23.639983976402608,0.0482402,0,0.0,30.0,0,0.0,0,98935098.0,366474752771.009,0,1,1,1
VNM,2022,4.32947308910883,4.32947308910883,26.74779088959897,9.471146800444812,8.53750041218142,183.153619147836,3.15650749963112,23.66094905644792,-0.1033176,0,0.0,30.0,0,0.0,0,99680655.0,413445230668.578,0,1,1,1
VNM,2023,4.26458856546888,4.26458856546888,26.79586104637935,9.513019409497293,4.97865959483225,164.995585455876,3.25289282667662,23.685365878951067,-0.1794045,0,0.0,30.0,0,0.0,0,100352192.0,433805036898.465,0,1,1,1
VNM,2024,4.23450755062236,4.23450755062236,26.889365334402527,9.574734964195445,7.03955197123018,173.885260216071,3.62109273885844,23.720359154959592,-0.0922968,0,0.0,30.0,0,0.0,0,100987686.0,476324572783.807,0,1,1,1
XKX,1996,,,,,,,,,,0,0.0,30.0,0,0.0,0,2168753.0,,0,0,0,0
XKX,1997,,,,,,,,,,0,0.0,30.0,0,0.0,0,2197284.0,,0,0,0,0
XKX,1998,,,,,,,,,,0,0.0,30.0,0,0.0,0,2078964.0,,0,0,0,0
XKX,1999,,,,,,,,,,0,0.0,30.0,0,0.0,0,1871524.0,,0,0,0,0
XKX,2000,,,,,,,,,,0,0.0,30.0,0,0.0,0,1802493.0,,0,0,0,0
XKX,2001,,,,,,,,,,0,0.0,30.0,0,0.0,0,1820009.0,,0,0,0,0
XKX,2002,,,,,,,,,,0,0.0,30.0,0,0.0,0,1829462.0,,0,0,0,0
XKX,2003,,,,,,,-1.08481262327414,,,0,0.0,30.0,0,0.0,0,1826434.0,,0,0,0,0
XKX,2004,,,,,,,-1.06472696605525,,,0,0.0,30.0,0,0.0,0,1822773.0,,0,0,0,0
XKX,2005,,,,,,,-1.38518913159299,,,0,0.0,30.0,0,0.0,0,1818354.0,,0,0,0,0
XKX,2006,,,,,,,0.621646938601728,,-0.4671323,0,0.0,30.0,0,0.0,0,1813079.0,,0,0,0,0
XKX,2007,,,,,,,4.35849695328369,,-0.4501384,0,0.0,30.0,0,0.0,0,1807094.0,,0,0,0,0
XKX,2008,10.4549671966777,10.4549671966777,22.372490278486392,8.867625110840887,,76.7307430830911,9.35041764658178,,-0.3696506,0,0.0,30.0,0,0.0,0,1800858.0,5202943075.49453,0,0,0,0
XKX,2009,8.00567025856271,8.00567025856271,22.33983419562168,8.92018309183412,5.03485413839893,77.7553766977497,-2.41026401661229,,-0.357305999999999,0,0.0,30.0,0,0.0,0,1794681.0,5035779642.01679,0,0,0,0
XKX,2010,9.17015875370246,9.17015875370246,22.39923103402256,8.97171534852206,4.93995095961395,82.1774799739022,3.48050763735842,,-0.7120597,0,0.0,30.0,0,0.0,0,1788743.0,5343950626.16668,0,0,0,0
XKX,2011,8.44148570365304,8.44148570365304,22.57039922669784,9.031206076240233,6.31981022896761,86.1517494661872,7.3364177131527,,-0.622546199999999,0,0.0,30.0,0,0.0,0,1791949.0,6341614504.59145,0,0,0,0
XKX,2012,4.75526229642647,4.75526229642647,22.541907924005542,9.03974922336476,1.71219595890548,81.3639162574412,2.47673782156533,,-0.500329599999999,0,0.0,30.0,0,0.0,0,1807126.0,6163483291.08047,0,0,0,0
XKX,2013,5.51557792241123,5.51557792241123,22.630632273993424,9.085715125348528,5.34079911900278,75.1034836607029,1.76732428354892,,-0.548189399999999,0,0.0,30.0,0,0.0,0,1818119.0,6735327512.05178,0,0,0,0
XKX,2014,2.8255199046184,2.8255199046184,22.67974746535131,9.121591119166292,3.34880478431623,77.0760521643276,0.428957808324092,,-0.290095,0,0.0,30.0,0,0.0,0,1812788.0,7074392884.04507,0,0,0,0
XKX,2015,5.4536060723116,5.4536060723116,22.563155802868124,9.192684526767907,5.91623128345211,74.0204422546574,-0.536929392740659,,-0.339765999999999,0,0.0,30.0,0,0.0,0,1788274.0,6295845465.35898,0,0,0,0
XKX,2016,3.64804781540538,3.64804781540538,22.62278405321933,9.25291016549449,5.57177504731632,75.0188123077463,0.273169431045468,,-0.3482057,0,0.0,30.0,0,0.0,0,1777568.0,6682674062.9615,0,0,0,0
XKX,2017,3.99449173765269,3.99449173765269,22.69467227447985,9.292499933602487,4.82565565298054,80.4101373469745,1.48823430592319,,-0.3439391,0,0.0,30.0,0,0.0,0,1791019.0,7180768692.26354,0,0,0,0
XKX,2018,4.04305852511921,4.04305852511921,22.78743672496213,9.322617116937597,3.40663227056285,86.3150846710967,1.05379773654991,,-0.3269129,0,0.0,30.0,0,0.0,0,1797086.0,7878762812.20156,0,0,0,0
XKX,2019,3.6089905562178,3.6089905562178,22.790027919299988,9.373658998973376,4.75680057007834,85.7534085053482,2.67599202639893,,-0.3265902,0,0.0,30.0,0,0.0,0,1788891.0,7899204690.79214,0,0,0,0
XKX,2020,5.10214468008702,5.10214468008702,22.76895634869325,9.318073328213636,-5.34027547826166,75.6080171280001,0.198227922994854,,-0.3716021,0,0.0,30.0,0,0.0,0,1790151.0,7734497455.75411,0,0,0,0
XKX,2021,5.32217005283667,5.32217005283667,22.9652618841536,9.42241658708316,10.7456560819583,98.6384304855253,3.35369139207997,,-0.1579456,0,0.0,30.0,0,0.0,0,1786079.0,9412099545.05799,0,0,0,0
XKX,2022,8.15747473082072,8.15747473082072,22.960526308178387,9.474431048732182,4.27849895827543,110.012031619226,11.5805104542012,,-0.0237723,0,0.0,30.0,0,0.0,0,1768096.0,9367633202.54673,0,0,0,0
XKX,2023,8.68137839547735,8.68137839547735,23.07146976981951,9.563824442732056,4.06762701436438,109.951851577902,4.94432438791283,,0.0092567999999999,0,0.0,30.0,0,0.0,0,1682668.0,10466753839.9923,0,0,0,0
XKX,2024,7.67480496325567,7.67480496325567,23.13945085813063,9.662453195703524,4.5730971681166,113.789651964133,1.61944994559476,,-0.0612949999999999,0,0.0,30.0,0,0.0,0,1594353.0,11203038332.3359,0,0,0,0
YEM,1996,-0.925161426893741,-0.925161426893741,22.594477626628507,,4.63496731668951,85.9391074430978,30.7337332718043,22.26378004754882,-0.8408576,0,0.0,2.0,0,0.0,0,17313177.0,6496163615.66086,0,0,0,0
YEM,1997,-2.02535761463574,-2.02535761463574,22.645804784793054,,5.23111204040379,80.145988654048,2.17672667372646,22.251293298131912,,0,0.0,3.0,0,0.0,0,17873936.0,6838298530.54911,0,0,0,0
YEM,1998,-3.47032437981897,-3.47032437981897,22.567329220987983,,6.00669459871877,72.6619985473237,5.9765085214186,22.243000279337824,-1.11557479999999,0,0.0,4.0,0,0.0,0,18446013.0,6322175565.94651,0,0,0,0
YEM,1999,-4.02653360193704,-4.02653360193704,22.756575124167885,,3.77553049612634,72.0039277408966,8.66021949364346,22.26508239506443,,0,0.0,5.0,0,0.0,0,19029420.0,7639325295.88287,0,0,0,0
YEM,2000,0.066115307019514,0.066115307019514,22.99325715415158,,6.1819155928913,75.4388386390908,4.58999999999981,22.289412007343145,-1.1141214,0,0.0,6.0,0,0.0,0,19624141.0,9679316770.18633,0,0,0,0
YEM,2001,1.57455746010621,1.57455746010621,23.011040869699592,,3.80364587188127,70.8923979770182,11.9115912929855,22.28359648932101,,0,0.0,7.0,0,0.0,0,20226147.0,9852990692.98714,0,0,0,0
YEM,2002,1.06889926368752,1.06889926368752,23.09289541896597,,3.9352315052778,74.7304558609206,12.2385339389711,22.33311298904406,-1.2300935,0,6.78105762593618,8.0,0,880.0,0,20835086.0,10693430511.4664,0,0,0,0
YEM,2003,-0.756584613746177,-0.756584613746177,23.18945954179295,,3.74739818489111,74.3826165968098,10.8323607023242,22.4717910275673,-1.23510909999999,0,0.0,9.0,0,0.0,0,21456379.0,11777532662.0499,0,0,0,0
YEM,2004,1.03534601615477,1.03534601615477,23.35282349951517,,3.972696401183,71.8466740069203,12.5150951495207,22.60841053647377,-1.20620329999999,0,0.0,10.0,0,0.0,0,22095167.0,13867634371.4773,0,0,0,0
YEM,2005,-1.80531053584597,-1.80531053584597,23.5405629947326,,5.59174807563268,76.773285677642,11.8112639374949,22.70055232142059,-1.0249781,0,0.0,11.0,0,0.0,0,22790085.0,16731566717.1888,0,0,0,0
YEM,2006,5.88029989730047,5.88029989730047,23.67102264129443,,3.17040935922364,82.0761626564135,10.8447986914257,22.79507169087235,-0.8222087,0,0.0,12.0,0,0.0,0,23543083.0,19063143369.858,0,0,0,0
YEM,2007,4.23684804102557,4.23684804102557,23.79829571022348,,3.33842795605096,79.1234205876059,7.9051177898873,22.93578782175356,-0.8121396,0,0.0,13.0,0,0.0,0,24318082.0,21650528674.0933,0,0,0,0
YEM,2008,5.7769623200871,5.7769623200871,24.01579560375433,,3.64756947012633,81.244718850294,18.9762574318076,23.050689880644857,-0.8114389,0,5.783825182329737,0.0,1,324.0,1,25111941.0,26910855807.288,0,0,0,0
YEM,2009,0.51412085018398,0.51412085018398,23.947339259374075,,3.86622951587742,68.0713910145084,5.40776098077522,22.980158495050727,-1.0025363,1,7.254177846456518,0.0,1,1413.0,2,25927724.0,25130278212.5575,0,0,0,0
YEM,2010,0.610357927076417,0.610357927076417,24.15424042849325,,7.70128607527964,64.3856367797178,11.1748338605044,23.07621369828127,-1.0335936,0,6.57507584059962,0.0,1,716.0,1,26754387.0,30906749533.221,0,0,0,0
YEM,2011,-1.58233916831705,-1.58233916831705,24.211448474874555,,-12.7148969035133,63.0594579549043,19.5435617131144,23.19818905565412,-1.1690203,1,7.438383530044307,0.0,1,1699.0,2,27582897.0,32726417878.391,0,0,0,0
YEM,2012,-0.0402221829314871,-0.0402221829314871,24.290015272468832,,2.39299021364694,61.3616371825683,9.88538714484871,23.21928660347441,-1.1932888,1,7.804251383528112,0.0,1,2450.0,2,28433647.0,35401331609.5916,0,0,0,0
YEM,2013,-0.330496410064222,-0.330496410064222,24.422472616094176,,4.82351908493912,52.5118781367089,10.9684421500198,23.24902266812494,-1.1173743,0,6.368187186350492,0.0,1,582.0,1,29312952.0,40415233436.1767,0,0,0,0
YEM,2014,-0.539237328374498,-0.539237328374498,24.48976781062432,,-0.188690241954504,48.2430405122774,8.10472583623915,23.27469747922493,-1.4175217,1,7.526178913346146,0.0,1,1855.0,2,30226309.0,43228585321.3272,0,0,0,0
YEM,2015,-0.0363882528160336,-0.0363882528160336,24.471462943254668,,-27.9945462502541,30.3676590844637,,23.19650326295839,-1.5567828,1,8.967376693212666,0.0,1,7842.0,2,31159379.0,42444490073.8555,0,0,0,0
YEM,2016,-1.79131212045889,-1.79131212045889,24.167453269967016,,-9.37512379736752,31.0815442908559,,23.211189963706108,-1.647243,1,8.09437844497296,0.0,1,3275.0,2,32109010.0,31317825274.1507,0,0,0,0
YEM,2017,-1.00531889341895,-1.00531889341895,24.013242194952632,,-5.07179568062152,42.9699046721967,,23.27650637527009,-1.7355866,1,8.082093278178382,0.0,1,3235.0,2,33090921.0,26842229044.5848,0,0,0,0
YEM,2018,-1.30563839823089,-1.30563839823089,23.79624432685132,,0.752447592962554,56.0778227215077,,23.343289505881017,-1.93574269999999,1,8.456806041401142,0.0,1,4706.0,2,34085182.0,21606160663.0318,0,0,0,0
YEM,2019,,,,,,,,23.35714570000552,-1.9649799,1,7.87777633327726,0.0,1,2637.0,2,35111408.0,,0,0,0,0
YEM,2020,,,,,,,,23.316666891987783,-2.0039308,1,8.818038250394299,0.0,1,6754.0,2,36134863.0,,0,0,0,0
YEM,2021,,,,,,,,23.46094465492065,-1.9786346,1,10.058823244245096,0.0,1,23360.0,2,37140230.0,,0,0,0,0
YEM,2022,,,,,,,,23.51421554067984,-1.79929299999999,1,7.998671361015776,0.0,1,2976.0,2,38222876.0,,0,0,0,0
YEM,2023,,,,,,,,23.547849740486058,-1.8878464,0,6.695798917058491,0.0,1,808.0,1,39390799.0,,0,0,0,0
YEM,2024,,,,,,,,23.589795656322444,-1.87279819999999,0,10.021492785727034,0.0,1,22504.0,1,40583164.0,,0,0,0,0
ZAF,1996,0.500131495666207,0.500131495666207,25.81845626013829,9.270857727740063,4.29999999726792,42.199251732528,7.35411972085333,21.82057948567152,0.615701,0,0.0,30.0,0,0.0,0,45123018.0,163234925380.563,0,1,1,0
ZAF,1997,2.25505250994968,2.25505250994968,25.853034705142303,9.284545578775866,2.60000000146347,42.3013344291831,8.59777611252274,21.81333384740718,,0,0.0,30.0,0,0.0,0,45666838.0,168978057327.73,0,0,0,0
ZAF,1998,0.359738435986599,0.359738435986599,25.7535925401101,9.277408961601584,0.50000000034143,44.0357453368965,6.88054521037351,21.808458531454864,0.3061487,0,0.0,30.0,0,0.0,0,46223880.0,152982984557.233,0,1,1,0
ZAF,1999,0.992187596290552,0.992187596290552,25.743963383543505,9.29022851033172,2.39999999746338,42.2582960172673,5.18148905111697,21.822434055707543,,0,0.0,30.0,0,0.0,0,46730335.0,151516957078.536,0,0,0,0
ZAF,2000,0.638427514423676,0.638427514423676,25.74551843617933,9.32222386198626,4.20000000067826,46.2207217354077,5.33895913599828,21.84744263397443,0.4728977,0,0.0,30.0,0,0.0,0,47159719.0,151752757215.309,0,1,1,0
ZAF,2001,5.36834529785161,5.36834529785161,25.631720043955884,9.340270871252468,2.70000000019104,49.170945185829,5.70189483049608,21.841632882695663,,0,0.0,30.0,0,0.0,0,47566800.0,135429905922.526,0,0,0,0
ZAF,2002,1.14635726911695,1.14635726911695,25.58375674450256,9.367136041546445,3.70037440406668,53.4655016294369,9.494713780996,21.88381405924623,0.4291216,0,0.0,30.0,0,0.0,0,48019415.0,129087556612.449,0,1,1,0
ZAF,2003,0.397492744432543,0.397492744432543,26.006565831653205,9.386234743708616,2.94907546754213,45.723862568979,5.67942414068799,22.011518306703817,0.4573859,0,0.0,30.0,0,0.0,0,48500348.0,197018965308.697,0,1,1,0
ZAF,2004,0.274199790569949,0.274199790569949,26.26768873352384,9.420699369277637,4.55455990721774,45.6435752240041,-0.692039437857687,22.140431879656354,0.4701653,0,0.0,30.0,0,0.0,0,48991421.0,255806908594.573,0,1,1,0
ZAF,2005,2.25781874505445,2.25781874505445,26.389232963409206,9.461998554082305,5.27705197295467,47.4277813970329,2.06285308223427,22.22687983920356,0.4932407,0,0.0,30.0,0,0.0,0,49490033.0,288867217196.534,0,1,1,0
ZAF,2006,0.205125538574008,0.205125538574008,26.43982854658849,9.50630553566016,5.60380645895889,53.7681412741145,3.2439076541923,22.316770115236235,0.382498,0,0.0,30.0,0,0.0,0,49998277.0,303858675363.643,0,1,1,0
ZAF,2007,1.97755772219349,1.97755772219349,26.531639883459967,9.54797225534987,5.36047405394162,57.125139137747,6.17781214809388,22.44900090240117,0.3321647,0,0.0,30.0,0,0.0,0,50528584.0,333077117253.684,0,1,1,0
ZAF,2008,3.12686614310453,3.12686614310453,26.47942333965692,9.567853179427653,3.1910438863288,65.9745237996233,9.90998456005467,22.554564090694274,0.3051168,0,0.0,30.0,0,0.0,0,51114599.0,316131258616.309,0,1,1,0
ZAF,2009,2.31217470344994,2.31217470344994,26.521612942788344,9.54041373003903,-1.53808913525583,49.5875353278801,7.23809523809527,22.4948293541044,0.3762598,0,0.0,30.0,0,0.0,0,51728516.0,329754060647.129,0,1,1,0
ZAF,2010,0.884904611686012,0.884904611686012,26.757224155101333,9.55852911832257,3.03973288127956,50.4060871625999,4.06749555950263,22.5903525130602,0.2719786,0,0.0,30.0,0,0.0,0,52344051.0,417363822801.713,0,1,1,1
ZAF,2011,0.903381424332556,0.903381424332556,26.8505705044572,9.577359905861847,3.16855627858818,54.6363504358971,5.0008533879502,22.70357721847714,0.3051973,0,0.0,30.0,0,0.0,0,52995205.0,458199494830.834,0,1,1,1
ZAF,2012,1.06492249485696,1.06492249485696,26.79723286036694,9.58629169524459,2.39623238465745,55.5826171933345,5.73797139141739,22.72237695769037,0.3162949,0,0.0,30.0,0,0.0,0,53782567.0,434400545085.811,0,1,1,1
ZAF,2013,2.05358095229684,2.05358095229684,26.71694296847213,9.594316002304607,2.48546800826588,58.875027630051,5.78016910069176,22.752867519134576,0.3334887,0,0.0,30.0,0,0.0,0,54678791.0,400886013595.573,0,1,1,1
ZAF,2014,1.51932743753979,1.51932743753979,26.66658704381153,9.591740799653367,1.41382645223793,59.4995740550593,6.13282953059149,22.77875646475038,0.331414,0,0.0,30.0,0,0.0,0,55594838.0,381198869776.106,0,1,1,1
ZAF,2015,0.438735792056356,0.438735792056356,26.57175392823078,9.584773934368854,1.32186223678229,56.7266761447156,4.51869094892506,22.705926322726764,0.2444848,0,0.0,30.0,0,0.0,0,56723537.0,346709790458.563,0,1,1,1
ZAF,2016,0.684612553455795,0.684612553455795,26.50272924261914,9.581992254324383,0.664552307858116,55.8612575048782,6.60290842394872,22.71729621144974,0.2013163,0,0.0,30.0,0,0.0,0,57259551.0,323585509674.481,0,1,1,1
ZAF,2017,0.539673956759456,0.539673956759456,26.66724251000228,9.586966820246031,1.15794695181735,53.5359318293741,5.18618655524149,22.785693224229146,0.2227717,0,0.0,30.0,0,0.0,0,57635162.0,381448814653.456,0,1,1,1
ZAF,2018,1.3742911715346,1.3742911715346,26.727796459624205,9.585591023875546,1.55678384721676,54.4855451276341,4.50987264867388,22.844202860396425,0.148105,0,0.0,30.0,0,0.0,0,58613001.0,405260723892.517,0,1,1,1
ZAF,2019,1.31407752293306,1.31407752293306,26.687693232754505,9.571691257609244,0.25993557687633,53.8979964081406,4.10285075461156,22.85988845191972,0.1893815,0,0.0,30.0,0,0.0,0,59587885.0,389330032224.269,0,1,1,1
ZAF,2020,0.933073684352391,0.933073684352391,26.546236745618152,9.491795597250508,-6.1689177146757,50.7596590804177,3.23238831615113,22.823731480536097,0.0953251,0,0.0,30.0,0,0.0,0,60562381.0,337974655408.055,0,1,1,1
ZAF,2021,9.68098022663018,9.68098022663018,26.763487891441475,9.523833076763326,4.85864865060148,56.1647136277546,4.61874544887136,22.959340445030723,0.0420935,0,0.0,30.0,0,0.0,0,61502603.0,419986284375.368,0,1,1,1
ZAF,2022,2.26670277731613,2.26670277731613,26.7335424303673,9.530065785726665,2.05813661692193,64.94713440234,7.03987272546482,23.00456620050301,-0.0015597,0,0.0,30.0,0,0.0,0,62378410.0,407596043067.885,0,1,1,1
ZAF,2023,1.0127377916456,1.0127377916456,26.667221300739843,9.524813505155224,0.80610455095804,65.6798759740707,6.0752438457966,23.04397330986556,-0.18467,0,0.0,30.0,0,0.0,0,63212384.0,381440724491.232,0,1,1,1
ZAF,2024,0.580891709673066,0.580891709673066,26.71758879084844,9.51765254578356,0.534843531905139,61.646770473025,4.36115246518962,23.081700143582715,-0.2259135,0,0.0,30.0,0,0.0,0,64007187.0,401144998373.585,0,1,1,1
ZMB,1996,3.53328309110399,3.53328309110399,22.00342742929784,7.694937121333799,6.21854648894293,63.8214821755312,43.0730979982882,21.97722455671457,-1.3490638,0,0.0,30.0,0,0.0,0,9004053.0,3597220962.00017,0,1,1,0
ZMB,1997,4.81956998648727,4.81956998648727,22.182645330086856,7.706818675275807,3.81400749718355,58.272862622336,24.4187215689412,21.968999521840534,,0,0.0,30.0,0,0.0,0,9237063.0,4303288479.7086,0,0,0,0
ZMB,1998,5.59679036097289,5.59679036097289,21.98675449104521,7.676739440157286,-0.38574614579035,56.2503070199594,24.4584563516656,21.96261410858932,-1.3532658,0,0.0,30.0,0,0.0,0,9482408.0,3537741941.89367,0,1,1,0
ZMB,1999,4.7587086630329,4.7587086630329,21.94830073702581,7.69538917766146,4.6501897463741,59.7675342029156,26.7876966790029,21.97431704042493,,0,0.0,30.0,0,0.0,0,9740005.0,3404284890.5306,0,0,0,0
ZMB,2000,3.37996207983055,3.37996207983055,22.004375253498896,7.705517114186855,3.89732294341896,60.3874689884965,26.0304117888121,21.99550726853148,-1.3518124,0,0.0,30.0,0,0.0,0,10017631.0,3600632111.41414,0,1,1,0
ZMB,2001,3.54138670780308,3.54138670780308,22.132896110563507,7.727081111242188,5.31686827418419,64.668282708979,21.3937821792546,21.98842566927029,,0,0.0,30.0,0,0.0,0,10325185.0,4094441301.21423,0,0,0,0
ZMB,2002,7.11494136195091,7.11494136195091,22.15688510961683,7.740374312837272,4.50601428032604,64.9164969990648,22.2333446430947,22.03341386649036,-1.0635366,0,0.0,30.0,0,0.0,0,10647949.0,4193850445.42632,0,1,1,0
ZMB,2003,7.07893144253237,7.07893144253237,22.312882553780096,7.776483062661772,6.94497398221223,62.3128446757629,21.4015783901995,22.170922990255143,-1.2111566,0,0.0,30.0,0,0.0,0,10983595.0,4901869764.05957,0,1,1,0
ZMB,2004,5.85168864010044,5.85168864010044,22.551214219643583,7.812669840224428,7.03239511515218,70.8130749317722,17.9677891087286,22.3049799805426,-1.0241145,0,0.0,30.0,0,0.0,0,11338198.0,6221110219.45542,0,1,1,0
ZMB,2005,4.28403218909524,4.28403218909524,22.84335377802856,7.84950929602532,7.23559900655543,62.200282191364,18.324439701174,22.392422411724645,-0.922212599999999,0,0.0,30.0,0,0.0,0,11718819.0,8331870169.14977,0,1,1,0
ZMB,2006,4.82712872237458,4.82712872237458,23.269334916790864,7.8911293609002335,7.90369444480079,57.8568188739027,9.01957247226486,22.48168281827986,-0.962110599999999,0,0.0,30.0,0,0.0,0,12129553.0,12756858899.2812,0,1,1,0
ZMB,2007,9.41811167277731,9.41811167277731,23.366383339767832,7.936071323291205,8.35243624447406,65.7714586909068,10.6573496000153,22.61492698817916,-0.889134499999999,0,0.0,30.0,0,0.0,0,12565085.0,14056957976.2648,0,1,1,0
ZMB,2008,5.24050811284723,5.24050811284723,23.60867299368476,7.975270227085322,7.77389581542363,59.4548891205874,12.4455793463192,22.717707852614147,-0.8077746,0,0.0,30.0,0,0.0,0,13021324.0,17910858637.9048,0,1,1,0
ZMB,2009,4.53277977632725,4.53277977632725,23.45296938986433,8.028078243101486,9.2203484058663,56.1213809555165,13.3952546325895,22.658802287201564,-0.701066699999999,0,0.0,30.0,0,0.0,0,13490389.0,15328342303.9575,0,1,1,0
ZMB,2010,8.53319643791576,8.53319643791576,23.732188705027266,8.091476648151826,10.2982233241213,67.9009190299719,8.50176133365265,22.754903760509485,-0.7193465,0,0.0,30.0,0,0.0,0,13965594.0,20265559483.8548,0,1,1,1
ZMB,2011,4.72516156867912,4.72516156867912,23.8785420182182,8.11242086178361,5.56925219263019,72.7954324384283,6.4293968107234,22.86761338042964,-0.5109032,0,0.0,30.0,0,0.0,0,14437796.0,23459515275.5776,0,1,1,1
ZMB,2012,6.78938124085044,6.78938124085044,23.962064298381,8.153220980913499,7.59738104901994,75.367709855907,6.57589970757698,22.8837024375579,-0.5002823,0,0.0,30.0,0,0.0,0,14913629.0,25503060420.026,0,1,1,1
ZMB,2013,7.48932505567266,7.48932505567266,24.056799444291755,8.170532081386854,5.05753695047252,80.4562410213373,6.97767605490307,22.91238004392088,-0.531229899999999,0,0.0,30.0,0,0.0,0,15398997.0,28037239462.7142,0,1,1,1
ZMB,2014,5.55542791808588,5.55542791808588,24.024312204646503,8.184674823763034,4.69328316376705,76.1934997276313,7.80687553566333,22.93742663474203,-0.4462427,0,0.0,30.0,0,0.0,0,15895315.0,27141023558.0829,0,1,1,1
ZMB,2015,7.44741668984243,7.44741668984243,23.77967999179636,8.182258897090815,2.92037511217961,79.8652687573958,10.1105928909618,22.86165228362133,-0.529713,0,0.0,30.0,0,0.0,0,16399089.0,21251216798.7762,0,1,1,1
ZMB,2016,3.16251974813899,3.16251974813899,23.76580595585493,8.188181123276202,3.75510031678988,73.958561254616,17.8697300795268,22.869911556033102,-0.5286172,0,0.0,30.0,0,0.0,0,16914423.0,20958412538.3093,0,1,1,1
ZMB,2017,4.28050117059574,4.28050117059574,23.97648902951852,8.192156986854178,3.52586277149926,71.5856946542566,6.57731154205644,22.9421023900159,-0.463275899999999,0,0.0,30.0,0,0.0,0,17441320.0,25873601260.8353,0,1,1,1
ZMB,2018,1.55231886738395,1.55231886738395,23.99327221936084,8.20164913092206,4.03449389667165,74.8883695274665,7.4945719272852,23.0007781125408,-0.5019925,0,0.0,30.0,0,0.0,0,17973569.0,26311507273.6735,0,1,1,1
ZMB,2019,2.3509190433173,2.3509190433173,23.87209113611826,8.186343093784794,1.44130602603785,68.791204936096,9.15031644316296,23.016131780551014,-0.6197185,0,0.0,30.0,0,0.0,0,18513839.0,23308667781.2258,0,1,1,1
ZMB,2020,1.35190577412928,1.35190577412928,23.621262061839893,8.129055712545618,-2.78505506545167,79.2068494095955,15.7330604721369,22.97837370194477,-0.7343493,0,0.0,30.0,0,0.0,0,19059395.0,18137764930.651,0,1,1,1
ZMB,2021,1.78407846118257,1.78407846118257,23.81868130255232,8.161384990085791,6.23492204726448,86.2085111934645,22.0207676245777,23.11616502353008,-0.7266708,0,0.0,30.0,0,0.0,0,19603607.0,22096416932.0089,0,1,1,1
ZMB,2022,-0.223286755156161,-0.223286755156161,24.09619343871065,8.184548282658897,5.21122360356247,69.2973154193203,10.9932039209136,23.159544310650748,-0.5899419,0,0.0,30.0,0,0.0,0,20152938.0,29163782140.4858,0,1,0,0
ZMB,2023,2.32465335614826,2.32465335614826,24.04028261197774,8.208895863157027,5.36794285493059,78.2418870451485,10.884531691282,23.195086873112363,-0.5628206,0,0.0,30.0,0,0.0,0,20723965.0,27577956471.244,0,1,1,1
ZMB,2024,9.32437789659637,9.32437789659637,23.95419612761056,8.218266546511444,3.82004825518591,62.5348874064443,14.9856262747939,23.233463213957307,-0.5330555,0,0.0,30.0,0,0.0,0,21314956.0,25303185342.2511,0,1,1,1
ZWE,1996,0.945369558866491,0.945369558866491,22.87007392836861,8.77557850807372,10.3607384594087,72.068361086766,,21.94204786047574,-0.0112993,0,0.0,30.0,0,0.0,0,11158360.0,8557500000.0,0,0,0,0
ZWE,1997,1.58307944691821,1.58307944691821,22.86732402171221,8.783256899289452,2.68054632259202,82.2035387860323,,21.93514433276125,,0,0.0,30.0,0,0.0,0,11369827.0,8534000000.0,0,0,0,0
ZWE,1998,6.93649740447289,6.93649740447289,22.580383803539625,8.792151194670794,2.88529516415583,88.5133289098786,,21.92699339848524,-0.2953075,0,0.0,30.0,0,0.0,0,11594297.0,6405250000.0,0,0,0,0
ZWE,1999,0.859870290752751,0.859870290752751,22.649191913673963,8.767755266614659,-0.817895267295725,70.9210813961962,,21.9400242415887,,0,0.0,30.0,0,0.0,0,11783458.0,6861500000.0,0,0,0,0
ZWE,2000,0.346617861278153,0.346617861278153,22.624365392825123,8.72751256486806,-3.05911780575599,74.0708923168864,,21.962484688385864,-0.777713299999999,0,0.0,30.0,0,0.0,0,11892055.0,6693250000.0,0,0,0,0
ZWE,2001,0.0560409984146296,0.0560409984146296,22.63735355224986,8.735113320276946,1.43951727721958,67.8980938686723,,21.953840070783222,,0,0.0,30.0,0,0.0,0,11971901.0,6780750000.0,0,0,0,0
ZWE,2002,0.408179346755447,0.408179346755447,22.57097233843979,8.632344459202605,-8.89401285792752,66.8098183680706,,21.99709035189789,-0.851579699999999,0,0.0,30.0,0,0.0,0,12087653.0,6345250000.0,0,0,0,0
ZWE,2003,0.0663118401535643,0.0663118401535643,22.469068623901027,8.434176880629837,-16.9950733355763,70.4519675420993,,22.137106294298,-0.9477376,0,0.0,30.0,0,0.0,0,12232323.0,5730500000.0,0,0,0,0
ZWE,2004,0.149780494103469,0.149780494103469,22.482588198917803,8.363486347840585,-5.80753964196205,76.0394249806318,,22.272723640882933,-0.9672447,0,0.0,30.0,0,0.0,0,12365896.0,5808500000.0,0,0,0,0
ZWE,2005,1.78526462032736,1.78526462032736,22.473899446047287,8.29521940141753,-5.71112541241364,76.043068640646,,22.361177828427657,-1.28712769999999,0,0.0,30.0,0,0.0,0,12483432.0,5758250000.0,0,0,0,0
ZWE,2006,0.734382888878689,0.734382888878689,22.41828493747072,8.2478093396962,-3.46140290336963,82.8200302932942,,22.450794369585417,-1.4271357,0,0.0,30.0,0,0.0,0,12636445.0,5446750000.0,0,0,0,0
ZWE,2007,1.30128901270126,1.30128901270126,22.389981600531986,8.19741575454431,-3.653250914872,84.1682798999008,,22.58310433832037,-1.3401672,0,0.0,30.0,0,0.0,0,12804058.0,5294750000.0,0,0,0,0
ZWE,2008,1.16794929832503,1.16794929832503,22.208952941944336,7.990953417403106,-17.6689987958491,109.523540063377,,22.68468855062536,-1.58722189999999,0,0.0,30.0,0,0.0,0,12959149.0,4418000000.0,0,0,0,0
ZWE,2009,1.08574826151022,1.08574826151022,22.99237170286629,8.101504425474342,13.2720546167979,61.7764909650234,,22.626557491577703,-1.5538378,0,0.0,30.0,0,0.0,0,13142790.0,9670750000.0,0,0,0,0
ZWE,2010,1.01750672670554,1.01750672670554,23.21214375745665,8.264983949298474,19.6754077019323,83.1234047851259,3.02267002518892,22.726394855905426,-1.4654938,0,0.0,30.0,0,0.0,0,13356548.0,12047750000.0,0,1,1,1
ZWE,2011,2.44028634205117,2.44028634205117,23.37007872857744,8.379985267309088,14.1939156801139,89.4659437238642,3.4661297281749,22.839369608101208,-1.3735719,0,0.0,30.0,0,0.0,0,13595424.0,14109000000.0,0,1,1,1
ZWE,2012,2.04309866557655,2.04309866557655,23.56371762601749,8.517894692101224,16.6654290410337,74.1627003825153,3.72532666110646,22.8548617202728,-1.3576116,0,0.0,30.0,0,0.0,0,13817887.0,17123500000.0,0,1,1,1
ZWE,2013,1.95306467023546,1.95306467023546,23.67299343824377,8.523515014169913,1.98948554025198,58.6560737143829,1.63495041543822,22.8818486792086,-1.29749619999999,0,0.0,30.0,0,0.0,0,14013808.0,19100750000.0,0,1,1,1
ZWE,2014,2.42393171156853,2.42393171156853,23.69396231402918,8.533289825154847,2.37698561663417,54.6717592473918,-0.19778481012661,22.90567128177954,-1.2009532,0,0.0,30.0,0,0.0,0,14207359.0,19505500000.0,0,1,1,1
ZWE,2015,1.99867322543902,1.99867322543902,23.71765971524892,8.537532228813346,1.77985356392176,56.7496526604333,-2.43096842383404,22.83017155398279,-0.9412802,0,0.0,30.0,0,0.0,0,14399013.0,19973250000.0,0,1,1,1
ZWE,2016,1.66841598492163,1.66841598492163,23.746576798268794,8.531179748332836,0.75579405855224,51.2190376594477,-1.54366960054161,22.838309348408536,-0.9135411,0,0.0,30.0,0,0.0,0,14600294.0,20559250000.0,0,1,1,1
ZWE,2017,0.601908067055593,0.601908067055593,24.655790389497163,8.563008752558341,4.73441117758482,55.028317831061,0.893962316050027,22.90708473449648,-0.958432699999999,0,0.0,30.0,0,0.0,0,14812482.0,51035657370.5179,0,1,1,1
ZWE,2018,1.21217684971106,1.21217684971106,24.25378437171124,8.597019239365107,5.00992154297603,54.55031658746,10.6188658669575,22.968825921476668,-1.0473123,0,0.0,30.0,0,0.0,0,15034452.0,34141666666.6667,0,1,1,1
ZWE,2019,0.748407181444125,0.748407181444125,24.23064237568872,8.515965532007124,-6.33244976028571,36.5178684980287,255.304990757856,22.98296393540344,-1.1049584,0,0.0,30.0,0,0.0,0,15271368.0,33360632553.3556,0,1,1,1
ZWE,2020,0.470490704047012,0.470490704047012,24.188368840903404,8.417978085584963,-7.81695060188729,31.8225698755474,557.201817362051,22.9436808282928,-1.1252829,0,0.0,30.0,0,0.0,0,15526888.0,31979753644.6558,0,1,1,1
ZWE,2021,0.575182174042167,0.575182174042167,24.443834165889093,8.482003141360856,8.46801676808001,34.9401169482991,98.5461050920624,23.081866870089257,-1.0994958,0,0.0,30.0,0,0.0,0,15797210.0,41287852523.5016,0,1,1,1
ZWE,2022,0.826253561026726,0.826253561026726,24.430907801850825,8.524522898823987,6.13926327570213,43.6150764298492,104.705170628667,23.125438547460792,-1.09976269999999,0,0.0,30.0,0,0.0,0,16069056.0,40757585308.5016,0,1,1,1
ZWE,2023,1.6843211517412,1.6843211517412,24.30321678723609,8.559878140623397,5.3508687909833,40.2912612046942,,23.160930536434496,-0.988479599999999,0,0.0,30.0,0,0.0,0,16340822.0,35871781303.429,0,0,0,0
ZWE,2024,1.12093172517355,1.12093172517355,24.449488662105207,8.558699282617862,1.67649454921512,41.5039527238816,,23.19846624916697,-0.9876299,0,0.0,30.0,0,0.0,0,16634373.0,41521975830.2351,0,0,0,0
